ISO-10303-21;
HEADER;
FILE_DESCRIPTION(('FreeCAD Model'),'2;1');
FILE_NAME('Open CASCADE Shape Model','2025-10-12T23:35:10',(''),(''),
  'Open CASCADE STEP processor 7.9','FreeCAD','Unknown');
FILE_SCHEMA(('AUTOMOTIVE_DESIGN { 1 0 10303 214 1 1 1 1 }'));
ENDSEC;
DATA;
#1 = APPLICATION_PROTOCOL_DEFINITION('international standard',
  'automotive_design',2000,#2);
#2 = APPLICATION_CONTEXT(
  'core data for automotive mechanical design processes');
#3 = SHAPE_DEFINITION_REPRESENTATION(#4,#10);
#4 = PRODUCT_DEFINITION_SHAPE('','',#5);
#5 = PRODUCT_DEFINITION('design','',#6,#9);
#6 = PRODUCT_DEFINITION_FORMATION('','',#7);
#7 = PRODUCT('Assembly','Assembly','',(#8));
#8 = PRODUCT_CONTEXT('',#2,'mechanical');
#9 = PRODUCT_DEFINITION_CONTEXT('part definition',#2,'design');
#10 = SHAPE_REPRESENTATION('',(#11,#15,#19,#23),#27);
#11 = AXIS2_PLACEMENT_3D('',#12,#13,#14);
#12 = CARTESIAN_POINT('',(0.,0.,0.));
#13 = DIRECTION('',(0.,0.,1.));
#14 = DIRECTION('',(1.,0.,-0.));
#15 = AXIS2_PLACEMENT_3D('',#16,#17,#18);
#16 = CARTESIAN_POINT('',(0.,0.,0.));
#17 = DIRECTION('',(0.,0.,1.));
#18 = DIRECTION('',(1.,0.,0.));
#19 = AXIS2_PLACEMENT_3D('',#20,#21,#22);
#20 = CARTESIAN_POINT('',(0.667361638741,38.12496533175,-27.45615134458)
  );
#21 = DIRECTION('',(0.,0.,1.));
#22 = DIRECTION('',(1.,0.,0.));
#23 = AXIS2_PLACEMENT_3D('',#24,#25,#26);
#24 = CARTESIAN_POINT('',(0.121265218453,38.388292119698,26.932801292138
    ));
#25 = DIRECTION('',(0.,0.,1.));
#26 = DIRECTION('',(1.,0.,0.));
#27 = ( GEOMETRIC_REPRESENTATION_CONTEXT(3) 
GLOBAL_UNCERTAINTY_ASSIGNED_CONTEXT((#31)) GLOBAL_UNIT_ASSIGNED_CONTEXT(
(#28,#29,#30)) REPRESENTATION_CONTEXT('Context #1',
  '3D Context with UNIT and UNCERTAINTY') );
#28 = ( LENGTH_UNIT() NAMED_UNIT(*) SI_UNIT(.MILLI.,.METRE.) );
#29 = ( NAMED_UNIT(*) PLANE_ANGLE_UNIT() SI_UNIT($,.RADIAN.) );
#30 = ( NAMED_UNIT(*) SI_UNIT($,.STERADIAN.) SOLID_ANGLE_UNIT() );
#31 = UNCERTAINTY_MEASURE_WITH_UNIT(LENGTH_MEASURE(2.E-05),#28,
  'distance_accuracy_value','confusion accuracy');
#32 = PRODUCT_RELATED_PRODUCT_CATEGORY('part',$,(#7));
#33 = SHAPE_DEFINITION_REPRESENTATION(#34,#40);
#34 = PRODUCT_DEFINITION_SHAPE('','',#35);
#35 = PRODUCT_DEFINITION('design','',#36,#39);
#36 = PRODUCT_DEFINITION_FORMATION('','',#37);
#37 = PRODUCT('ServoHolder','ServoHolder','',(#38));
#38 = PRODUCT_CONTEXT('',#2,'mechanical');
#39 = PRODUCT_DEFINITION_CONTEXT('part definition',#2,'design');
#40 = ADVANCED_BREP_SHAPE_REPRESENTATION('',(#11,#41),#561);
#41 = MANIFOLD_SOLID_BREP('',#42);
#42 = CLOSED_SHELL('',(#43,#83,#114,#145,#167,#207,#238,#269,#291,#324,
    #357,#390,#423,#456,#489,#525));
#43 = ADVANCED_FACE('',(#44),#78,.F.);
#44 = FACE_BOUND('',#45,.F.);
#45 = EDGE_LOOP('',(#46,#56,#64,#72));
#46 = ORIENTED_EDGE('',*,*,#47,.T.);
#47 = EDGE_CURVE('',#48,#50,#52,.T.);
#48 = VERTEX_POINT('',#49);
#49 = CARTESIAN_POINT('',(17.5,0.,-27.5));
#50 = VERTEX_POINT('',#51);
#51 = CARTESIAN_POINT('',(17.5,-2.,-27.5));
#52 = LINE('',#53,#54);
#53 = CARTESIAN_POINT('',(17.5,-6.11E-15,-27.5));
#54 = VECTOR('',#55,1.);
#55 = DIRECTION('',(0.,-1.,2.2E-16));
#56 = ORIENTED_EDGE('',*,*,#57,.T.);
#57 = EDGE_CURVE('',#50,#58,#60,.T.);
#58 = VERTEX_POINT('',#59);
#59 = CARTESIAN_POINT('',(17.5,-2.,27.5));
#60 = LINE('',#61,#62);
#61 = CARTESIAN_POINT('',(17.5,-2.,-27.5));
#62 = VECTOR('',#63,1.);
#63 = DIRECTION('',(0.,-2.2E-16,1.));
#64 = ORIENTED_EDGE('',*,*,#65,.F.);
#65 = EDGE_CURVE('',#66,#58,#68,.T.);
#66 = VERTEX_POINT('',#67);
#67 = CARTESIAN_POINT('',(17.5,0.,27.5));
#68 = LINE('',#69,#70);
#69 = CARTESIAN_POINT('',(17.5,6.11E-15,27.5));
#70 = VECTOR('',#71,1.);
#71 = DIRECTION('',(0.,-1.,2.2E-16));
#72 = ORIENTED_EDGE('',*,*,#73,.F.);
#73 = EDGE_CURVE('',#48,#66,#74,.T.);
#74 = LINE('',#75,#76);
#75 = CARTESIAN_POINT('',(17.5,6.11E-15,-27.5));
#76 = VECTOR('',#77,1.);
#77 = DIRECTION('',(0.,-2.2E-16,1.));
#78 = PLANE('',#79);
#79 = AXIS2_PLACEMENT_3D('',#80,#81,#82);
#80 = CARTESIAN_POINT('',(17.5,-6.11E-15,-27.5));
#81 = DIRECTION('',(-1.,-0.,0.));
#82 = DIRECTION('',(0.,2.2E-16,1.));
#83 = ADVANCED_FACE('',(#84),#109,.F.);
#84 = FACE_BOUND('',#85,.F.);
#85 = EDGE_LOOP('',(#86,#87,#95,#103));
#86 = ORIENTED_EDGE('',*,*,#65,.T.);
#87 = ORIENTED_EDGE('',*,*,#88,.T.);
#88 = EDGE_CURVE('',#58,#89,#91,.T.);
#89 = VERTEX_POINT('',#90);
#90 = CARTESIAN_POINT('',(-17.5,-2.,27.5));
#91 = LINE('',#92,#93);
#92 = CARTESIAN_POINT('',(17.5,-2.,27.5));
#93 = VECTOR('',#94,1.);
#94 = DIRECTION('',(-1.,0.,0.));
#95 = ORIENTED_EDGE('',*,*,#96,.F.);
#96 = EDGE_CURVE('',#97,#89,#99,.T.);
#97 = VERTEX_POINT('',#98);
#98 = CARTESIAN_POINT('',(-17.5,0.,27.5));
#99 = LINE('',#100,#101);
#100 = CARTESIAN_POINT('',(-17.5,6.11E-15,27.5));
#101 = VECTOR('',#102,1.);
#102 = DIRECTION('',(0.,-1.,2.2E-16));
#103 = ORIENTED_EDGE('',*,*,#104,.F.);
#104 = EDGE_CURVE('',#66,#97,#105,.T.);
#105 = LINE('',#106,#107);
#106 = CARTESIAN_POINT('',(17.5,-6.11E-15,27.5));
#107 = VECTOR('',#108,1.);
#108 = DIRECTION('',(-1.,0.,0.));
#109 = PLANE('',#110);
#110 = AXIS2_PLACEMENT_3D('',#111,#112,#113);
#111 = CARTESIAN_POINT('',(17.5,6.11E-15,27.5));
#112 = DIRECTION('',(0.,-2.2E-16,-1.));
#113 = DIRECTION('',(-1.,-0.,0.));
#114 = ADVANCED_FACE('',(#115),#140,.F.);
#115 = FACE_BOUND('',#116,.F.);
#116 = EDGE_LOOP('',(#117,#118,#126,#134));
#117 = ORIENTED_EDGE('',*,*,#96,.T.);
#118 = ORIENTED_EDGE('',*,*,#119,.T.);
#119 = EDGE_CURVE('',#89,#120,#122,.T.);
#120 = VERTEX_POINT('',#121);
#121 = CARTESIAN_POINT('',(-17.5,-2.,-27.5));
#122 = LINE('',#123,#124);
#123 = CARTESIAN_POINT('',(-17.5,-2.,27.5));
#124 = VECTOR('',#125,1.);
#125 = DIRECTION('',(0.,2.2E-16,-1.));
#126 = ORIENTED_EDGE('',*,*,#127,.F.);
#127 = EDGE_CURVE('',#128,#120,#130,.T.);
#128 = VERTEX_POINT('',#129);
#129 = CARTESIAN_POINT('',(-17.5,0.,-27.5));
#130 = LINE('',#131,#132);
#131 = CARTESIAN_POINT('',(-17.5,-6.11E-15,-27.5));
#132 = VECTOR('',#133,1.);
#133 = DIRECTION('',(0.,-1.,2.2E-16));
#134 = ORIENTED_EDGE('',*,*,#135,.F.);
#135 = EDGE_CURVE('',#97,#128,#136,.T.);
#136 = LINE('',#137,#138);
#137 = CARTESIAN_POINT('',(-17.5,-6.11E-15,27.5));
#138 = VECTOR('',#139,1.);
#139 = DIRECTION('',(0.,2.2E-16,-1.));
#140 = PLANE('',#141);
#141 = AXIS2_PLACEMENT_3D('',#142,#143,#144);
#142 = CARTESIAN_POINT('',(-17.5,6.11E-15,27.5));
#143 = DIRECTION('',(1.,0.,0.));
#144 = DIRECTION('',(0.,-2.2E-16,-1.));
#145 = ADVANCED_FACE('',(#146),#162,.F.);
#146 = FACE_BOUND('',#147,.F.);
#147 = EDGE_LOOP('',(#148,#149,#155,#156));
#148 = ORIENTED_EDGE('',*,*,#127,.T.);
#149 = ORIENTED_EDGE('',*,*,#150,.T.);
#150 = EDGE_CURVE('',#120,#50,#151,.T.);
#151 = LINE('',#152,#153);
#152 = CARTESIAN_POINT('',(-17.5,-2.,-27.5));
#153 = VECTOR('',#154,1.);
#154 = DIRECTION('',(1.,0.,0.));
#155 = ORIENTED_EDGE('',*,*,#47,.F.);
#156 = ORIENTED_EDGE('',*,*,#157,.F.);
#157 = EDGE_CURVE('',#128,#48,#158,.T.);
#158 = LINE('',#159,#160);
#159 = CARTESIAN_POINT('',(-17.5,6.11E-15,-27.5));
#160 = VECTOR('',#161,1.);
#161 = DIRECTION('',(1.,0.,0.));
#162 = PLANE('',#163);
#163 = AXIS2_PLACEMENT_3D('',#164,#165,#166);
#164 = CARTESIAN_POINT('',(-17.5,-6.11E-15,-27.5));
#165 = DIRECTION('',(0.,2.2E-16,1.));
#166 = DIRECTION('',(1.,0.,-0.));
#167 = ADVANCED_FACE('',(#168),#202,.T.);
#168 = FACE_BOUND('',#169,.T.);
#169 = EDGE_LOOP('',(#170,#180,#188,#196));
#170 = ORIENTED_EDGE('',*,*,#171,.T.);
#171 = EDGE_CURVE('',#172,#174,#176,.T.);
#172 = VERTEX_POINT('',#173);
#173 = CARTESIAN_POINT('',(11.5,0.,24.5));
#174 = VERTEX_POINT('',#175);
#175 = CARTESIAN_POINT('',(11.5,-2.,24.5));
#176 = LINE('',#177,#178);
#177 = CARTESIAN_POINT('',(11.5,5.44E-15,24.5));
#178 = VECTOR('',#179,1.);
#179 = DIRECTION('',(0.,-1.,2.2E-16));
#180 = ORIENTED_EDGE('',*,*,#181,.T.);
#181 = EDGE_CURVE('',#174,#182,#184,.T.);
#182 = VERTEX_POINT('',#183);
#183 = CARTESIAN_POINT('',(-11.5,-2.,24.5));
#184 = LINE('',#185,#186);
#185 = CARTESIAN_POINT('',(11.5,-2.,24.5));
#186 = VECTOR('',#187,1.);
#187 = DIRECTION('',(-1.,0.,0.));
#188 = ORIENTED_EDGE('',*,*,#189,.F.);
#189 = EDGE_CURVE('',#190,#182,#192,.T.);
#190 = VERTEX_POINT('',#191);
#191 = CARTESIAN_POINT('',(-11.5,0.,24.5));
#192 = LINE('',#193,#194);
#193 = CARTESIAN_POINT('',(-11.5,5.44E-15,24.5));
#194 = VECTOR('',#195,1.);
#195 = DIRECTION('',(0.,-1.,2.2E-16));
#196 = ORIENTED_EDGE('',*,*,#197,.F.);
#197 = EDGE_CURVE('',#172,#190,#198,.T.);
#198 = LINE('',#199,#200);
#199 = CARTESIAN_POINT('',(11.5,-5.44E-15,24.5));
#200 = VECTOR('',#201,1.);
#201 = DIRECTION('',(-1.,0.,0.));
#202 = PLANE('',#203);
#203 = AXIS2_PLACEMENT_3D('',#204,#205,#206);
#204 = CARTESIAN_POINT('',(11.5,5.44E-15,24.5));
#205 = DIRECTION('',(0.,-2.2E-16,-1.));
#206 = DIRECTION('',(-1.,-0.,0.));
#207 = ADVANCED_FACE('',(#208),#233,.T.);
#208 = FACE_BOUND('',#209,.T.);
#209 = EDGE_LOOP('',(#210,#211,#219,#227));
#210 = ORIENTED_EDGE('',*,*,#189,.T.);
#211 = ORIENTED_EDGE('',*,*,#212,.T.);
#212 = EDGE_CURVE('',#182,#213,#215,.T.);
#213 = VERTEX_POINT('',#214);
#214 = CARTESIAN_POINT('',(-11.5,-2.,12.5));
#215 = LINE('',#216,#217);
#216 = CARTESIAN_POINT('',(-11.5,-2.,24.5));
#217 = VECTOR('',#218,1.);
#218 = DIRECTION('',(0.,2.2E-16,-1.));
#219 = ORIENTED_EDGE('',*,*,#220,.F.);
#220 = EDGE_CURVE('',#221,#213,#223,.T.);
#221 = VERTEX_POINT('',#222);
#222 = CARTESIAN_POINT('',(-11.5,0.,12.5));
#223 = LINE('',#224,#225);
#224 = CARTESIAN_POINT('',(-11.5,2.78E-15,12.5));
#225 = VECTOR('',#226,1.);
#226 = DIRECTION('',(0.,-1.,2.2E-16));
#227 = ORIENTED_EDGE('',*,*,#228,.F.);
#228 = EDGE_CURVE('',#190,#221,#229,.T.);
#229 = LINE('',#230,#231);
#230 = CARTESIAN_POINT('',(-11.5,-5.44E-15,24.5));
#231 = VECTOR('',#232,1.);
#232 = DIRECTION('',(0.,2.2E-16,-1.));
#233 = PLANE('',#234);
#234 = AXIS2_PLACEMENT_3D('',#235,#236,#237);
#235 = CARTESIAN_POINT('',(-11.5,5.44E-15,24.5));
#236 = DIRECTION('',(1.,0.,0.));
#237 = DIRECTION('',(0.,-2.2E-16,-1.));
#238 = ADVANCED_FACE('',(#239),#264,.T.);
#239 = FACE_BOUND('',#240,.T.);
#240 = EDGE_LOOP('',(#241,#242,#250,#258));
#241 = ORIENTED_EDGE('',*,*,#220,.T.);
#242 = ORIENTED_EDGE('',*,*,#243,.T.);
#243 = EDGE_CURVE('',#213,#244,#246,.T.);
#244 = VERTEX_POINT('',#245);
#245 = CARTESIAN_POINT('',(11.5,-2.,12.5));
#246 = LINE('',#247,#248);
#247 = CARTESIAN_POINT('',(-11.5,-2.,12.5));
#248 = VECTOR('',#249,1.);
#249 = DIRECTION('',(1.,0.,0.));
#250 = ORIENTED_EDGE('',*,*,#251,.F.);
#251 = EDGE_CURVE('',#252,#244,#254,.T.);
#252 = VERTEX_POINT('',#253);
#253 = CARTESIAN_POINT('',(11.5,0.,12.5));
#254 = LINE('',#255,#256);
#255 = CARTESIAN_POINT('',(11.5,2.78E-15,12.5));
#256 = VECTOR('',#257,1.);
#257 = DIRECTION('',(0.,-1.,2.2E-16));
#258 = ORIENTED_EDGE('',*,*,#259,.F.);
#259 = EDGE_CURVE('',#221,#252,#260,.T.);
#260 = LINE('',#261,#262);
#261 = CARTESIAN_POINT('',(-11.5,-2.78E-15,12.5));
#262 = VECTOR('',#263,1.);
#263 = DIRECTION('',(1.,0.,0.));
#264 = PLANE('',#265);
#265 = AXIS2_PLACEMENT_3D('',#266,#267,#268);
#266 = CARTESIAN_POINT('',(-11.5,2.78E-15,12.5));
#267 = DIRECTION('',(0.,2.2E-16,1.));
#268 = DIRECTION('',(1.,0.,-0.));
#269 = ADVANCED_FACE('',(#270),#286,.T.);
#270 = FACE_BOUND('',#271,.T.);
#271 = EDGE_LOOP('',(#272,#273,#279,#280));
#272 = ORIENTED_EDGE('',*,*,#251,.T.);
#273 = ORIENTED_EDGE('',*,*,#274,.T.);
#274 = EDGE_CURVE('',#244,#174,#275,.T.);
#275 = LINE('',#276,#277);
#276 = CARTESIAN_POINT('',(11.5,-2.,12.5));
#277 = VECTOR('',#278,1.);
#278 = DIRECTION('',(0.,-2.2E-16,1.));
#279 = ORIENTED_EDGE('',*,*,#171,.F.);
#280 = ORIENTED_EDGE('',*,*,#281,.F.);
#281 = EDGE_CURVE('',#252,#172,#282,.T.);
#282 = LINE('',#283,#284);
#283 = CARTESIAN_POINT('',(11.5,-2.78E-15,12.5));
#284 = VECTOR('',#285,1.);
#285 = DIRECTION('',(0.,-2.2E-16,1.));
#286 = PLANE('',#287);
#287 = AXIS2_PLACEMENT_3D('',#288,#289,#290);
#288 = CARTESIAN_POINT('',(11.5,2.78E-15,12.5));
#289 = DIRECTION('',(-1.,-0.,0.));
#290 = DIRECTION('',(0.,2.2E-16,1.));
#291 = ADVANCED_FACE('',(#292),#319,.F.);
#292 = FACE_BOUND('',#293,.T.);
#293 = EDGE_LOOP('',(#294,#304,#311,#312));
#294 = ORIENTED_EDGE('',*,*,#295,.T.);
#295 = EDGE_CURVE('',#296,#298,#300,.T.);
#296 = VERTEX_POINT('',#297);
#297 = CARTESIAN_POINT('',(13.5,0.,-23.5));
#298 = VERTEX_POINT('',#299);
#299 = CARTESIAN_POINT('',(13.5,-2.,-23.5));
#300 = LINE('',#301,#302);
#301 = CARTESIAN_POINT('',(13.5,-5.22E-15,-23.5));
#302 = VECTOR('',#303,1.);
#303 = DIRECTION('',(0.,-1.,2.2E-16));
#304 = ORIENTED_EDGE('',*,*,#305,.T.);
#305 = EDGE_CURVE('',#298,#298,#306,.T.);
#306 = CIRCLE('',#307,1.5);
#307 = AXIS2_PLACEMENT_3D('',#308,#309,#310);
#308 = CARTESIAN_POINT('',(12.,-2.,-23.5));
#309 = DIRECTION('',(0.,-1.,-2.2E-16));
#310 = DIRECTION('',(1.,0.,0.));
#311 = ORIENTED_EDGE('',*,*,#295,.F.);
#312 = ORIENTED_EDGE('',*,*,#313,.F.);
#313 = EDGE_CURVE('',#296,#296,#314,.T.);
#314 = CIRCLE('',#315,1.5);
#315 = AXIS2_PLACEMENT_3D('',#316,#317,#318);
#316 = CARTESIAN_POINT('',(12.,5.22E-15,-23.5));
#317 = DIRECTION('',(0.,-1.,-2.2E-16));
#318 = DIRECTION('',(1.,0.,0.));
#319 = CYLINDRICAL_SURFACE('',#320,1.5);
#320 = AXIS2_PLACEMENT_3D('',#321,#322,#323);
#321 = CARTESIAN_POINT('',(12.,-5.22E-15,-23.5));
#322 = DIRECTION('',(0.,1.,-2.2E-16));
#323 = DIRECTION('',(1.,0.,0.));
#324 = ADVANCED_FACE('',(#325),#352,.F.);
#325 = FACE_BOUND('',#326,.T.);
#326 = EDGE_LOOP('',(#327,#337,#344,#345));
#327 = ORIENTED_EDGE('',*,*,#328,.T.);
#328 = EDGE_CURVE('',#329,#331,#333,.T.);
#329 = VERTEX_POINT('',#330);
#330 = CARTESIAN_POINT('',(-10.5,0.,-23.5));
#331 = VERTEX_POINT('',#332);
#332 = CARTESIAN_POINT('',(-10.5,-2.,-23.5));
#333 = LINE('',#334,#335);
#334 = CARTESIAN_POINT('',(-10.5,-5.22E-15,-23.5));
#335 = VECTOR('',#336,1.);
#336 = DIRECTION('',(0.,-1.,2.2E-16));
#337 = ORIENTED_EDGE('',*,*,#338,.T.);
#338 = EDGE_CURVE('',#331,#331,#339,.T.);
#339 = CIRCLE('',#340,1.5);
#340 = AXIS2_PLACEMENT_3D('',#341,#342,#343);
#341 = CARTESIAN_POINT('',(-12.,-2.,-23.5));
#342 = DIRECTION('',(0.,-1.,-2.2E-16));
#343 = DIRECTION('',(1.,0.,0.));
#344 = ORIENTED_EDGE('',*,*,#328,.F.);
#345 = ORIENTED_EDGE('',*,*,#346,.F.);
#346 = EDGE_CURVE('',#329,#329,#347,.T.);
#347 = CIRCLE('',#348,1.5);
#348 = AXIS2_PLACEMENT_3D('',#349,#350,#351);
#349 = CARTESIAN_POINT('',(-12.,5.22E-15,-23.5));
#350 = DIRECTION('',(0.,-1.,-2.2E-16));
#351 = DIRECTION('',(1.,0.,0.));
#352 = CYLINDRICAL_SURFACE('',#353,1.5);
#353 = AXIS2_PLACEMENT_3D('',#354,#355,#356);
#354 = CARTESIAN_POINT('',(-12.,-5.22E-15,-23.5));
#355 = DIRECTION('',(0.,1.,-2.2E-16));
#356 = DIRECTION('',(1.,0.,0.));
#357 = ADVANCED_FACE('',(#358),#385,.F.);
#358 = FACE_BOUND('',#359,.T.);
#359 = EDGE_LOOP('',(#360,#370,#377,#378));
#360 = ORIENTED_EDGE('',*,*,#361,.T.);
#361 = EDGE_CURVE('',#362,#364,#366,.T.);
#362 = VERTEX_POINT('',#363);
#363 = CARTESIAN_POINT('',(13.5,0.,-9.000000164862));
#364 = VERTEX_POINT('',#365);
#365 = CARTESIAN_POINT('',(13.5,-2.,-9.000000164862));
#366 = LINE('',#367,#368);
#367 = CARTESIAN_POINT('',(13.5,-2.E-15,-9.000000164862));
#368 = VECTOR('',#369,1.);
#369 = DIRECTION('',(0.,-1.,2.2E-16));
#370 = ORIENTED_EDGE('',*,*,#371,.T.);
#371 = EDGE_CURVE('',#364,#364,#372,.T.);
#372 = CIRCLE('',#373,1.5);
#373 = AXIS2_PLACEMENT_3D('',#374,#375,#376);
#374 = CARTESIAN_POINT('',(12.,-2.,-9.000000164862));
#375 = DIRECTION('',(0.,-1.,-2.2E-16));
#376 = DIRECTION('',(1.,0.,0.));
#377 = ORIENTED_EDGE('',*,*,#361,.F.);
#378 = ORIENTED_EDGE('',*,*,#379,.F.);
#379 = EDGE_CURVE('',#362,#362,#380,.T.);
#380 = CIRCLE('',#381,1.5);
#381 = AXIS2_PLACEMENT_3D('',#382,#383,#384);
#382 = CARTESIAN_POINT('',(12.,2.E-15,-9.000000164862));
#383 = DIRECTION('',(0.,-1.,-2.2E-16));
#384 = DIRECTION('',(1.,0.,0.));
#385 = CYLINDRICAL_SURFACE('',#386,1.5);
#386 = AXIS2_PLACEMENT_3D('',#387,#388,#389);
#387 = CARTESIAN_POINT('',(12.,-2.E-15,-9.000000164862));
#388 = DIRECTION('',(0.,1.,-2.2E-16));
#389 = DIRECTION('',(1.,0.,0.));
#390 = ADVANCED_FACE('',(#391),#418,.F.);
#391 = FACE_BOUND('',#392,.T.);
#392 = EDGE_LOOP('',(#393,#403,#410,#411));
#393 = ORIENTED_EDGE('',*,*,#394,.T.);
#394 = EDGE_CURVE('',#395,#397,#399,.T.);
#395 = VERTEX_POINT('',#396);
#396 = CARTESIAN_POINT('',(-10.5,0.,-9.));
#397 = VERTEX_POINT('',#398);
#398 = CARTESIAN_POINT('',(-10.5,-2.,-9.));
#399 = LINE('',#400,#401);
#400 = CARTESIAN_POINT('',(-10.5,-2.E-15,-9.));
#401 = VECTOR('',#402,1.);
#402 = DIRECTION('',(0.,-1.,2.2E-16));
#403 = ORIENTED_EDGE('',*,*,#404,.T.);
#404 = EDGE_CURVE('',#397,#397,#405,.T.);
#405 = CIRCLE('',#406,1.5);
#406 = AXIS2_PLACEMENT_3D('',#407,#408,#409);
#407 = CARTESIAN_POINT('',(-12.,-2.,-9.));
#408 = DIRECTION('',(0.,-1.,-2.2E-16));
#409 = DIRECTION('',(1.,0.,0.));
#410 = ORIENTED_EDGE('',*,*,#394,.F.);
#411 = ORIENTED_EDGE('',*,*,#412,.F.);
#412 = EDGE_CURVE('',#395,#395,#413,.T.);
#413 = CIRCLE('',#414,1.5);
#414 = AXIS2_PLACEMENT_3D('',#415,#416,#417);
#415 = CARTESIAN_POINT('',(-12.,2.E-15,-9.));
#416 = DIRECTION('',(0.,-1.,-2.2E-16));
#417 = DIRECTION('',(1.,0.,0.));
#418 = CYLINDRICAL_SURFACE('',#419,1.5);
#419 = AXIS2_PLACEMENT_3D('',#420,#421,#422);
#420 = CARTESIAN_POINT('',(-12.,-2.E-15,-9.));
#421 = DIRECTION('',(0.,1.,-2.2E-16));
#422 = DIRECTION('',(1.,0.,0.));
#423 = ADVANCED_FACE('',(#424),#451,.F.);
#424 = FACE_BOUND('',#425,.T.);
#425 = EDGE_LOOP('',(#426,#436,#443,#444));
#426 = ORIENTED_EDGE('',*,*,#427,.T.);
#427 = EDGE_CURVE('',#428,#430,#432,.T.);
#428 = VERTEX_POINT('',#429);
#429 = CARTESIAN_POINT('',(14.5,0.,18.5));
#430 = VERTEX_POINT('',#431);
#431 = CARTESIAN_POINT('',(14.5,-2.,18.5));
#432 = LINE('',#433,#434);
#433 = CARTESIAN_POINT('',(14.5,4.11E-15,18.5));
#434 = VECTOR('',#435,1.);
#435 = DIRECTION('',(0.,-1.,2.2E-16));
#436 = ORIENTED_EDGE('',*,*,#437,.T.);
#437 = EDGE_CURVE('',#430,#430,#438,.T.);
#438 = CIRCLE('',#439,1.25);
#439 = AXIS2_PLACEMENT_3D('',#440,#441,#442);
#440 = CARTESIAN_POINT('',(13.25,-2.,18.5));
#441 = DIRECTION('',(0.,-1.,-2.2E-16));
#442 = DIRECTION('',(1.,0.,0.));
#443 = ORIENTED_EDGE('',*,*,#427,.F.);
#444 = ORIENTED_EDGE('',*,*,#445,.F.);
#445 = EDGE_CURVE('',#428,#428,#446,.T.);
#446 = CIRCLE('',#447,1.25);
#447 = AXIS2_PLACEMENT_3D('',#448,#449,#450);
#448 = CARTESIAN_POINT('',(13.25,-4.11E-15,18.5));
#449 = DIRECTION('',(0.,-1.,-2.2E-16));
#450 = DIRECTION('',(1.,0.,0.));
#451 = CYLINDRICAL_SURFACE('',#452,1.25);
#452 = AXIS2_PLACEMENT_3D('',#453,#454,#455);
#453 = CARTESIAN_POINT('',(13.25,4.11E-15,18.5));
#454 = DIRECTION('',(0.,1.,-2.2E-16));
#455 = DIRECTION('',(1.,0.,0.));
#456 = ADVANCED_FACE('',(#457),#484,.F.);
#457 = FACE_BOUND('',#458,.T.);
#458 = EDGE_LOOP('',(#459,#469,#476,#477));
#459 = ORIENTED_EDGE('',*,*,#460,.T.);
#460 = EDGE_CURVE('',#461,#463,#465,.T.);
#461 = VERTEX_POINT('',#462);
#462 = CARTESIAN_POINT('',(-12.,0.,18.5));
#463 = VERTEX_POINT('',#464);
#464 = CARTESIAN_POINT('',(-12.,-2.,18.5));
#465 = LINE('',#466,#467);
#466 = CARTESIAN_POINT('',(-12.,4.11E-15,18.5));
#467 = VECTOR('',#468,1.);
#468 = DIRECTION('',(0.,-1.,2.2E-16));
#469 = ORIENTED_EDGE('',*,*,#470,.T.);
#470 = EDGE_CURVE('',#463,#463,#471,.T.);
#471 = CIRCLE('',#472,1.25);
#472 = AXIS2_PLACEMENT_3D('',#473,#474,#475);
#473 = CARTESIAN_POINT('',(-13.25,-2.,18.5));
#474 = DIRECTION('',(0.,-1.,-2.2E-16));
#475 = DIRECTION('',(1.,0.,0.));
#476 = ORIENTED_EDGE('',*,*,#460,.F.);
#477 = ORIENTED_EDGE('',*,*,#478,.F.);
#478 = EDGE_CURVE('',#461,#461,#479,.T.);
#479 = CIRCLE('',#480,1.25);
#480 = AXIS2_PLACEMENT_3D('',#481,#482,#483);
#481 = CARTESIAN_POINT('',(-13.25,-4.11E-15,18.5));
#482 = DIRECTION('',(0.,-1.,-2.2E-16));
#483 = DIRECTION('',(1.,0.,0.));
#484 = CYLINDRICAL_SURFACE('',#485,1.25);
#485 = AXIS2_PLACEMENT_3D('',#486,#487,#488);
#486 = CARTESIAN_POINT('',(-13.25,4.11E-15,18.5));
#487 = DIRECTION('',(0.,1.,-2.2E-16));
#488 = DIRECTION('',(1.,0.,0.));
#489 = ADVANCED_FACE('',(#490,#496,#502,#505,#508,#511,#514,#517),#520,
  .T.);
#490 = FACE_BOUND('',#491,.F.);
#491 = EDGE_LOOP('',(#492,#493,#494,#495));
#492 = ORIENTED_EDGE('',*,*,#73,.T.);
#493 = ORIENTED_EDGE('',*,*,#104,.T.);
#494 = ORIENTED_EDGE('',*,*,#135,.T.);
#495 = ORIENTED_EDGE('',*,*,#157,.T.);
#496 = FACE_BOUND('',#497,.T.);
#497 = EDGE_LOOP('',(#498,#499,#500,#501));
#498 = ORIENTED_EDGE('',*,*,#197,.T.);
#499 = ORIENTED_EDGE('',*,*,#228,.T.);
#500 = ORIENTED_EDGE('',*,*,#259,.T.);
#501 = ORIENTED_EDGE('',*,*,#281,.T.);
#502 = FACE_BOUND('',#503,.T.);
#503 = EDGE_LOOP('',(#504));
#504 = ORIENTED_EDGE('',*,*,#313,.T.);
#505 = FACE_BOUND('',#506,.T.);
#506 = EDGE_LOOP('',(#507));
#507 = ORIENTED_EDGE('',*,*,#346,.T.);
#508 = FACE_BOUND('',#509,.T.);
#509 = EDGE_LOOP('',(#510));
#510 = ORIENTED_EDGE('',*,*,#379,.T.);
#511 = FACE_BOUND('',#512,.T.);
#512 = EDGE_LOOP('',(#513));
#513 = ORIENTED_EDGE('',*,*,#412,.T.);
#514 = FACE_BOUND('',#515,.T.);
#515 = EDGE_LOOP('',(#516));
#516 = ORIENTED_EDGE('',*,*,#445,.T.);
#517 = FACE_BOUND('',#518,.T.);
#518 = EDGE_LOOP('',(#519));
#519 = ORIENTED_EDGE('',*,*,#478,.T.);
#520 = PLANE('',#521);
#521 = AXIS2_PLACEMENT_3D('',#522,#523,#524);
#522 = CARTESIAN_POINT('',(4.2E-16,0.,3.496980128187));
#523 = DIRECTION('',(0.,1.,2.2E-16));
#524 = DIRECTION('',(0.,-2.2E-16,1.));
#525 = ADVANCED_FACE('',(#526,#532,#538,#541,#544,#547,#550,#553),#556,
  .F.);
#526 = FACE_BOUND('',#527,.T.);
#527 = EDGE_LOOP('',(#528,#529,#530,#531));
#528 = ORIENTED_EDGE('',*,*,#57,.T.);
#529 = ORIENTED_EDGE('',*,*,#88,.T.);
#530 = ORIENTED_EDGE('',*,*,#119,.T.);
#531 = ORIENTED_EDGE('',*,*,#150,.T.);
#532 = FACE_BOUND('',#533,.F.);
#533 = EDGE_LOOP('',(#534,#535,#536,#537));
#534 = ORIENTED_EDGE('',*,*,#181,.T.);
#535 = ORIENTED_EDGE('',*,*,#212,.T.);
#536 = ORIENTED_EDGE('',*,*,#243,.T.);
#537 = ORIENTED_EDGE('',*,*,#274,.T.);
#538 = FACE_BOUND('',#539,.F.);
#539 = EDGE_LOOP('',(#540));
#540 = ORIENTED_EDGE('',*,*,#305,.T.);
#541 = FACE_BOUND('',#542,.F.);
#542 = EDGE_LOOP('',(#543));
#543 = ORIENTED_EDGE('',*,*,#338,.T.);
#544 = FACE_BOUND('',#545,.F.);
#545 = EDGE_LOOP('',(#546));
#546 = ORIENTED_EDGE('',*,*,#371,.T.);
#547 = FACE_BOUND('',#548,.F.);
#548 = EDGE_LOOP('',(#549));
#549 = ORIENTED_EDGE('',*,*,#404,.T.);
#550 = FACE_BOUND('',#551,.F.);
#551 = EDGE_LOOP('',(#552));
#552 = ORIENTED_EDGE('',*,*,#437,.T.);
#553 = FACE_BOUND('',#554,.F.);
#554 = EDGE_LOOP('',(#555));
#555 = ORIENTED_EDGE('',*,*,#470,.T.);
#556 = PLANE('',#557);
#557 = AXIS2_PLACEMENT_3D('',#558,#559,#560);
#558 = CARTESIAN_POINT('',(4.2E-16,-2.,3.496980128187));
#559 = DIRECTION('',(0.,1.,2.2E-16));
#560 = DIRECTION('',(0.,-2.2E-16,1.));
#561 = ( GEOMETRIC_REPRESENTATION_CONTEXT(3) 
GLOBAL_UNCERTAINTY_ASSIGNED_CONTEXT((#565)) GLOBAL_UNIT_ASSIGNED_CONTEXT
((#562,#563,#564)) REPRESENTATION_CONTEXT('Context #1',
  '3D Context with UNIT and UNCERTAINTY') );
#562 = ( LENGTH_UNIT() NAMED_UNIT(*) SI_UNIT(.MILLI.,.METRE.) );
#563 = ( NAMED_UNIT(*) PLANE_ANGLE_UNIT() SI_UNIT($,.RADIAN.) );
#564 = ( NAMED_UNIT(*) SI_UNIT($,.STERADIAN.) SOLID_ANGLE_UNIT() );
#565 = UNCERTAINTY_MEASURE_WITH_UNIT(LENGTH_MEASURE(2.E-06),#562,
  'distance_accuracy_value','confusion accuracy');
#566 = CONTEXT_DEPENDENT_SHAPE_REPRESENTATION(#567,#569);
#567 = ( REPRESENTATION_RELATIONSHIP('','',#40,#10) 
REPRESENTATION_RELATIONSHIP_WITH_TRANSFORMATION(#568) 
SHAPE_REPRESENTATION_RELATIONSHIP() );
#568 = ITEM_DEFINED_TRANSFORMATION('','',#11,#15);
#569 = PRODUCT_DEFINITION_SHAPE('Placement','Placement of an item',#570
  );
#570 = NEXT_ASSEMBLY_USAGE_OCCURRENCE('1','ServoHolder001','',#5,#35,$);
#571 = PRODUCT_RELATED_PRODUCT_CATEGORY('part',$,(#37));
#572 = SHAPE_DEFINITION_REPRESENTATION(#573,#579);
#573 = PRODUCT_DEFINITION_SHAPE('','',#574);
#574 = PRODUCT_DEFINITION('design','',#575,#578);
#575 = PRODUCT_DEFINITION_FORMATION('','',#576);
#576 = PRODUCT('Base','Base','',(#577));
#577 = PRODUCT_CONTEXT('',#2,'mechanical');
#578 = PRODUCT_DEFINITION_CONTEXT('part definition',#2,'design');
#579 = ADVANCED_BREP_SHAPE_REPRESENTATION('',(#11,#580),#1777);
#580 = MANIFOLD_SOLID_BREP('',#581);
#581 = CLOSED_SHELL('',(#582,#654,#687,#729,#762,#793,#826,#868,#901,
    #952,#985,#1016,#1049,#1091,#1124,#1187,#1220,#1251,#1284,#1337,
    #1370,#1411,#1435,#1451,#1468,#1492,#1508,#1525,#1550,#1583,#1594,
    #1603,#1681,#1743,#1757));
#582 = ADVANCED_FACE('',(#583),#649,.T.);
#583 = FACE_BOUND('',#584,.T.);
#584 = EDGE_LOOP('',(#585,#595,#603,#611,#619,#627,#635,#643));
#585 = ORIENTED_EDGE('',*,*,#586,.F.);
#586 = EDGE_CURVE('',#587,#589,#591,.T.);
#587 = VERTEX_POINT('',#588);
#588 = CARTESIAN_POINT('',(8.291561975889,-56.,0.));
#589 = VERTEX_POINT('',#590);
#590 = CARTESIAN_POINT('',(8.291561975889,-56.,23.));
#591 = LINE('',#592,#593);
#592 = CARTESIAN_POINT('',(8.291561975889,-56.,23.));
#593 = VECTOR('',#594,1.);
#594 = DIRECTION('',(0.,0.,1.));
#595 = ORIENTED_EDGE('',*,*,#596,.T.);
#596 = EDGE_CURVE('',#587,#597,#599,.T.);
#597 = VERTEX_POINT('',#598);
#598 = CARTESIAN_POINT('',(9.974217217642,-56.,0.));
#599 = LINE('',#600,#601);
#600 = CARTESIAN_POINT('',(6.633249580711,-56.,0.));
#601 = VECTOR('',#602,1.);
#602 = DIRECTION('',(1.,0.,0.));
#603 = ORIENTED_EDGE('',*,*,#604,.T.);
#604 = EDGE_CURVE('',#597,#605,#607,.T.);
#605 = VERTEX_POINT('',#606);
#606 = CARTESIAN_POINT('',(9.974217217642,-56.,23.));
#607 = LINE('',#608,#609);
#608 = CARTESIAN_POINT('',(9.974217217642,-56.,0.));
#609 = VECTOR('',#610,1.);
#610 = DIRECTION('',(0.,0.,1.));
#611 = ORIENTED_EDGE('',*,*,#612,.T.);
#612 = EDGE_CURVE('',#605,#613,#615,.T.);
#613 = VERTEX_POINT('',#614);
#614 = CARTESIAN_POINT('',(9.633249580711,-56.,23.));
#615 = LINE('',#616,#617);
#616 = CARTESIAN_POINT('',(4.316624790355,-56.,23.));
#617 = VECTOR('',#618,1.);
#618 = DIRECTION('',(-1.,0.,0.));
#619 = ORIENTED_EDGE('',*,*,#620,.T.);
#620 = EDGE_CURVE('',#613,#621,#623,.T.);
#621 = VERTEX_POINT('',#622);
#622 = CARTESIAN_POINT('',(9.633249580711,-56.,40.));
#623 = LINE('',#624,#625);
#624 = CARTESIAN_POINT('',(9.633249580711,-56.,23.));
#625 = VECTOR('',#626,1.);
#626 = DIRECTION('',(0.,0.,1.));
#627 = ORIENTED_EDGE('',*,*,#628,.F.);
#628 = EDGE_CURVE('',#629,#621,#631,.T.);
#629 = VERTEX_POINT('',#630);
#630 = CARTESIAN_POINT('',(7.633249580711,-56.,40.));
#631 = LINE('',#632,#633);
#632 = CARTESIAN_POINT('',(6.633249580711,-56.,40.));
#633 = VECTOR('',#634,1.);
#634 = DIRECTION('',(1.,0.,0.));
#635 = ORIENTED_EDGE('',*,*,#636,.F.);
#636 = EDGE_CURVE('',#637,#629,#639,.T.);
#637 = VERTEX_POINT('',#638);
#638 = CARTESIAN_POINT('',(7.633249580711,-56.,23.));
#639 = LINE('',#640,#641);
#640 = CARTESIAN_POINT('',(7.633249580711,-56.,23.));
#641 = VECTOR('',#642,1.);
#642 = DIRECTION('',(0.,0.,1.));
#643 = ORIENTED_EDGE('',*,*,#644,.F.);
#644 = EDGE_CURVE('',#589,#637,#645,.T.);
#645 = LINE('',#646,#647);
#646 = CARTESIAN_POINT('',(4.316624790355,-56.,23.));
#647 = VECTOR('',#648,1.);
#648 = DIRECTION('',(-1.,0.,0.));
#649 = PLANE('',#650);
#650 = AXIS2_PLACEMENT_3D('',#651,#652,#653);
#651 = CARTESIAN_POINT('',(8.633249580711,-56.,20.));
#652 = DIRECTION('',(-0.,-1.,-0.));
#653 = DIRECTION('',(0.,0.,-1.));
#654 = ADVANCED_FACE('',(#655),#682,.T.);
#655 = FACE_BOUND('',#656,.T.);
#656 = EDGE_LOOP('',(#657,#666,#674,#681));
#657 = ORIENTED_EDGE('',*,*,#658,.T.);
#658 = EDGE_CURVE('',#613,#659,#661,.T.);
#659 = VERTEX_POINT('',#660);
#660 = CARTESIAN_POINT('',(10.633249580711,-55.,23.));
#661 = CIRCLE('',#662,1.);
#662 = AXIS2_PLACEMENT_3D('',#663,#664,#665);
#663 = CARTESIAN_POINT('',(9.633249580711,-55.,23.));
#664 = DIRECTION('',(-0.,0.,1.));
#665 = DIRECTION('',(0.,-1.,0.));
#666 = ORIENTED_EDGE('',*,*,#667,.T.);
#667 = EDGE_CURVE('',#659,#668,#670,.T.);
#668 = VERTEX_POINT('',#669);
#669 = CARTESIAN_POINT('',(10.633249580711,-55.,40.));
#670 = LINE('',#671,#672);
#671 = CARTESIAN_POINT('',(10.633249580711,-55.,23.));
#672 = VECTOR('',#673,1.);
#673 = DIRECTION('',(0.,0.,1.));
#674 = ORIENTED_EDGE('',*,*,#675,.F.);
#675 = EDGE_CURVE('',#621,#668,#676,.T.);
#676 = CIRCLE('',#677,1.);
#677 = AXIS2_PLACEMENT_3D('',#678,#679,#680);
#678 = CARTESIAN_POINT('',(9.633249580711,-55.,40.));
#679 = DIRECTION('',(-0.,0.,1.));
#680 = DIRECTION('',(0.,-1.,0.));
#681 = ORIENTED_EDGE('',*,*,#620,.F.);
#682 = CYLINDRICAL_SURFACE('',#683,1.);
#683 = AXIS2_PLACEMENT_3D('',#684,#685,#686);
#684 = CARTESIAN_POINT('',(9.633249580711,-55.,23.));
#685 = DIRECTION('',(0.,0.,1.));
#686 = DIRECTION('',(0.,-1.,0.));
#687 = ADVANCED_FACE('',(#688,#713),#724,.F.);
#688 = FACE_BOUND('',#689,.F.);
#689 = EDGE_LOOP('',(#690,#698,#699,#707));
#690 = ORIENTED_EDGE('',*,*,#691,.F.);
#691 = EDGE_CURVE('',#659,#692,#694,.T.);
#692 = VERTEX_POINT('',#693);
#693 = CARTESIAN_POINT('',(10.633249580711,-52.,23.));
#694 = LINE('',#695,#696);
#695 = CARTESIAN_POINT('',(10.633249580711,-56.,23.));
#696 = VECTOR('',#697,1.);
#697 = DIRECTION('',(0.,1.,0.));
#698 = ORIENTED_EDGE('',*,*,#667,.T.);
#699 = ORIENTED_EDGE('',*,*,#700,.T.);
#700 = EDGE_CURVE('',#668,#701,#703,.T.);
#701 = VERTEX_POINT('',#702);
#702 = CARTESIAN_POINT('',(10.633249580711,-52.,40.));
#703 = LINE('',#704,#705);
#704 = CARTESIAN_POINT('',(10.633249580711,-56.,40.));
#705 = VECTOR('',#706,1.);
#706 = DIRECTION('',(0.,1.,0.));
#707 = ORIENTED_EDGE('',*,*,#708,.F.);
#708 = EDGE_CURVE('',#692,#701,#709,.T.);
#709 = LINE('',#710,#711);
#710 = CARTESIAN_POINT('',(10.633249580711,-52.,23.));
#711 = VECTOR('',#712,1.);
#712 = DIRECTION('',(0.,0.,1.));
#713 = FACE_BOUND('',#714,.F.);
#714 = EDGE_LOOP('',(#715));
#715 = ORIENTED_EDGE('',*,*,#716,.T.);
#716 = EDGE_CURVE('',#717,#717,#719,.T.);
#717 = VERTEX_POINT('',#718);
#718 = CARTESIAN_POINT('',(10.633249580711,-53.5,26.5));
#719 = CIRCLE('',#720,0.75);
#720 = AXIS2_PLACEMENT_3D('',#721,#722,#723);
#721 = CARTESIAN_POINT('',(10.633249580711,-53.5,25.75));
#722 = DIRECTION('',(1.,0.,-0.));
#723 = DIRECTION('',(0.,0.,1.));
#724 = PLANE('',#725);
#725 = AXIS2_PLACEMENT_3D('',#726,#727,#728);
#726 = CARTESIAN_POINT('',(10.633249580711,-56.,23.));
#727 = DIRECTION('',(-1.,0.,0.));
#728 = DIRECTION('',(0.,1.,0.));
#729 = ADVANCED_FACE('',(#730),#757,.T.);
#730 = FACE_BOUND('',#731,.T.);
#731 = EDGE_LOOP('',(#732,#741,#749,#756));
#732 = ORIENTED_EDGE('',*,*,#733,.T.);
#733 = EDGE_CURVE('',#692,#734,#736,.T.);
#734 = VERTEX_POINT('',#735);
#735 = CARTESIAN_POINT('',(9.633249580711,-51.,23.));
#736 = CIRCLE('',#737,1.);
#737 = AXIS2_PLACEMENT_3D('',#738,#739,#740);
#738 = CARTESIAN_POINT('',(9.633249580711,-52.,23.));
#739 = DIRECTION('',(-0.,0.,1.));
#740 = DIRECTION('',(0.,-1.,0.));
#741 = ORIENTED_EDGE('',*,*,#742,.T.);
#742 = EDGE_CURVE('',#734,#743,#745,.T.);
#743 = VERTEX_POINT('',#744);
#744 = CARTESIAN_POINT('',(9.633249580711,-51.,40.));
#745 = LINE('',#746,#747);
#746 = CARTESIAN_POINT('',(9.633249580711,-51.,23.));
#747 = VECTOR('',#748,1.);
#748 = DIRECTION('',(0.,0.,1.));
#749 = ORIENTED_EDGE('',*,*,#750,.F.);
#750 = EDGE_CURVE('',#701,#743,#751,.T.);
#751 = CIRCLE('',#752,1.);
#752 = AXIS2_PLACEMENT_3D('',#753,#754,#755);
#753 = CARTESIAN_POINT('',(9.633249580711,-52.,40.));
#754 = DIRECTION('',(-0.,0.,1.));
#755 = DIRECTION('',(0.,-1.,0.));
#756 = ORIENTED_EDGE('',*,*,#708,.F.);
#757 = CYLINDRICAL_SURFACE('',#758,1.);
#758 = AXIS2_PLACEMENT_3D('',#759,#760,#761);
#759 = CARTESIAN_POINT('',(9.633249580711,-52.,23.));
#760 = DIRECTION('',(0.,0.,1.));
#761 = DIRECTION('',(1.,0.,0.));
#762 = ADVANCED_FACE('',(#763),#788,.F.);
#763 = FACE_BOUND('',#764,.F.);
#764 = EDGE_LOOP('',(#765,#773,#774,#782));
#765 = ORIENTED_EDGE('',*,*,#766,.F.);
#766 = EDGE_CURVE('',#734,#767,#769,.T.);
#767 = VERTEX_POINT('',#768);
#768 = CARTESIAN_POINT('',(7.633249580711,-51.,23.));
#769 = LINE('',#770,#771);
#770 = CARTESIAN_POINT('',(10.633249580711,-51.,23.));
#771 = VECTOR('',#772,1.);
#772 = DIRECTION('',(-1.,0.,0.));
#773 = ORIENTED_EDGE('',*,*,#742,.T.);
#774 = ORIENTED_EDGE('',*,*,#775,.T.);
#775 = EDGE_CURVE('',#743,#776,#778,.T.);
#776 = VERTEX_POINT('',#777);
#777 = CARTESIAN_POINT('',(7.633249580711,-51.,40.));
#778 = LINE('',#779,#780);
#779 = CARTESIAN_POINT('',(10.633249580711,-51.,40.));
#780 = VECTOR('',#781,1.);
#781 = DIRECTION('',(-1.,0.,0.));
#782 = ORIENTED_EDGE('',*,*,#783,.F.);
#783 = EDGE_CURVE('',#767,#776,#784,.T.);
#784 = LINE('',#785,#786);
#785 = CARTESIAN_POINT('',(7.633249580711,-51.,23.));
#786 = VECTOR('',#787,1.);
#787 = DIRECTION('',(0.,0.,1.));
#788 = PLANE('',#789);
#789 = AXIS2_PLACEMENT_3D('',#790,#791,#792);
#790 = CARTESIAN_POINT('',(10.633249580711,-51.,23.));
#791 = DIRECTION('',(0.,-1.,0.));
#792 = DIRECTION('',(-1.,0.,0.));
#793 = ADVANCED_FACE('',(#794),#821,.T.);
#794 = FACE_BOUND('',#795,.F.);
#795 = EDGE_LOOP('',(#796,#805,#806,#815));
#796 = ORIENTED_EDGE('',*,*,#797,.T.);
#797 = EDGE_CURVE('',#798,#767,#800,.T.);
#798 = VERTEX_POINT('',#799);
#799 = CARTESIAN_POINT('',(6.633249580711,-52.,23.));
#800 = CIRCLE('',#801,1.);
#801 = AXIS2_PLACEMENT_3D('',#802,#803,#804);
#802 = CARTESIAN_POINT('',(7.633249580711,-52.,23.));
#803 = DIRECTION('',(-0.,-0.,-1.));
#804 = DIRECTION('',(0.,-1.,0.));
#805 = ORIENTED_EDGE('',*,*,#783,.T.);
#806 = ORIENTED_EDGE('',*,*,#807,.F.);
#807 = EDGE_CURVE('',#808,#776,#810,.T.);
#808 = VERTEX_POINT('',#809);
#809 = CARTESIAN_POINT('',(6.633249580711,-52.,40.));
#810 = CIRCLE('',#811,1.);
#811 = AXIS2_PLACEMENT_3D('',#812,#813,#814);
#812 = CARTESIAN_POINT('',(7.633249580711,-52.,40.));
#813 = DIRECTION('',(-0.,-0.,-1.));
#814 = DIRECTION('',(0.,-1.,0.));
#815 = ORIENTED_EDGE('',*,*,#816,.F.);
#816 = EDGE_CURVE('',#798,#808,#817,.T.);
#817 = LINE('',#818,#819);
#818 = CARTESIAN_POINT('',(6.633249580711,-52.,23.));
#819 = VECTOR('',#820,1.);
#820 = DIRECTION('',(0.,0.,1.));
#821 = CYLINDRICAL_SURFACE('',#822,1.);
#822 = AXIS2_PLACEMENT_3D('',#823,#824,#825);
#823 = CARTESIAN_POINT('',(7.633249580711,-52.,23.));
#824 = DIRECTION('',(0.,0.,1.));
#825 = DIRECTION('',(-1.,0.,0.));
#826 = ADVANCED_FACE('',(#827,#852),#863,.F.);
#827 = FACE_BOUND('',#828,.F.);
#828 = EDGE_LOOP('',(#829,#837,#838,#846));
#829 = ORIENTED_EDGE('',*,*,#830,.F.);
#830 = EDGE_CURVE('',#798,#831,#833,.T.);
#831 = VERTEX_POINT('',#832);
#832 = CARTESIAN_POINT('',(6.633249580711,-55.,23.));
#833 = LINE('',#834,#835);
#834 = CARTESIAN_POINT('',(6.633249580711,-51.,23.));
#835 = VECTOR('',#836,1.);
#836 = DIRECTION('',(0.,-1.,0.));
#837 = ORIENTED_EDGE('',*,*,#816,.T.);
#838 = ORIENTED_EDGE('',*,*,#839,.T.);
#839 = EDGE_CURVE('',#808,#840,#842,.T.);
#840 = VERTEX_POINT('',#841);
#841 = CARTESIAN_POINT('',(6.633249580711,-55.,40.));
#842 = LINE('',#843,#844);
#843 = CARTESIAN_POINT('',(6.633249580711,-51.,40.));
#844 = VECTOR('',#845,1.);
#845 = DIRECTION('',(0.,-1.,0.));
#846 = ORIENTED_EDGE('',*,*,#847,.F.);
#847 = EDGE_CURVE('',#831,#840,#848,.T.);
#848 = LINE('',#849,#850);
#849 = CARTESIAN_POINT('',(6.633249580711,-55.,23.));
#850 = VECTOR('',#851,1.);
#851 = DIRECTION('',(0.,0.,1.));
#852 = FACE_BOUND('',#853,.F.);
#853 = EDGE_LOOP('',(#854));
#854 = ORIENTED_EDGE('',*,*,#855,.F.);
#855 = EDGE_CURVE('',#856,#856,#858,.T.);
#856 = VERTEX_POINT('',#857);
#857 = CARTESIAN_POINT('',(6.633249580711,-53.5,26.5));
#858 = CIRCLE('',#859,0.75);
#859 = AXIS2_PLACEMENT_3D('',#860,#861,#862);
#860 = CARTESIAN_POINT('',(6.633249580711,-53.5,25.75));
#861 = DIRECTION('',(1.,0.,-0.));
#862 = DIRECTION('',(0.,0.,1.));
#863 = PLANE('',#864);
#864 = AXIS2_PLACEMENT_3D('',#865,#866,#867);
#865 = CARTESIAN_POINT('',(6.633249580711,-51.,23.));
#866 = DIRECTION('',(1.,0.,0.));
#867 = DIRECTION('',(0.,-1.,0.));
#868 = ADVANCED_FACE('',(#869),#896,.T.);
#869 = FACE_BOUND('',#870,.T.);
#870 = EDGE_LOOP('',(#871,#880,#888,#895));
#871 = ORIENTED_EDGE('',*,*,#872,.T.);
#872 = EDGE_CURVE('',#597,#873,#875,.T.);
#873 = VERTEX_POINT('',#874);
#874 = CARTESIAN_POINT('',(10.89316233928,-55.39438542495,0.));
#875 = CIRCLE('',#876,1.);
#876 = AXIS2_PLACEMENT_3D('',#877,#878,#879);
#877 = CARTESIAN_POINT('',(9.974217217642,-55.,0.));
#878 = DIRECTION('',(-0.,0.,1.));
#879 = DIRECTION('',(0.,-1.,0.));
#880 = ORIENTED_EDGE('',*,*,#881,.T.);
#881 = EDGE_CURVE('',#873,#882,#884,.T.);
#882 = VERTEX_POINT('',#883);
#883 = CARTESIAN_POINT('',(10.89316233928,-55.39438542495,23.));
#884 = LINE('',#885,#886);
#885 = CARTESIAN_POINT('',(10.89316233928,-55.39438542495,0.));
#886 = VECTOR('',#887,1.);
#887 = DIRECTION('',(0.,0.,1.));
#888 = ORIENTED_EDGE('',*,*,#889,.F.);
#889 = EDGE_CURVE('',#605,#882,#890,.T.);
#890 = CIRCLE('',#891,1.);
#891 = AXIS2_PLACEMENT_3D('',#892,#893,#894);
#892 = CARTESIAN_POINT('',(9.974217217642,-55.,23.));
#893 = DIRECTION('',(-0.,0.,1.));
#894 = DIRECTION('',(0.,-1.,0.));
#895 = ORIENTED_EDGE('',*,*,#604,.F.);
#896 = CYLINDRICAL_SURFACE('',#897,1.);
#897 = AXIS2_PLACEMENT_3D('',#898,#899,#900);
#898 = CARTESIAN_POINT('',(9.974217217642,-55.,0.));
#899 = DIRECTION('',(0.,0.,1.));
#900 = DIRECTION('',(0.,-1.,0.));
#901 = ADVANCED_FACE('',(#902,#936),#947,.F.);
#902 = FACE_BOUND('',#903,.F.);
#903 = EDGE_LOOP('',(#904,#914,#922,#930));
#904 = ORIENTED_EDGE('',*,*,#905,.F.);
#905 = EDGE_CURVE('',#906,#908,#910,.T.);
#906 = VERTEX_POINT('',#907);
#907 = CARTESIAN_POINT('',(-6.633249580711,-55.,23.));
#908 = VERTEX_POINT('',#909);
#909 = CARTESIAN_POINT('',(-6.633249580711,-52.,23.));
#910 = LINE('',#911,#912);
#911 = CARTESIAN_POINT('',(-6.633249580711,-56.,23.));
#912 = VECTOR('',#913,1.);
#913 = DIRECTION('',(0.,1.,0.));
#914 = ORIENTED_EDGE('',*,*,#915,.T.);
#915 = EDGE_CURVE('',#906,#916,#918,.T.);
#916 = VERTEX_POINT('',#917);
#917 = CARTESIAN_POINT('',(-6.633249580711,-55.,40.));
#918 = LINE('',#919,#920);
#919 = CARTESIAN_POINT('',(-6.633249580711,-55.,23.));
#920 = VECTOR('',#921,1.);
#921 = DIRECTION('',(0.,0.,1.));
#922 = ORIENTED_EDGE('',*,*,#923,.T.);
#923 = EDGE_CURVE('',#916,#924,#926,.T.);
#924 = VERTEX_POINT('',#925);
#925 = CARTESIAN_POINT('',(-6.633249580711,-52.,40.));
#926 = LINE('',#927,#928);
#927 = CARTESIAN_POINT('',(-6.633249580711,-56.,40.));
#928 = VECTOR('',#929,1.);
#929 = DIRECTION('',(0.,1.,0.));
#930 = ORIENTED_EDGE('',*,*,#931,.F.);
#931 = EDGE_CURVE('',#908,#924,#932,.T.);
#932 = LINE('',#933,#934);
#933 = CARTESIAN_POINT('',(-6.633249580711,-52.,23.));
#934 = VECTOR('',#935,1.);
#935 = DIRECTION('',(0.,0.,1.));
#936 = FACE_BOUND('',#937,.F.);
#937 = EDGE_LOOP('',(#938));
#938 = ORIENTED_EDGE('',*,*,#939,.T.);
#939 = EDGE_CURVE('',#940,#940,#942,.T.);
#940 = VERTEX_POINT('',#941);
#941 = CARTESIAN_POINT('',(-6.633249580711,-53.5,26.5));
#942 = CIRCLE('',#943,0.75);
#943 = AXIS2_PLACEMENT_3D('',#944,#945,#946);
#944 = CARTESIAN_POINT('',(-6.633249580711,-53.5,25.75));
#945 = DIRECTION('',(1.,0.,-0.));
#946 = DIRECTION('',(0.,0.,1.));
#947 = PLANE('',#948);
#948 = AXIS2_PLACEMENT_3D('',#949,#950,#951);
#949 = CARTESIAN_POINT('',(-6.633249580711,-56.,23.));
#950 = DIRECTION('',(-1.,0.,0.));
#951 = DIRECTION('',(0.,1.,0.));
#952 = ADVANCED_FACE('',(#953),#980,.T.);
#953 = FACE_BOUND('',#954,.T.);
#954 = EDGE_LOOP('',(#955,#964,#972,#979));
#955 = ORIENTED_EDGE('',*,*,#956,.T.);
#956 = EDGE_CURVE('',#908,#957,#959,.T.);
#957 = VERTEX_POINT('',#958);
#958 = CARTESIAN_POINT('',(-7.633249580711,-51.,23.));
#959 = CIRCLE('',#960,1.);
#960 = AXIS2_PLACEMENT_3D('',#961,#962,#963);
#961 = CARTESIAN_POINT('',(-7.633249580711,-52.,23.));
#962 = DIRECTION('',(-0.,0.,1.));
#963 = DIRECTION('',(0.,-1.,0.));
#964 = ORIENTED_EDGE('',*,*,#965,.T.);
#965 = EDGE_CURVE('',#957,#966,#968,.T.);
#966 = VERTEX_POINT('',#967);
#967 = CARTESIAN_POINT('',(-7.633249580711,-51.,40.));
#968 = LINE('',#969,#970);
#969 = CARTESIAN_POINT('',(-7.633249580711,-51.,23.));
#970 = VECTOR('',#971,1.);
#971 = DIRECTION('',(0.,0.,1.));
#972 = ORIENTED_EDGE('',*,*,#973,.F.);
#973 = EDGE_CURVE('',#924,#966,#974,.T.);
#974 = CIRCLE('',#975,1.);
#975 = AXIS2_PLACEMENT_3D('',#976,#977,#978);
#976 = CARTESIAN_POINT('',(-7.633249580711,-52.,40.));
#977 = DIRECTION('',(-0.,0.,1.));
#978 = DIRECTION('',(0.,-1.,0.));
#979 = ORIENTED_EDGE('',*,*,#931,.F.);
#980 = CYLINDRICAL_SURFACE('',#981,1.);
#981 = AXIS2_PLACEMENT_3D('',#982,#983,#984);
#982 = CARTESIAN_POINT('',(-7.633249580711,-52.,23.));
#983 = DIRECTION('',(0.,0.,1.));
#984 = DIRECTION('',(1.,0.,0.));
#985 = ADVANCED_FACE('',(#986),#1011,.F.);
#986 = FACE_BOUND('',#987,.F.);
#987 = EDGE_LOOP('',(#988,#996,#997,#1005));
#988 = ORIENTED_EDGE('',*,*,#989,.F.);
#989 = EDGE_CURVE('',#957,#990,#992,.T.);
#990 = VERTEX_POINT('',#991);
#991 = CARTESIAN_POINT('',(-9.633249580711,-51.,23.));
#992 = LINE('',#993,#994);
#993 = CARTESIAN_POINT('',(-6.633249580711,-51.,23.));
#994 = VECTOR('',#995,1.);
#995 = DIRECTION('',(-1.,0.,0.));
#996 = ORIENTED_EDGE('',*,*,#965,.T.);
#997 = ORIENTED_EDGE('',*,*,#998,.T.);
#998 = EDGE_CURVE('',#966,#999,#1001,.T.);
#999 = VERTEX_POINT('',#1000);
#1000 = CARTESIAN_POINT('',(-9.633249580711,-51.,40.));
#1001 = LINE('',#1002,#1003);
#1002 = CARTESIAN_POINT('',(-6.633249580711,-51.,40.));
#1003 = VECTOR('',#1004,1.);
#1004 = DIRECTION('',(-1.,0.,0.));
#1005 = ORIENTED_EDGE('',*,*,#1006,.F.);
#1006 = EDGE_CURVE('',#990,#999,#1007,.T.);
#1007 = LINE('',#1008,#1009);
#1008 = CARTESIAN_POINT('',(-9.633249580711,-51.,23.));
#1009 = VECTOR('',#1010,1.);
#1010 = DIRECTION('',(0.,0.,1.));
#1011 = PLANE('',#1012);
#1012 = AXIS2_PLACEMENT_3D('',#1013,#1014,#1015);
#1013 = CARTESIAN_POINT('',(-6.633249580711,-51.,23.));
#1014 = DIRECTION('',(0.,-1.,0.));
#1015 = DIRECTION('',(-1.,0.,0.));
#1016 = ADVANCED_FACE('',(#1017),#1044,.T.);
#1017 = FACE_BOUND('',#1018,.T.);
#1018 = EDGE_LOOP('',(#1019,#1028,#1036,#1043));
#1019 = ORIENTED_EDGE('',*,*,#1020,.T.);
#1020 = EDGE_CURVE('',#990,#1021,#1023,.T.);
#1021 = VERTEX_POINT('',#1022);
#1022 = CARTESIAN_POINT('',(-10.63324958071,-52.,23.));
#1023 = CIRCLE('',#1024,1.);
#1024 = AXIS2_PLACEMENT_3D('',#1025,#1026,#1027);
#1025 = CARTESIAN_POINT('',(-9.633249580711,-52.,23.));
#1026 = DIRECTION('',(-0.,0.,1.));
#1027 = DIRECTION('',(0.,-1.,0.));
#1028 = ORIENTED_EDGE('',*,*,#1029,.T.);
#1029 = EDGE_CURVE('',#1021,#1030,#1032,.T.);
#1030 = VERTEX_POINT('',#1031);
#1031 = CARTESIAN_POINT('',(-10.63324958071,-52.,40.));
#1032 = LINE('',#1033,#1034);
#1033 = CARTESIAN_POINT('',(-10.63324958071,-52.,23.));
#1034 = VECTOR('',#1035,1.);
#1035 = DIRECTION('',(0.,0.,1.));
#1036 = ORIENTED_EDGE('',*,*,#1037,.F.);
#1037 = EDGE_CURVE('',#999,#1030,#1038,.T.);
#1038 = CIRCLE('',#1039,1.);
#1039 = AXIS2_PLACEMENT_3D('',#1040,#1041,#1042);
#1040 = CARTESIAN_POINT('',(-9.633249580711,-52.,40.));
#1041 = DIRECTION('',(-0.,0.,1.));
#1042 = DIRECTION('',(0.,-1.,0.));
#1043 = ORIENTED_EDGE('',*,*,#1006,.F.);
#1044 = CYLINDRICAL_SURFACE('',#1045,1.);
#1045 = AXIS2_PLACEMENT_3D('',#1046,#1047,#1048);
#1046 = CARTESIAN_POINT('',(-9.633249580711,-52.,23.));
#1047 = DIRECTION('',(0.,0.,1.));
#1048 = DIRECTION('',(0.,1.,0.));
#1049 = ADVANCED_FACE('',(#1050,#1075),#1086,.F.);
#1050 = FACE_BOUND('',#1051,.F.);
#1051 = EDGE_LOOP('',(#1052,#1060,#1061,#1069));
#1052 = ORIENTED_EDGE('',*,*,#1053,.F.);
#1053 = EDGE_CURVE('',#1021,#1054,#1056,.T.);
#1054 = VERTEX_POINT('',#1055);
#1055 = CARTESIAN_POINT('',(-10.63324958071,-55.,23.));
#1056 = LINE('',#1057,#1058);
#1057 = CARTESIAN_POINT('',(-10.63324958071,-51.,23.));
#1058 = VECTOR('',#1059,1.);
#1059 = DIRECTION('',(0.,-1.,0.));
#1060 = ORIENTED_EDGE('',*,*,#1029,.T.);
#1061 = ORIENTED_EDGE('',*,*,#1062,.T.);
#1062 = EDGE_CURVE('',#1030,#1063,#1065,.T.);
#1063 = VERTEX_POINT('',#1064);
#1064 = CARTESIAN_POINT('',(-10.63324958071,-55.,40.));
#1065 = LINE('',#1066,#1067);
#1066 = CARTESIAN_POINT('',(-10.63324958071,-51.,40.));
#1067 = VECTOR('',#1068,1.);
#1068 = DIRECTION('',(0.,-1.,0.));
#1069 = ORIENTED_EDGE('',*,*,#1070,.F.);
#1070 = EDGE_CURVE('',#1054,#1063,#1071,.T.);
#1071 = LINE('',#1072,#1073);
#1072 = CARTESIAN_POINT('',(-10.63324958071,-55.,23.));
#1073 = VECTOR('',#1074,1.);
#1074 = DIRECTION('',(0.,0.,1.));
#1075 = FACE_BOUND('',#1076,.F.);
#1076 = EDGE_LOOP('',(#1077));
#1077 = ORIENTED_EDGE('',*,*,#1078,.T.);
#1078 = EDGE_CURVE('',#1079,#1079,#1081,.T.);
#1079 = VERTEX_POINT('',#1080);
#1080 = CARTESIAN_POINT('',(-10.63324958071,-53.5,26.5));
#1081 = CIRCLE('',#1082,0.75);
#1082 = AXIS2_PLACEMENT_3D('',#1083,#1084,#1085);
#1083 = CARTESIAN_POINT('',(-10.63324958071,-53.5,25.75));
#1084 = DIRECTION('',(-1.,0.,0.));
#1085 = DIRECTION('',(0.,0.,1.));
#1086 = PLANE('',#1087);
#1087 = AXIS2_PLACEMENT_3D('',#1088,#1089,#1090);
#1088 = CARTESIAN_POINT('',(-10.63324958071,-51.,23.));
#1089 = DIRECTION('',(1.,0.,0.));
#1090 = DIRECTION('',(0.,-1.,0.));
#1091 = ADVANCED_FACE('',(#1092),#1119,.T.);
#1092 = FACE_BOUND('',#1093,.T.);
#1093 = EDGE_LOOP('',(#1094,#1103,#1111,#1118));
#1094 = ORIENTED_EDGE('',*,*,#1095,.T.);
#1095 = EDGE_CURVE('',#1054,#1096,#1098,.T.);
#1096 = VERTEX_POINT('',#1097);
#1097 = CARTESIAN_POINT('',(-9.633249580711,-56.,23.));
#1098 = CIRCLE('',#1099,1.);
#1099 = AXIS2_PLACEMENT_3D('',#1100,#1101,#1102);
#1100 = CARTESIAN_POINT('',(-9.633249580711,-55.,23.));
#1101 = DIRECTION('',(-0.,0.,1.));
#1102 = DIRECTION('',(0.,-1.,0.));
#1103 = ORIENTED_EDGE('',*,*,#1104,.T.);
#1104 = EDGE_CURVE('',#1096,#1105,#1107,.T.);
#1105 = VERTEX_POINT('',#1106);
#1106 = CARTESIAN_POINT('',(-9.633249580711,-56.,40.));
#1107 = LINE('',#1108,#1109);
#1108 = CARTESIAN_POINT('',(-9.633249580711,-56.,23.));
#1109 = VECTOR('',#1110,1.);
#1110 = DIRECTION('',(0.,0.,1.));
#1111 = ORIENTED_EDGE('',*,*,#1112,.F.);
#1112 = EDGE_CURVE('',#1063,#1105,#1113,.T.);
#1113 = CIRCLE('',#1114,1.);
#1114 = AXIS2_PLACEMENT_3D('',#1115,#1116,#1117);
#1115 = CARTESIAN_POINT('',(-9.633249580711,-55.,40.));
#1116 = DIRECTION('',(-0.,0.,1.));
#1117 = DIRECTION('',(0.,-1.,0.));
#1118 = ORIENTED_EDGE('',*,*,#1070,.F.);
#1119 = CYLINDRICAL_SURFACE('',#1120,1.);
#1120 = AXIS2_PLACEMENT_3D('',#1121,#1122,#1123);
#1121 = CARTESIAN_POINT('',(-9.633249580711,-55.,23.));
#1122 = DIRECTION('',(0.,0.,1.));
#1123 = DIRECTION('',(-1.,0.,0.));
#1124 = ADVANCED_FACE('',(#1125),#1182,.T.);
#1125 = FACE_BOUND('',#1126,.T.);
#1126 = EDGE_LOOP('',(#1127,#1137,#1145,#1153,#1161,#1169,#1175,#1176));
#1127 = ORIENTED_EDGE('',*,*,#1128,.F.);
#1128 = EDGE_CURVE('',#1129,#1131,#1133,.T.);
#1129 = VERTEX_POINT('',#1130);
#1130 = CARTESIAN_POINT('',(-9.974217217642,-56.,0.));
#1131 = VERTEX_POINT('',#1132);
#1132 = CARTESIAN_POINT('',(-9.974217217642,-56.,23.));
#1133 = LINE('',#1134,#1135);
#1134 = CARTESIAN_POINT('',(-9.974217217642,-56.,0.));
#1135 = VECTOR('',#1136,1.);
#1136 = DIRECTION('',(0.,0.,1.));
#1137 = ORIENTED_EDGE('',*,*,#1138,.T.);
#1138 = EDGE_CURVE('',#1129,#1139,#1141,.T.);
#1139 = VERTEX_POINT('',#1140);
#1140 = CARTESIAN_POINT('',(-8.291561975888,-56.,0.));
#1141 = LINE('',#1142,#1143);
#1142 = CARTESIAN_POINT('',(-10.63324958071,-56.,0.));
#1143 = VECTOR('',#1144,1.);
#1144 = DIRECTION('',(1.,0.,0.));
#1145 = ORIENTED_EDGE('',*,*,#1146,.T.);
#1146 = EDGE_CURVE('',#1139,#1147,#1149,.T.);
#1147 = VERTEX_POINT('',#1148);
#1148 = CARTESIAN_POINT('',(-8.291561975888,-56.,23.));
#1149 = LINE('',#1150,#1151);
#1150 = CARTESIAN_POINT('',(-8.291561975889,-56.,23.));
#1151 = VECTOR('',#1152,1.);
#1152 = DIRECTION('',(0.,0.,1.));
#1153 = ORIENTED_EDGE('',*,*,#1154,.F.);
#1154 = EDGE_CURVE('',#1155,#1147,#1157,.T.);
#1155 = VERTEX_POINT('',#1156);
#1156 = CARTESIAN_POINT('',(-7.633249580711,-56.,23.));
#1157 = LINE('',#1158,#1159);
#1158 = CARTESIAN_POINT('',(-4.316624790355,-56.,23.));
#1159 = VECTOR('',#1160,1.);
#1160 = DIRECTION('',(-1.,0.,0.));
#1161 = ORIENTED_EDGE('',*,*,#1162,.T.);
#1162 = EDGE_CURVE('',#1155,#1163,#1165,.T.);
#1163 = VERTEX_POINT('',#1164);
#1164 = CARTESIAN_POINT('',(-7.633249580711,-56.,40.));
#1165 = LINE('',#1166,#1167);
#1166 = CARTESIAN_POINT('',(-7.633249580711,-56.,23.));
#1167 = VECTOR('',#1168,1.);
#1168 = DIRECTION('',(0.,0.,1.));
#1169 = ORIENTED_EDGE('',*,*,#1170,.F.);
#1170 = EDGE_CURVE('',#1105,#1163,#1171,.T.);
#1171 = LINE('',#1172,#1173);
#1172 = CARTESIAN_POINT('',(-10.63324958071,-56.,40.));
#1173 = VECTOR('',#1174,1.);
#1174 = DIRECTION('',(1.,0.,0.));
#1175 = ORIENTED_EDGE('',*,*,#1104,.F.);
#1176 = ORIENTED_EDGE('',*,*,#1177,.F.);
#1177 = EDGE_CURVE('',#1131,#1096,#1178,.T.);
#1178 = LINE('',#1179,#1180);
#1179 = CARTESIAN_POINT('',(-4.316624790355,-56.,23.));
#1180 = VECTOR('',#1181,1.);
#1181 = DIRECTION('',(1.,0.,0.));
#1182 = PLANE('',#1183);
#1183 = AXIS2_PLACEMENT_3D('',#1184,#1185,#1186);
#1184 = CARTESIAN_POINT('',(-8.633249580711,-56.,20.));
#1185 = DIRECTION('',(-0.,-1.,-0.));
#1186 = DIRECTION('',(0.,0.,-1.));
#1187 = ADVANCED_FACE('',(#1188),#1215,.T.);
#1188 = FACE_BOUND('',#1189,.F.);
#1189 = EDGE_LOOP('',(#1190,#1199,#1207,#1214));
#1190 = ORIENTED_EDGE('',*,*,#1191,.T.);
#1191 = EDGE_CURVE('',#1129,#1192,#1194,.T.);
#1192 = VERTEX_POINT('',#1193);
#1193 = CARTESIAN_POINT('',(-10.89316233928,-55.39438542495,0.));
#1194 = CIRCLE('',#1195,1.);
#1195 = AXIS2_PLACEMENT_3D('',#1196,#1197,#1198);
#1196 = CARTESIAN_POINT('',(-9.974217217642,-55.,0.));
#1197 = DIRECTION('',(-0.,-0.,-1.));
#1198 = DIRECTION('',(0.,-1.,0.));
#1199 = ORIENTED_EDGE('',*,*,#1200,.T.);
#1200 = EDGE_CURVE('',#1192,#1201,#1203,.T.);
#1201 = VERTEX_POINT('',#1202);
#1202 = CARTESIAN_POINT('',(-10.89316233928,-55.39438542495,23.));
#1203 = LINE('',#1204,#1205);
#1204 = CARTESIAN_POINT('',(-10.89316233928,-55.39438542495,0.));
#1205 = VECTOR('',#1206,1.);
#1206 = DIRECTION('',(0.,0.,1.));
#1207 = ORIENTED_EDGE('',*,*,#1208,.F.);
#1208 = EDGE_CURVE('',#1131,#1201,#1209,.T.);
#1209 = CIRCLE('',#1210,1.);
#1210 = AXIS2_PLACEMENT_3D('',#1211,#1212,#1213);
#1211 = CARTESIAN_POINT('',(-9.974217217642,-55.,23.));
#1212 = DIRECTION('',(-0.,-0.,-1.));
#1213 = DIRECTION('',(0.,-1.,0.));
#1214 = ORIENTED_EDGE('',*,*,#1128,.F.);
#1215 = CYLINDRICAL_SURFACE('',#1216,1.);
#1216 = AXIS2_PLACEMENT_3D('',#1217,#1218,#1219);
#1217 = CARTESIAN_POINT('',(-9.974217217642,-55.,0.));
#1218 = DIRECTION('',(0.,0.,1.));
#1219 = DIRECTION('',(0.,-1.,0.));
#1220 = ADVANCED_FACE('',(#1221),#1246,.F.);
#1221 = FACE_BOUND('',#1222,.F.);
#1222 = EDGE_LOOP('',(#1223,#1231,#1239,#1245));
#1223 = ORIENTED_EDGE('',*,*,#1224,.F.);
#1224 = EDGE_CURVE('',#1225,#1192,#1227,.T.);
#1225 = VERTEX_POINT('',#1226);
#1226 = CARTESIAN_POINT('',(-16.90156895615,-41.39438542495,0.));
#1227 = LINE('',#1228,#1229);
#1228 = CARTESIAN_POINT('',(-17.5,-40.,0.));
#1229 = VECTOR('',#1230,1.);
#1230 = DIRECTION('',(0.394385424957,-0.918945121638,0.));
#1231 = ORIENTED_EDGE('',*,*,#1232,.T.);
#1232 = EDGE_CURVE('',#1225,#1233,#1235,.T.);
#1233 = VERTEX_POINT('',#1234);
#1234 = CARTESIAN_POINT('',(-16.90156895615,-41.39438542495,23.));
#1235 = LINE('',#1236,#1237);
#1236 = CARTESIAN_POINT('',(-16.90156895615,-41.39438542495,0.));
#1237 = VECTOR('',#1238,1.);
#1238 = DIRECTION('',(0.,0.,1.));
#1239 = ORIENTED_EDGE('',*,*,#1240,.T.);
#1240 = EDGE_CURVE('',#1233,#1201,#1241,.T.);
#1241 = LINE('',#1242,#1243);
#1242 = CARTESIAN_POINT('',(-17.5,-40.,23.));
#1243 = VECTOR('',#1244,1.);
#1244 = DIRECTION('',(0.394385424957,-0.918945121638,0.));
#1245 = ORIENTED_EDGE('',*,*,#1200,.F.);
#1246 = PLANE('',#1247);
#1247 = AXIS2_PLACEMENT_3D('',#1248,#1249,#1250);
#1248 = CARTESIAN_POINT('',(-17.5,-40.,0.));
#1249 = DIRECTION('',(0.918945121638,0.394385424957,0.));
#1250 = DIRECTION('',(0.394385424957,-0.918945121638,0.));
#1251 = ADVANCED_FACE('',(#1252),#1279,.T.);
#1252 = FACE_BOUND('',#1253,.F.);
#1253 = EDGE_LOOP('',(#1254,#1263,#1271,#1278));
#1254 = ORIENTED_EDGE('',*,*,#1255,.T.);
#1255 = EDGE_CURVE('',#1225,#1256,#1258,.T.);
#1256 = VERTEX_POINT('',#1257);
#1257 = CARTESIAN_POINT('',(-15.98262383452,-40.,0.));
#1258 = CIRCLE('',#1259,1.);
#1259 = AXIS2_PLACEMENT_3D('',#1260,#1261,#1262);
#1260 = CARTESIAN_POINT('',(-15.98262383452,-41.,0.));
#1261 = DIRECTION('',(-0.,-0.,-1.));
#1262 = DIRECTION('',(0.,-1.,0.));
#1263 = ORIENTED_EDGE('',*,*,#1264,.T.);
#1264 = EDGE_CURVE('',#1256,#1265,#1267,.T.);
#1265 = VERTEX_POINT('',#1266);
#1266 = CARTESIAN_POINT('',(-15.98262383452,-40.,23.));
#1267 = LINE('',#1268,#1269);
#1268 = CARTESIAN_POINT('',(-15.98262383452,-40.,0.));
#1269 = VECTOR('',#1270,1.);
#1270 = DIRECTION('',(0.,0.,1.));
#1271 = ORIENTED_EDGE('',*,*,#1272,.F.);
#1272 = EDGE_CURVE('',#1233,#1265,#1273,.T.);
#1273 = CIRCLE('',#1274,1.);
#1274 = AXIS2_PLACEMENT_3D('',#1275,#1276,#1277);
#1275 = CARTESIAN_POINT('',(-15.98262383452,-41.,23.));
#1276 = DIRECTION('',(-0.,-0.,-1.));
#1277 = DIRECTION('',(0.,-1.,0.));
#1278 = ORIENTED_EDGE('',*,*,#1232,.F.);
#1279 = CYLINDRICAL_SURFACE('',#1280,1.);
#1280 = AXIS2_PLACEMENT_3D('',#1281,#1282,#1283);
#1281 = CARTESIAN_POINT('',(-15.98262383452,-41.,0.));
#1282 = DIRECTION('',(0.,0.,1.));
#1283 = DIRECTION('',(-0.918945121638,-0.394385424957,0.));
#1284 = ADVANCED_FACE('',(#1285,#1310,#1321),#1332,.T.);
#1285 = FACE_BOUND('',#1286,.T.);
#1286 = EDGE_LOOP('',(#1287,#1295,#1296,#1304));
#1287 = ORIENTED_EDGE('',*,*,#1288,.F.);
#1288 = EDGE_CURVE('',#1256,#1289,#1291,.T.);
#1289 = VERTEX_POINT('',#1290);
#1290 = CARTESIAN_POINT('',(15.98262383452,-40.,0.));
#1291 = LINE('',#1292,#1293);
#1292 = CARTESIAN_POINT('',(-17.5,-40.,0.));
#1293 = VECTOR('',#1294,1.);
#1294 = DIRECTION('',(1.,0.,0.));
#1295 = ORIENTED_EDGE('',*,*,#1264,.T.);
#1296 = ORIENTED_EDGE('',*,*,#1297,.T.);
#1297 = EDGE_CURVE('',#1265,#1298,#1300,.T.);
#1298 = VERTEX_POINT('',#1299);
#1299 = CARTESIAN_POINT('',(15.98262383452,-40.,23.));
#1300 = LINE('',#1301,#1302);
#1301 = CARTESIAN_POINT('',(-17.5,-40.,23.));
#1302 = VECTOR('',#1303,1.);
#1303 = DIRECTION('',(1.,0.,0.));
#1304 = ORIENTED_EDGE('',*,*,#1305,.F.);
#1305 = EDGE_CURVE('',#1289,#1298,#1306,.T.);
#1306 = LINE('',#1307,#1308);
#1307 = CARTESIAN_POINT('',(15.98262383452,-40.,0.));
#1308 = VECTOR('',#1309,1.);
#1309 = DIRECTION('',(0.,0.,1.));
#1310 = FACE_BOUND('',#1311,.T.);
#1311 = EDGE_LOOP('',(#1312));
#1312 = ORIENTED_EDGE('',*,*,#1313,.F.);
#1313 = EDGE_CURVE('',#1314,#1314,#1316,.T.);
#1314 = VERTEX_POINT('',#1315);
#1315 = CARTESIAN_POINT('',(-12.5,-40.,3.25));
#1316 = CIRCLE('',#1317,1.25);
#1317 = AXIS2_PLACEMENT_3D('',#1318,#1319,#1320);
#1318 = CARTESIAN_POINT('',(-11.25,-40.,3.25));
#1319 = DIRECTION('',(0.,1.,-0.));
#1320 = DIRECTION('',(-1.,0.,0.));
#1321 = FACE_BOUND('',#1322,.T.);
#1322 = EDGE_LOOP('',(#1323));
#1323 = ORIENTED_EDGE('',*,*,#1324,.F.);
#1324 = EDGE_CURVE('',#1325,#1325,#1327,.T.);
#1325 = VERTEX_POINT('',#1326);
#1326 = CARTESIAN_POINT('',(11.,-40.,3.25));
#1327 = CIRCLE('',#1328,1.25);
#1328 = AXIS2_PLACEMENT_3D('',#1329,#1330,#1331);
#1329 = CARTESIAN_POINT('',(12.25,-40.,3.25));
#1330 = DIRECTION('',(0.,1.,-0.));
#1331 = DIRECTION('',(-1.,0.,0.));
#1332 = PLANE('',#1333);
#1333 = AXIS2_PLACEMENT_3D('',#1334,#1335,#1336);
#1334 = CARTESIAN_POINT('',(-17.5,-40.,0.));
#1335 = DIRECTION('',(0.,1.,0.));
#1336 = DIRECTION('',(1.,0.,0.));
#1337 = ADVANCED_FACE('',(#1338),#1365,.T.);
#1338 = FACE_BOUND('',#1339,.T.);
#1339 = EDGE_LOOP('',(#1340,#1349,#1350,#1359));
#1340 = ORIENTED_EDGE('',*,*,#1341,.T.);
#1341 = EDGE_CURVE('',#1342,#1289,#1344,.T.);
#1342 = VERTEX_POINT('',#1343);
#1343 = CARTESIAN_POINT('',(16.901568956158,-41.39438542495,0.));
#1344 = CIRCLE('',#1345,1.);
#1345 = AXIS2_PLACEMENT_3D('',#1346,#1347,#1348);
#1346 = CARTESIAN_POINT('',(15.98262383452,-41.,0.));
#1347 = DIRECTION('',(-0.,0.,1.));
#1348 = DIRECTION('',(0.,-1.,0.));
#1349 = ORIENTED_EDGE('',*,*,#1305,.T.);
#1350 = ORIENTED_EDGE('',*,*,#1351,.F.);
#1351 = EDGE_CURVE('',#1352,#1298,#1354,.T.);
#1352 = VERTEX_POINT('',#1353);
#1353 = CARTESIAN_POINT('',(16.901568956158,-41.39438542495,23.));
#1354 = CIRCLE('',#1355,1.);
#1355 = AXIS2_PLACEMENT_3D('',#1356,#1357,#1358);
#1356 = CARTESIAN_POINT('',(15.98262383452,-41.,23.));
#1357 = DIRECTION('',(-0.,0.,1.));
#1358 = DIRECTION('',(0.,-1.,0.));
#1359 = ORIENTED_EDGE('',*,*,#1360,.F.);
#1360 = EDGE_CURVE('',#1342,#1352,#1361,.T.);
#1361 = LINE('',#1362,#1363);
#1362 = CARTESIAN_POINT('',(16.901568956158,-41.39438542495,0.));
#1363 = VECTOR('',#1364,1.);
#1364 = DIRECTION('',(0.,0.,1.));
#1365 = CYLINDRICAL_SURFACE('',#1366,1.);
#1366 = AXIS2_PLACEMENT_3D('',#1367,#1368,#1369);
#1367 = CARTESIAN_POINT('',(15.98262383452,-41.,0.));
#1368 = DIRECTION('',(0.,0.,1.));
#1369 = DIRECTION('',(0.918945121638,-0.394385424957,0.));
#1370 = ADVANCED_FACE('',(#1371,#1387),#1406,.T.);
#1371 = FACE_BOUND('',#1372,.T.);
#1372 = EDGE_LOOP('',(#1373,#1379,#1380,#1386));
#1373 = ORIENTED_EDGE('',*,*,#1374,.F.);
#1374 = EDGE_CURVE('',#1342,#873,#1375,.T.);
#1375 = LINE('',#1376,#1377);
#1376 = CARTESIAN_POINT('',(17.5,-40.,0.));
#1377 = VECTOR('',#1378,1.);
#1378 = DIRECTION('',(-0.394385424957,-0.918945121638,0.));
#1379 = ORIENTED_EDGE('',*,*,#1360,.T.);
#1380 = ORIENTED_EDGE('',*,*,#1381,.T.);
#1381 = EDGE_CURVE('',#1352,#882,#1382,.T.);
#1382 = LINE('',#1383,#1384);
#1383 = CARTESIAN_POINT('',(17.5,-40.,23.));
#1384 = VECTOR('',#1385,1.);
#1385 = DIRECTION('',(-0.394385424957,-0.918945121638,0.));
#1386 = ORIENTED_EDGE('',*,*,#881,.F.);
#1387 = FACE_BOUND('',#1388,.T.);
#1388 = EDGE_LOOP('',(#1389,#1400));
#1389 = ORIENTED_EDGE('',*,*,#1390,.F.);
#1390 = EDGE_CURVE('',#1391,#1393,#1395,.T.);
#1391 = VERTEX_POINT('',#1392);
#1392 = CARTESIAN_POINT('',(13.208280987944,-50.,2.447380819975));
#1393 = VERTEX_POINT('',#1394);
#1394 = CARTESIAN_POINT('',(13.208280987944,-50.,4.052619180025));
#1395 = ELLIPSE('',#1396,3.169488325125,1.25);
#1396 = AXIS2_PLACEMENT_3D('',#1397,#1398,#1399);
#1397 = CARTESIAN_POINT('',(12.25,-52.23286050473,3.25));
#1398 = DIRECTION('',(0.918945121638,-0.394385424957,6.97368264635E-34)
  );
#1399 = DIRECTION('',(0.394385424957,0.918945121638,-2.4E-16));
#1400 = ORIENTED_EDGE('',*,*,#1401,.T.);
#1401 = EDGE_CURVE('',#1391,#1393,#1402,.T.);
#1402 = LINE('',#1403,#1404);
#1403 = CARTESIAN_POINT('',(13.208280987944,-50.,1.625));
#1404 = VECTOR('',#1405,1.);
#1405 = DIRECTION('',(0.,0.,1.));
#1406 = PLANE('',#1407);
#1407 = AXIS2_PLACEMENT_3D('',#1408,#1409,#1410);
#1408 = CARTESIAN_POINT('',(17.5,-40.,0.));
#1409 = DIRECTION('',(0.918945121638,-0.394385424957,0.));
#1410 = DIRECTION('',(-0.394385424957,-0.918945121638,0.));
#1411 = ADVANCED_FACE('',(#1412),#1430,.T.);
#1412 = FACE_BOUND('',#1413,.F.);
#1413 = EDGE_LOOP('',(#1414,#1421,#1422,#1429));
#1414 = ORIENTED_EDGE('',*,*,#1415,.T.);
#1415 = EDGE_CURVE('',#637,#831,#1416,.T.);
#1416 = CIRCLE('',#1417,1.);
#1417 = AXIS2_PLACEMENT_3D('',#1418,#1419,#1420);
#1418 = CARTESIAN_POINT('',(7.633249580711,-55.,23.));
#1419 = DIRECTION('',(-0.,-0.,-1.));
#1420 = DIRECTION('',(0.,-1.,0.));
#1421 = ORIENTED_EDGE('',*,*,#847,.T.);
#1422 = ORIENTED_EDGE('',*,*,#1423,.F.);
#1423 = EDGE_CURVE('',#629,#840,#1424,.T.);
#1424 = CIRCLE('',#1425,1.);
#1425 = AXIS2_PLACEMENT_3D('',#1426,#1427,#1428);
#1426 = CARTESIAN_POINT('',(7.633249580711,-55.,40.));
#1427 = DIRECTION('',(-0.,-0.,-1.));
#1428 = DIRECTION('',(0.,-1.,0.));
#1429 = ORIENTED_EDGE('',*,*,#636,.F.);
#1430 = CYLINDRICAL_SURFACE('',#1431,1.);
#1431 = AXIS2_PLACEMENT_3D('',#1432,#1433,#1434);
#1432 = CARTESIAN_POINT('',(7.633249580711,-55.,23.));
#1433 = DIRECTION('',(0.,0.,1.));
#1434 = DIRECTION('',(0.,-1.,0.));
#1435 = ADVANCED_FACE('',(#1436),#1446,.T.);
#1436 = FACE_BOUND('',#1437,.T.);
#1437 = EDGE_LOOP('',(#1438,#1439,#1440,#1441,#1442,#1443,#1444,#1445));
#1438 = ORIENTED_EDGE('',*,*,#628,.T.);
#1439 = ORIENTED_EDGE('',*,*,#675,.T.);
#1440 = ORIENTED_EDGE('',*,*,#700,.T.);
#1441 = ORIENTED_EDGE('',*,*,#750,.T.);
#1442 = ORIENTED_EDGE('',*,*,#775,.T.);
#1443 = ORIENTED_EDGE('',*,*,#807,.F.);
#1444 = ORIENTED_EDGE('',*,*,#839,.T.);
#1445 = ORIENTED_EDGE('',*,*,#1423,.F.);
#1446 = PLANE('',#1447);
#1447 = AXIS2_PLACEMENT_3D('',#1448,#1449,#1450);
#1448 = CARTESIAN_POINT('',(7.6E-16,-53.5,40.));
#1449 = DIRECTION('',(0.,0.,1.));
#1450 = DIRECTION('',(1.,0.,0.));
#1451 = ADVANCED_FACE('',(#1452),#1463,.F.);
#1452 = FACE_BOUND('',#1453,.T.);
#1453 = EDGE_LOOP('',(#1454,#1455,#1461,#1462));
#1454 = ORIENTED_EDGE('',*,*,#855,.F.);
#1455 = ORIENTED_EDGE('',*,*,#1456,.T.);
#1456 = EDGE_CURVE('',#856,#717,#1457,.T.);
#1457 = LINE('',#1458,#1459);
#1458 = CARTESIAN_POINT('',(-10.63324958071,-53.5,26.5));
#1459 = VECTOR('',#1460,1.);
#1460 = DIRECTION('',(1.,0.,-6.E-17));
#1461 = ORIENTED_EDGE('',*,*,#716,.T.);
#1462 = ORIENTED_EDGE('',*,*,#1456,.F.);
#1463 = CYLINDRICAL_SURFACE('',#1464,0.75);
#1464 = AXIS2_PLACEMENT_3D('',#1465,#1466,#1467);
#1465 = CARTESIAN_POINT('',(-10.63324958071,-53.5,25.75));
#1466 = DIRECTION('',(1.,0.,0.));
#1467 = DIRECTION('',(0.,0.,1.));
#1468 = ADVANCED_FACE('',(#1469),#1487,.T.);
#1469 = FACE_BOUND('',#1470,.F.);
#1470 = EDGE_LOOP('',(#1471,#1478,#1479,#1486));
#1471 = ORIENTED_EDGE('',*,*,#1472,.T.);
#1472 = EDGE_CURVE('',#906,#1155,#1473,.T.);
#1473 = CIRCLE('',#1474,1.);
#1474 = AXIS2_PLACEMENT_3D('',#1475,#1476,#1477);
#1475 = CARTESIAN_POINT('',(-7.633249580711,-55.,23.));
#1476 = DIRECTION('',(-0.,-0.,-1.));
#1477 = DIRECTION('',(0.,-1.,0.));
#1478 = ORIENTED_EDGE('',*,*,#1162,.T.);
#1479 = ORIENTED_EDGE('',*,*,#1480,.F.);
#1480 = EDGE_CURVE('',#916,#1163,#1481,.T.);
#1481 = CIRCLE('',#1482,1.);
#1482 = AXIS2_PLACEMENT_3D('',#1483,#1484,#1485);
#1483 = CARTESIAN_POINT('',(-7.633249580711,-55.,40.));
#1484 = DIRECTION('',(-0.,-0.,-1.));
#1485 = DIRECTION('',(0.,-1.,0.));
#1486 = ORIENTED_EDGE('',*,*,#915,.F.);
#1487 = CYLINDRICAL_SURFACE('',#1488,1.);
#1488 = AXIS2_PLACEMENT_3D('',#1489,#1490,#1491);
#1489 = CARTESIAN_POINT('',(-7.633249580711,-55.,23.));
#1490 = DIRECTION('',(0.,0.,1.));
#1491 = DIRECTION('',(1.,0.,0.));
#1492 = ADVANCED_FACE('',(#1493),#1503,.T.);
#1493 = FACE_BOUND('',#1494,.T.);
#1494 = EDGE_LOOP('',(#1495,#1496,#1497,#1498,#1499,#1500,#1501,#1502));
#1495 = ORIENTED_EDGE('',*,*,#1170,.T.);
#1496 = ORIENTED_EDGE('',*,*,#1480,.F.);
#1497 = ORIENTED_EDGE('',*,*,#923,.T.);
#1498 = ORIENTED_EDGE('',*,*,#973,.T.);
#1499 = ORIENTED_EDGE('',*,*,#998,.T.);
#1500 = ORIENTED_EDGE('',*,*,#1037,.T.);
#1501 = ORIENTED_EDGE('',*,*,#1062,.T.);
#1502 = ORIENTED_EDGE('',*,*,#1112,.T.);
#1503 = PLANE('',#1504);
#1504 = AXIS2_PLACEMENT_3D('',#1505,#1506,#1507);
#1505 = CARTESIAN_POINT('',(7.6E-16,-53.5,40.));
#1506 = DIRECTION('',(0.,0.,1.));
#1507 = DIRECTION('',(1.,0.,0.));
#1508 = ADVANCED_FACE('',(#1509),#1520,.F.);
#1509 = FACE_BOUND('',#1510,.T.);
#1510 = EDGE_LOOP('',(#1511,#1517,#1518,#1519));
#1511 = ORIENTED_EDGE('',*,*,#1512,.F.);
#1512 = EDGE_CURVE('',#1079,#940,#1513,.T.);
#1513 = LINE('',#1514,#1515);
#1514 = CARTESIAN_POINT('',(-10.63324958071,-53.5,26.5));
#1515 = VECTOR('',#1516,1.);
#1516 = DIRECTION('',(1.,0.,-6.E-17));
#1517 = ORIENTED_EDGE('',*,*,#1078,.T.);
#1518 = ORIENTED_EDGE('',*,*,#1512,.T.);
#1519 = ORIENTED_EDGE('',*,*,#939,.T.);
#1520 = CYLINDRICAL_SURFACE('',#1521,0.75);
#1521 = AXIS2_PLACEMENT_3D('',#1522,#1523,#1524);
#1522 = CARTESIAN_POINT('',(-10.63324958071,-53.5,25.75));
#1523 = DIRECTION('',(1.,0.,0.));
#1524 = DIRECTION('',(0.,0.,1.));
#1525 = ADVANCED_FACE('',(#1526),#1545,.F.);
#1526 = FACE_BOUND('',#1527,.F.);
#1527 = EDGE_LOOP('',(#1528,#1536,#1543,#1544));
#1528 = ORIENTED_EDGE('',*,*,#1529,.T.);
#1529 = EDGE_CURVE('',#1314,#1530,#1532,.T.);
#1530 = VERTEX_POINT('',#1531);
#1531 = CARTESIAN_POINT('',(-12.5,-50.,3.25));
#1532 = LINE('',#1533,#1534);
#1533 = CARTESIAN_POINT('',(-12.5,-40.,3.25));
#1534 = VECTOR('',#1535,1.);
#1535 = DIRECTION('',(0.,-1.,2.2E-16));
#1536 = ORIENTED_EDGE('',*,*,#1537,.T.);
#1537 = EDGE_CURVE('',#1530,#1530,#1538,.T.);
#1538 = CIRCLE('',#1539,1.25);
#1539 = AXIS2_PLACEMENT_3D('',#1540,#1541,#1542);
#1540 = CARTESIAN_POINT('',(-11.25,-50.,3.25));
#1541 = DIRECTION('',(0.,1.,-0.));
#1542 = DIRECTION('',(-1.,0.,0.));
#1543 = ORIENTED_EDGE('',*,*,#1529,.F.);
#1544 = ORIENTED_EDGE('',*,*,#1313,.F.);
#1545 = CYLINDRICAL_SURFACE('',#1546,1.25);
#1546 = AXIS2_PLACEMENT_3D('',#1547,#1548,#1549);
#1547 = CARTESIAN_POINT('',(-11.25,-40.,3.25));
#1548 = DIRECTION('',(0.,1.,-2.2E-16));
#1549 = DIRECTION('',(-1.,0.,0.));
#1550 = ADVANCED_FACE('',(#1551),#1578,.F.);
#1551 = FACE_BOUND('',#1552,.F.);
#1552 = EDGE_LOOP('',(#1553,#1554,#1562,#1569,#1570,#1577));
#1553 = ORIENTED_EDGE('',*,*,#1324,.F.);
#1554 = ORIENTED_EDGE('',*,*,#1555,.T.);
#1555 = EDGE_CURVE('',#1325,#1556,#1558,.T.);
#1556 = VERTEX_POINT('',#1557);
#1557 = CARTESIAN_POINT('',(11.,-50.,3.25));
#1558 = LINE('',#1559,#1560);
#1559 = CARTESIAN_POINT('',(11.,-40.,3.25));
#1560 = VECTOR('',#1561,1.);
#1561 = DIRECTION('',(0.,-1.,2.2E-16));
#1562 = ORIENTED_EDGE('',*,*,#1563,.T.);
#1563 = EDGE_CURVE('',#1556,#1393,#1564,.T.);
#1564 = CIRCLE('',#1565,1.25);
#1565 = AXIS2_PLACEMENT_3D('',#1566,#1567,#1568);
#1566 = CARTESIAN_POINT('',(12.25,-50.,3.25));
#1567 = DIRECTION('',(0.,1.,-0.));
#1568 = DIRECTION('',(-1.,0.,0.));
#1569 = ORIENTED_EDGE('',*,*,#1390,.F.);
#1570 = ORIENTED_EDGE('',*,*,#1571,.T.);
#1571 = EDGE_CURVE('',#1391,#1556,#1572,.T.);
#1572 = CIRCLE('',#1573,1.25);
#1573 = AXIS2_PLACEMENT_3D('',#1574,#1575,#1576);
#1574 = CARTESIAN_POINT('',(12.25,-50.,3.25));
#1575 = DIRECTION('',(0.,1.,-0.));
#1576 = DIRECTION('',(-1.,0.,0.));
#1577 = ORIENTED_EDGE('',*,*,#1555,.F.);
#1578 = CYLINDRICAL_SURFACE('',#1579,1.25);
#1579 = AXIS2_PLACEMENT_3D('',#1580,#1581,#1582);
#1580 = CARTESIAN_POINT('',(12.25,-40.,3.25));
#1581 = DIRECTION('',(0.,1.,-2.2E-16));
#1582 = DIRECTION('',(-1.,0.,0.));
#1583 = ADVANCED_FACE('',(#1584),#1589,.T.);
#1584 = FACE_BOUND('',#1585,.T.);
#1585 = EDGE_LOOP('',(#1586,#1587,#1588));
#1586 = ORIENTED_EDGE('',*,*,#1571,.T.);
#1587 = ORIENTED_EDGE('',*,*,#1563,.T.);
#1588 = ORIENTED_EDGE('',*,*,#1401,.F.);
#1589 = PLANE('',#1590);
#1590 = AXIS2_PLACEMENT_3D('',#1591,#1592,#1593);
#1591 = CARTESIAN_POINT('',(0.5,-50.,3.25));
#1592 = DIRECTION('',(0.,1.,0.));
#1593 = DIRECTION('',(0.,0.,1.));
#1594 = ADVANCED_FACE('',(#1595),#1598,.T.);
#1595 = FACE_BOUND('',#1596,.T.);
#1596 = EDGE_LOOP('',(#1597));
#1597 = ORIENTED_EDGE('',*,*,#1537,.T.);
#1598 = PLANE('',#1599);
#1599 = AXIS2_PLACEMENT_3D('',#1600,#1601,#1602);
#1600 = CARTESIAN_POINT('',(0.5,-50.,3.25));
#1601 = DIRECTION('',(0.,1.,0.));
#1602 = DIRECTION('',(0.,0.,1.));
#1603 = ADVANCED_FACE('',(#1604,#1647),#1676,.T.);
#1604 = FACE_BOUND('',#1605,.T.);
#1605 = EDGE_LOOP('',(#1606,#1607,#1608,#1609,#1610,#1611,#1612,#1613,
    #1614,#1615,#1616,#1617,#1618,#1619,#1620,#1621,#1622,#1623,#1632,
    #1639,#1640,#1641,#1642,#1643,#1644,#1645,#1646));
#1606 = ORIENTED_EDGE('',*,*,#612,.F.);
#1607 = ORIENTED_EDGE('',*,*,#889,.T.);
#1608 = ORIENTED_EDGE('',*,*,#1381,.F.);
#1609 = ORIENTED_EDGE('',*,*,#1351,.T.);
#1610 = ORIENTED_EDGE('',*,*,#1297,.F.);
#1611 = ORIENTED_EDGE('',*,*,#1272,.F.);
#1612 = ORIENTED_EDGE('',*,*,#1240,.T.);
#1613 = ORIENTED_EDGE('',*,*,#1208,.F.);
#1614 = ORIENTED_EDGE('',*,*,#1177,.T.);
#1615 = ORIENTED_EDGE('',*,*,#1095,.F.);
#1616 = ORIENTED_EDGE('',*,*,#1053,.F.);
#1617 = ORIENTED_EDGE('',*,*,#1020,.F.);
#1618 = ORIENTED_EDGE('',*,*,#989,.F.);
#1619 = ORIENTED_EDGE('',*,*,#956,.F.);
#1620 = ORIENTED_EDGE('',*,*,#905,.F.);
#1621 = ORIENTED_EDGE('',*,*,#1472,.T.);
#1622 = ORIENTED_EDGE('',*,*,#1154,.T.);
#1623 = ORIENTED_EDGE('',*,*,#1624,.T.);
#1624 = EDGE_CURVE('',#1147,#1625,#1627,.T.);
#1625 = VERTEX_POINT('',#1626);
#1626 = CARTESIAN_POINT('',(9.,-59.5,23.));
#1627 = CIRCLE('',#1628,9.);
#1628 = AXIS2_PLACEMENT_3D('',#1629,#1630,#1631);
#1629 = CARTESIAN_POINT('',(0.,-59.5,23.));
#1630 = DIRECTION('',(0.,0.,1.));
#1631 = DIRECTION('',(1.,0.,0.));
#1632 = ORIENTED_EDGE('',*,*,#1633,.T.);
#1633 = EDGE_CURVE('',#1625,#589,#1634,.T.);
#1634 = CIRCLE('',#1635,9.);
#1635 = AXIS2_PLACEMENT_3D('',#1636,#1637,#1638);
#1636 = CARTESIAN_POINT('',(0.,-59.5,23.));
#1637 = DIRECTION('',(0.,0.,1.));
#1638 = DIRECTION('',(1.,0.,0.));
#1639 = ORIENTED_EDGE('',*,*,#644,.T.);
#1640 = ORIENTED_EDGE('',*,*,#1415,.T.);
#1641 = ORIENTED_EDGE('',*,*,#830,.F.);
#1642 = ORIENTED_EDGE('',*,*,#797,.T.);
#1643 = ORIENTED_EDGE('',*,*,#766,.F.);
#1644 = ORIENTED_EDGE('',*,*,#733,.F.);
#1645 = ORIENTED_EDGE('',*,*,#691,.F.);
#1646 = ORIENTED_EDGE('',*,*,#658,.F.);
#1647 = FACE_BOUND('',#1648,.T.);
#1648 = EDGE_LOOP('',(#1649,#1660,#1669));
#1649 = ORIENTED_EDGE('',*,*,#1650,.F.);
#1650 = EDGE_CURVE('',#1651,#1653,#1655,.T.);
#1651 = VERTEX_POINT('',#1652);
#1652 = CARTESIAN_POINT('',(6.362737544936,-55.5294117647,23.));
#1653 = VERTEX_POINT('',#1654);
#1654 = CARTESIAN_POINT('',(-6.362737544936,-55.5294117647,23.));
#1655 = CIRCLE('',#1656,7.5);
#1656 = AXIS2_PLACEMENT_3D('',#1657,#1658,#1659);
#1657 = CARTESIAN_POINT('',(0.,-59.5,23.));
#1658 = DIRECTION('',(0.,0.,1.));
#1659 = DIRECTION('',(1.,0.,-0.));
#1660 = ORIENTED_EDGE('',*,*,#1661,.F.);
#1661 = EDGE_CURVE('',#1662,#1651,#1664,.T.);
#1662 = VERTEX_POINT('',#1663);
#1663 = CARTESIAN_POINT('',(7.5,-59.5,23.));
#1664 = CIRCLE('',#1665,7.5);
#1665 = AXIS2_PLACEMENT_3D('',#1666,#1667,#1668);
#1666 = CARTESIAN_POINT('',(0.,-59.5,23.));
#1667 = DIRECTION('',(0.,0.,1.));
#1668 = DIRECTION('',(1.,0.,-0.));
#1669 = ORIENTED_EDGE('',*,*,#1670,.F.);
#1670 = EDGE_CURVE('',#1653,#1662,#1671,.T.);
#1671 = CIRCLE('',#1672,7.5);
#1672 = AXIS2_PLACEMENT_3D('',#1673,#1674,#1675);
#1673 = CARTESIAN_POINT('',(0.,-59.5,23.));
#1674 = DIRECTION('',(0.,0.,1.));
#1675 = DIRECTION('',(1.,0.,-0.));
#1676 = PLANE('',#1677);
#1677 = AXIS2_PLACEMENT_3D('',#1678,#1679,#1680);
#1678 = CARTESIAN_POINT('',(3.962821300618E-02,-51.14666787138,23.));
#1679 = DIRECTION('',(0.,0.,1.));
#1680 = DIRECTION('',(1.,0.,-0.));
#1681 = ADVANCED_FACE('',(#1682,#1709),#1738,.T.);
#1682 = FACE_BOUND('',#1683,.T.);
#1683 = EDGE_LOOP('',(#1684,#1685,#1686,#1687,#1688,#1689,#1690,#1691,
    #1692,#1693,#1702));
#1684 = ORIENTED_EDGE('',*,*,#1138,.F.);
#1685 = ORIENTED_EDGE('',*,*,#1191,.T.);
#1686 = ORIENTED_EDGE('',*,*,#1224,.F.);
#1687 = ORIENTED_EDGE('',*,*,#1255,.T.);
#1688 = ORIENTED_EDGE('',*,*,#1288,.T.);
#1689 = ORIENTED_EDGE('',*,*,#1341,.F.);
#1690 = ORIENTED_EDGE('',*,*,#1374,.T.);
#1691 = ORIENTED_EDGE('',*,*,#872,.F.);
#1692 = ORIENTED_EDGE('',*,*,#596,.F.);
#1693 = ORIENTED_EDGE('',*,*,#1694,.F.);
#1694 = EDGE_CURVE('',#1695,#587,#1697,.T.);
#1695 = VERTEX_POINT('',#1696);
#1696 = CARTESIAN_POINT('',(9.,-59.5,0.));
#1697 = CIRCLE('',#1698,9.);
#1698 = AXIS2_PLACEMENT_3D('',#1699,#1700,#1701);
#1699 = CARTESIAN_POINT('',(0.,-59.5,0.));
#1700 = DIRECTION('',(0.,0.,1.));
#1701 = DIRECTION('',(1.,0.,0.));
#1702 = ORIENTED_EDGE('',*,*,#1703,.F.);
#1703 = EDGE_CURVE('',#1139,#1695,#1704,.T.);
#1704 = CIRCLE('',#1705,9.);
#1705 = AXIS2_PLACEMENT_3D('',#1706,#1707,#1708);
#1706 = CARTESIAN_POINT('',(0.,-59.5,0.));
#1707 = DIRECTION('',(0.,0.,1.));
#1708 = DIRECTION('',(1.,0.,0.));
#1709 = FACE_BOUND('',#1710,.T.);
#1710 = EDGE_LOOP('',(#1711,#1722,#1731));
#1711 = ORIENTED_EDGE('',*,*,#1712,.T.);
#1712 = EDGE_CURVE('',#1713,#1715,#1717,.T.);
#1713 = VERTEX_POINT('',#1714);
#1714 = CARTESIAN_POINT('',(6.362737544936,-55.5294117647,0.));
#1715 = VERTEX_POINT('',#1716);
#1716 = CARTESIAN_POINT('',(-6.362737544936,-55.5294117647,0.));
#1717 = CIRCLE('',#1718,7.5);
#1718 = AXIS2_PLACEMENT_3D('',#1719,#1720,#1721);
#1719 = CARTESIAN_POINT('',(0.,-59.5,0.));
#1720 = DIRECTION('',(0.,0.,1.));
#1721 = DIRECTION('',(1.,0.,-0.));
#1722 = ORIENTED_EDGE('',*,*,#1723,.T.);
#1723 = EDGE_CURVE('',#1715,#1724,#1726,.T.);
#1724 = VERTEX_POINT('',#1725);
#1725 = CARTESIAN_POINT('',(7.5,-59.5,0.));
#1726 = CIRCLE('',#1727,7.5);
#1727 = AXIS2_PLACEMENT_3D('',#1728,#1729,#1730);
#1728 = CARTESIAN_POINT('',(0.,-59.5,0.));
#1729 = DIRECTION('',(0.,0.,1.));
#1730 = DIRECTION('',(1.,0.,-0.));
#1731 = ORIENTED_EDGE('',*,*,#1732,.T.);
#1732 = EDGE_CURVE('',#1724,#1713,#1733,.T.);
#1733 = CIRCLE('',#1734,7.5);
#1734 = AXIS2_PLACEMENT_3D('',#1735,#1736,#1737);
#1735 = CARTESIAN_POINT('',(0.,-59.5,0.));
#1736 = DIRECTION('',(0.,0.,1.));
#1737 = DIRECTION('',(1.,0.,-0.));
#1738 = PLANE('',#1739);
#1739 = AXIS2_PLACEMENT_3D('',#1740,#1741,#1742);
#1740 = CARTESIAN_POINT('',(4.977770853097E-02,-50.67094173028,0.));
#1741 = DIRECTION('',(-0.,-0.,-1.));
#1742 = DIRECTION('',(-1.,0.,0.));
#1743 = ADVANCED_FACE('',(#1744),#1752,.T.);
#1744 = FACE_BOUND('',#1745,.T.);
#1745 = EDGE_LOOP('',(#1746,#1747,#1748,#1749,#1750,#1751));
#1746 = ORIENTED_EDGE('',*,*,#1624,.F.);
#1747 = ORIENTED_EDGE('',*,*,#1146,.F.);
#1748 = ORIENTED_EDGE('',*,*,#1703,.T.);
#1749 = ORIENTED_EDGE('',*,*,#1694,.T.);
#1750 = ORIENTED_EDGE('',*,*,#586,.T.);
#1751 = ORIENTED_EDGE('',*,*,#1633,.F.);
#1752 = CYLINDRICAL_SURFACE('',#1753,9.);
#1753 = AXIS2_PLACEMENT_3D('',#1754,#1755,#1756);
#1754 = CARTESIAN_POINT('',(0.,-59.5,23.));
#1755 = DIRECTION('',(0.,0.,1.));
#1756 = DIRECTION('',(1.,0.,-0.));
#1757 = ADVANCED_FACE('',(#1758),#1772,.F.);
#1758 = FACE_BOUND('',#1759,.T.);
#1759 = EDGE_LOOP('',(#1760,#1761,#1766,#1767,#1768,#1769,#1770,#1771));
#1760 = ORIENTED_EDGE('',*,*,#1670,.T.);
#1761 = ORIENTED_EDGE('',*,*,#1762,.T.);
#1762 = EDGE_CURVE('',#1662,#1724,#1763,.T.);
#1763 = B_SPLINE_CURVE_WITH_KNOTS('',1,(#1764,#1765),.UNSPECIFIED.,.F.,
  .F.,(2,2),(-23.,0.),.PIECEWISE_BEZIER_KNOTS.);
#1764 = CARTESIAN_POINT('',(7.5,-59.5,23.));
#1765 = CARTESIAN_POINT('',(7.5,-59.5,0.));
#1766 = ORIENTED_EDGE('',*,*,#1723,.F.);
#1767 = ORIENTED_EDGE('',*,*,#1712,.F.);
#1768 = ORIENTED_EDGE('',*,*,#1732,.F.);
#1769 = ORIENTED_EDGE('',*,*,#1762,.F.);
#1770 = ORIENTED_EDGE('',*,*,#1661,.T.);
#1771 = ORIENTED_EDGE('',*,*,#1650,.T.);
#1772 = CYLINDRICAL_SURFACE('',#1773,7.5);
#1773 = AXIS2_PLACEMENT_3D('',#1774,#1775,#1776);
#1774 = CARTESIAN_POINT('',(0.,-59.5,0.));
#1775 = DIRECTION('',(-0.,-0.,-1.));
#1776 = DIRECTION('',(1.,0.,0.));
#1777 = ( GEOMETRIC_REPRESENTATION_CONTEXT(3) 
GLOBAL_UNCERTAINTY_ASSIGNED_CONTEXT((#1781)) 
GLOBAL_UNIT_ASSIGNED_CONTEXT((#1778,#1779,#1780)) REPRESENTATION_CONTEXT
('Context #1','3D Context with UNIT and UNCERTAINTY') );
#1778 = ( LENGTH_UNIT() NAMED_UNIT(*) SI_UNIT(.MILLI.,.METRE.) );
#1779 = ( NAMED_UNIT(*) PLANE_ANGLE_UNIT() SI_UNIT($,.RADIAN.) );
#1780 = ( NAMED_UNIT(*) SI_UNIT($,.STERADIAN.) SOLID_ANGLE_UNIT() );
#1781 = UNCERTAINTY_MEASURE_WITH_UNIT(LENGTH_MEASURE(5.E-05),#1778,
  'distance_accuracy_value','confusion accuracy');
#1782 = CONTEXT_DEPENDENT_SHAPE_REPRESENTATION(#1783,#1785);
#1783 = ( REPRESENTATION_RELATIONSHIP('','',#579,#10) 
REPRESENTATION_RELATIONSHIP_WITH_TRANSFORMATION(#1784) 
SHAPE_REPRESENTATION_RELATIONSHIP() );
#1784 = ITEM_DEFINED_TRANSFORMATION('','',#11,#19);
#1785 = PRODUCT_DEFINITION_SHAPE('Placement','Placement of an item',
  #1786);
#1786 = NEXT_ASSEMBLY_USAGE_OCCURRENCE('2','Base001','',#5,#574,$);
#1787 = PRODUCT_RELATED_PRODUCT_CATEGORY('part',$,(#576));
#1788 = SHAPE_DEFINITION_REPRESENTATION(#1789,#1795);
#1789 = PRODUCT_DEFINITION_SHAPE('','',#1790);
#1790 = PRODUCT_DEFINITION('design','',#1791,#1794);
#1791 = PRODUCT_DEFINITION_FORMATION('','',#1792);
#1792 = PRODUCT('PenHolder001','PenHolder001','',(#1793));
#1793 = PRODUCT_CONTEXT('',#2,'mechanical');
#1794 = PRODUCT_DEFINITION_CONTEXT('part definition',#2,'design');
#1795 = ADVANCED_BREP_SHAPE_REPRESENTATION('',(#11,#1796),#3030);
#1796 = MANIFOLD_SOLID_BREP('',#1797);
#1797 = CLOSED_SHELL('',(#1798,#1858,#2168,#2192,#2495,#2512,#2526,#2538
    ,#2562,#2595,#2695,#2721,#2738,#2755,#2772,#2789,#2882,#2899,#2916,
    #2933,#2950,#2962,#2979,#2996,#3013));
#1798 = ADVANCED_FACE('',(#1799),#1853,.F.);
#1799 = FACE_BOUND('',#1800,.F.);
#1800 = EDGE_LOOP('',(#1801,#1812,#1821,#1829,#1838,#1847));
#1801 = ORIENTED_EDGE('',*,*,#1802,.F.);
#1802 = EDGE_CURVE('',#1803,#1805,#1807,.T.);
#1803 = VERTEX_POINT('',#1804);
#1804 = CARTESIAN_POINT('',(7.25,-60.,-35.));
#1805 = VERTEX_POINT('',#1806);
#1806 = CARTESIAN_POINT('',(-6.046693311224,-56.,-35.));
#1807 = CIRCLE('',#1808,7.25);
#1808 = AXIS2_PLACEMENT_3D('',#1809,#1810,#1811);
#1809 = CARTESIAN_POINT('',(3.52E-15,-60.,-35.));
#1810 = DIRECTION('',(0.,0.,-1.));
#1811 = DIRECTION('',(1.,0.,0.));
#1812 = ORIENTED_EDGE('',*,*,#1813,.F.);
#1813 = EDGE_CURVE('',#1814,#1803,#1816,.T.);
#1814 = VERTEX_POINT('',#1815);
#1815 = CARTESIAN_POINT('',(6.046693311224,-56.,-35.));
#1816 = CIRCLE('',#1817,7.25);
#1817 = AXIS2_PLACEMENT_3D('',#1818,#1819,#1820);
#1818 = CARTESIAN_POINT('',(3.52E-15,-60.,-35.));
#1819 = DIRECTION('',(0.,0.,-1.));
#1820 = DIRECTION('',(1.,0.,0.));
#1821 = ORIENTED_EDGE('',*,*,#1822,.F.);
#1822 = EDGE_CURVE('',#1823,#1814,#1825,.T.);
#1823 = VERTEX_POINT('',#1824);
#1824 = CARTESIAN_POINT('',(3.,-56.,-35.));
#1825 = LINE('',#1826,#1827);
#1826 = CARTESIAN_POINT('',(3.,-56.,-35.));
#1827 = VECTOR('',#1828,1.);
#1828 = DIRECTION('',(1.,0.,0.));
#1829 = ORIENTED_EDGE('',*,*,#1830,.T.);
#1830 = EDGE_CURVE('',#1823,#1831,#1833,.T.);
#1831 = VERTEX_POINT('',#1832);
#1832 = CARTESIAN_POINT('',(5.,-60.,-35.));
#1833 = CIRCLE('',#1834,5.);
#1834 = AXIS2_PLACEMENT_3D('',#1835,#1836,#1837);
#1835 = CARTESIAN_POINT('',(3.52E-15,-60.,-35.));
#1836 = DIRECTION('',(0.,0.,-1.));
#1837 = DIRECTION('',(1.,0.,0.));
#1838 = ORIENTED_EDGE('',*,*,#1839,.T.);
#1839 = EDGE_CURVE('',#1831,#1840,#1842,.T.);
#1840 = VERTEX_POINT('',#1841);
#1841 = CARTESIAN_POINT('',(-3.,-56.,-35.));
#1842 = CIRCLE('',#1843,5.);
#1843 = AXIS2_PLACEMENT_3D('',#1844,#1845,#1846);
#1844 = CARTESIAN_POINT('',(3.52E-15,-60.,-35.));
#1845 = DIRECTION('',(0.,0.,-1.));
#1846 = DIRECTION('',(1.,0.,0.));
#1847 = ORIENTED_EDGE('',*,*,#1848,.F.);
#1848 = EDGE_CURVE('',#1805,#1840,#1849,.T.);
#1849 = LINE('',#1850,#1851);
#1850 = CARTESIAN_POINT('',(-6.046693311224,-56.,-35.));
#1851 = VECTOR('',#1852,1.);
#1852 = DIRECTION('',(1.,0.,0.));
#1853 = PLANE('',#1854);
#1854 = AXIS2_PLACEMENT_3D('',#1855,#1856,#1857);
#1855 = CARTESIAN_POINT('',(2.69E-15,-60.,-35.));
#1856 = DIRECTION('',(0.,0.,1.));
#1857 = DIRECTION('',(1.,0.,0.));
#1858 = ADVANCED_FACE('',(#1859,#1959,#2010,#2061,#2112),#2163,.T.);
#1859 = FACE_BOUND('',#1860,.F.);
#1860 = EDGE_LOOP('',(#1861,#1872,#1878,#1879,#1886,#1895,#1903,#1912,
    #1920,#1927,#1928,#1929,#1937,#1944,#1951,#1958));
#1861 = ORIENTED_EDGE('',*,*,#1862,.F.);
#1862 = EDGE_CURVE('',#1863,#1865,#1867,.T.);
#1863 = VERTEX_POINT('',#1864);
#1864 = CARTESIAN_POINT('',(6.046693311224,-56.,-65.));
#1865 = VERTEX_POINT('',#1866);
#1866 = CARTESIAN_POINT('',(7.25,-60.,-65.));
#1867 = CIRCLE('',#1868,7.25);
#1868 = AXIS2_PLACEMENT_3D('',#1869,#1870,#1871);
#1869 = CARTESIAN_POINT('',(3.52E-15,-60.,-65.));
#1870 = DIRECTION('',(0.,0.,-1.));
#1871 = DIRECTION('',(1.,0.,0.));
#1872 = ORIENTED_EDGE('',*,*,#1873,.F.);
#1873 = EDGE_CURVE('',#1814,#1863,#1874,.T.);
#1874 = LINE('',#1875,#1876);
#1875 = CARTESIAN_POINT('',(6.046693311224,-56.,-35.));
#1876 = VECTOR('',#1877,1.);
#1877 = DIRECTION('',(0.,0.,-1.));
#1878 = ORIENTED_EDGE('',*,*,#1813,.T.);
#1879 = ORIENTED_EDGE('',*,*,#1880,.T.);
#1880 = EDGE_CURVE('',#1803,#1881,#1883,.T.);
#1881 = VERTEX_POINT('',#1882);
#1882 = CARTESIAN_POINT('',(7.25,-60.,-30.));
#1883 = B_SPLINE_CURVE_WITH_KNOTS('',1,(#1884,#1885),.UNSPECIFIED.,.F.,
  .F.,(2,2),(-35.,-30.),.PIECEWISE_BEZIER_KNOTS.);
#1884 = CARTESIAN_POINT('',(7.25,-60.,-35.));
#1885 = CARTESIAN_POINT('',(7.25,-60.,-30.));
#1886 = ORIENTED_EDGE('',*,*,#1887,.F.);
#1887 = EDGE_CURVE('',#1888,#1881,#1890,.T.);
#1888 = VERTEX_POINT('',#1889);
#1889 = CARTESIAN_POINT('',(6.046693311224,-56.,-30.));
#1890 = CIRCLE('',#1891,7.25);
#1891 = AXIS2_PLACEMENT_3D('',#1892,#1893,#1894);
#1892 = CARTESIAN_POINT('',(3.52E-15,-60.,-30.));
#1893 = DIRECTION('',(0.,0.,-1.));
#1894 = DIRECTION('',(1.,0.,0.));
#1895 = ORIENTED_EDGE('',*,*,#1896,.F.);
#1896 = EDGE_CURVE('',#1897,#1888,#1899,.T.);
#1897 = VERTEX_POINT('',#1898);
#1898 = CARTESIAN_POINT('',(6.046693311224,-56.,0.));
#1899 = LINE('',#1900,#1901);
#1900 = CARTESIAN_POINT('',(6.046693311224,-56.,0.));
#1901 = VECTOR('',#1902,1.);
#1902 = DIRECTION('',(0.,0.,-1.));
#1903 = ORIENTED_EDGE('',*,*,#1904,.F.);
#1904 = EDGE_CURVE('',#1905,#1897,#1907,.T.);
#1905 = VERTEX_POINT('',#1906);
#1906 = CARTESIAN_POINT('',(-6.046693311224,-56.,0.));
#1907 = CIRCLE('',#1908,7.25);
#1908 = AXIS2_PLACEMENT_3D('',#1909,#1910,#1911);
#1909 = CARTESIAN_POINT('',(3.52E-15,-60.,0.));
#1910 = DIRECTION('',(0.,0.,-1.));
#1911 = DIRECTION('',(1.,0.,0.));
#1912 = ORIENTED_EDGE('',*,*,#1913,.T.);
#1913 = EDGE_CURVE('',#1905,#1914,#1916,.T.);
#1914 = VERTEX_POINT('',#1915);
#1915 = CARTESIAN_POINT('',(-6.046693311224,-56.,-30.));
#1916 = LINE('',#1917,#1918);
#1917 = CARTESIAN_POINT('',(-6.046693311224,-56.,0.));
#1918 = VECTOR('',#1919,1.);
#1919 = DIRECTION('',(0.,0.,-1.));
#1920 = ORIENTED_EDGE('',*,*,#1921,.F.);
#1921 = EDGE_CURVE('',#1881,#1914,#1922,.T.);
#1922 = CIRCLE('',#1923,7.25);
#1923 = AXIS2_PLACEMENT_3D('',#1924,#1925,#1926);
#1924 = CARTESIAN_POINT('',(3.52E-15,-60.,-30.));
#1925 = DIRECTION('',(0.,0.,-1.));
#1926 = DIRECTION('',(1.,0.,0.));
#1927 = ORIENTED_EDGE('',*,*,#1880,.F.);
#1928 = ORIENTED_EDGE('',*,*,#1802,.T.);
#1929 = ORIENTED_EDGE('',*,*,#1930,.T.);
#1930 = EDGE_CURVE('',#1805,#1931,#1933,.T.);
#1931 = VERTEX_POINT('',#1932);
#1932 = CARTESIAN_POINT('',(-6.046693311224,-56.,-65.));
#1933 = LINE('',#1934,#1935);
#1934 = CARTESIAN_POINT('',(-6.046693311224,-56.,-35.));
#1935 = VECTOR('',#1936,1.);
#1936 = DIRECTION('',(0.,0.,-1.));
#1937 = ORIENTED_EDGE('',*,*,#1938,.F.);
#1938 = EDGE_CURVE('',#1865,#1931,#1939,.T.);
#1939 = CIRCLE('',#1940,7.25);
#1940 = AXIS2_PLACEMENT_3D('',#1941,#1942,#1943);
#1941 = CARTESIAN_POINT('',(3.52E-15,-60.,-65.));
#1942 = DIRECTION('',(0.,0.,-1.));
#1943 = DIRECTION('',(1.,0.,0.));
#1944 = ORIENTED_EDGE('',*,*,#1945,.F.);
#1945 = EDGE_CURVE('',#1946,#1865,#1948,.T.);
#1946 = VERTEX_POINT('',#1947);
#1947 = CARTESIAN_POINT('',(7.25,-60.,-70.));
#1948 = B_SPLINE_CURVE_WITH_KNOTS('',1,(#1949,#1950),.UNSPECIFIED.,.F.,
  .F.,(2,2),(-70.,-65.),.PIECEWISE_BEZIER_KNOTS.);
#1949 = CARTESIAN_POINT('',(7.25,-60.,-70.));
#1950 = CARTESIAN_POINT('',(7.25,-60.,-65.));
#1951 = ORIENTED_EDGE('',*,*,#1952,.T.);
#1952 = EDGE_CURVE('',#1946,#1946,#1953,.T.);
#1953 = CIRCLE('',#1954,7.25);
#1954 = AXIS2_PLACEMENT_3D('',#1955,#1956,#1957);
#1955 = CARTESIAN_POINT('',(3.52E-15,-60.,-70.));
#1956 = DIRECTION('',(0.,0.,-1.));
#1957 = DIRECTION('',(1.,0.,0.));
#1958 = ORIENTED_EDGE('',*,*,#1945,.T.);
#1959 = FACE_BOUND('',#1960,.F.);
#1960 = EDGE_LOOP('',(#1961));
#1961 = ORIENTED_EDGE('',*,*,#1962,.F.);
#1962 = EDGE_CURVE('',#1963,#1963,#1965,.T.);
#1963 = VERTEX_POINT('',#1964);
#1964 = CARTESIAN_POINT('',(1.25,-67.14142842854,-67.5));
#1965 = B_SPLINE_CURVE_WITH_KNOTS('',7,(#1966,#1967,#1968,#1969,#1970,
    #1971,#1972,#1973,#1974,#1975,#1976,#1977,#1978,#1979,#1980,#1981,
    #1982,#1983,#1984,#1985,#1986,#1987,#1988,#1989,#1990,#1991,#1992,
    #1993,#1994,#1995,#1996,#1997,#1998,#1999,#2000,#2001,#2002,#2003,
    #2004,#2005,#2006,#2007,#2008,#2009),.UNSPECIFIED.,.T.,.F.,(8,6,6,6,
    6,6,6,8),(0.,0.15097030472,0.286906399616,0.424131963989,
    0.586594339721,0.713360041507,0.83956516463,1.),.UNSPECIFIED.);
#1966 = CARTESIAN_POINT('',(1.25,-67.14142842854,-67.5));
#1967 = CARTESIAN_POINT('',(1.25,-67.14142842854,-67.65059754407));
#1968 = CARTESIAN_POINT('',(1.228832768644,-67.1451333216,
    -67.80123081775));
#1969 = CARTESIAN_POINT('',(1.186477264858,-67.15254760181,
    -67.94965571949));
#1970 = CARTESIAN_POINT('',(1.122559997976,-67.16332650496,
    -68.09343832306));
#1971 = CARTESIAN_POINT('',(1.036563874798,-67.17674969009,
    -68.22965672617));
#1972 = CARTESIAN_POINT('',(0.927976989203,-67.19157714272,
    -68.3546059543));
#1973 = CARTESIAN_POINT('',(0.678648092643,-67.21914555359,
    -68.56086875575));
#1974 = CARTESIAN_POINT('',(0.538859470261,-67.23231403838,
    -68.64804015738));
#1975 = CARTESIAN_POINT('',(0.380347579016,-67.24378052436,
    -68.71556191201));
#1976 = CARTESIAN_POINT('',(0.208795403238,-67.2513463901,
    -68.75730161634));
#1977 = CARTESIAN_POINT('',(3.142709711327E-02,-67.25353389486,
    -68.77004934281));
#1978 = CARTESIAN_POINT('',(-0.144099496316,-67.25048939104,
    -68.75354637706));
#1979 = CARTESIAN_POINT('',(-0.479207109184,-67.23610756553,
    -68.66750536605));
#1980 = CARTESIAN_POINT('',(-0.633695819013,-67.22490416502,
    -68.59873092378));
#1981 = CARTESIAN_POINT('',(-0.77134678926,-67.21118714945,
    -68.50942860275));
#1982 = CARTESIAN_POINT('',(-0.890454913095,-67.19667606989,
    -68.40407254285));
#1983 = CARTESIAN_POINT('',(-0.990109499408,-67.18287101363,
    -68.28684166345));
#1984 = CARTESIAN_POINT('',(-1.07012251913,-67.17085354256,
    -68.16166720838));
#1985 = CARTESIAN_POINT('',(-1.203147156678,-67.14984384258,
    -67.8789754639));
#1986 = CARTESIAN_POINT('',(-1.250296772105,-67.14152884608,
    -67.71589740622));
#1987 = CARTESIAN_POINT('',(-1.271635075519,-67.13749794816,
    -67.54710809602));
#1988 = CARTESIAN_POINT('',(-1.266634597252,-67.13842954371,
    -67.37664161941));
#1989 = CARTESIAN_POINT('',(-1.235182197609,-67.14427706722,
    -67.20866847353));
#1990 = CARTESIAN_POINT('',(-1.17770274067,-67.15419115202,
    -67.04754632302));
#1991 = CARTESIAN_POINT('',(-1.031151399273,-67.17659034049,
    -66.78097042264));
#1992 = CARTESIAN_POINT('',(-0.95045078539,-67.18823739027,
    -66.66861651026));
#1993 = CARTESIAN_POINT('',(-0.852967744579,-67.2011322059,
    -66.56390016441));
#1994 = CARTESIAN_POINT('',(-0.739014419974,-67.21433927638,
    -66.47011068457));
#1995 = CARTESIAN_POINT('',(-0.609499545708,-67.22663387545,
    -66.39065694724));
#1996 = CARTESIAN_POINT('',(-0.465963662142,-67.23667593503,
    -66.32909429468));
#1997 = CARTESIAN_POINT('',(-0.156446939097,-67.2499594754,
    -66.2496239074));
#1998 = CARTESIAN_POINT('',(5.987576288724E-03,-67.25308247189,
    -66.23240854517));
#1999 = CARTESIAN_POINT('',(0.170743246294,-67.25175695409,
    -66.2403003644));
#2000 = CARTESIAN_POINT('',(0.331452524913,-67.24577773515,
    -66.27339182668));
#2001 = CARTESIAN_POINT('',(0.482032344914,-67.23616776542,
    -66.32937074514));
#2002 = CARTESIAN_POINT('',(0.617462781182,-67.22462001654,
    -66.40352799811));
#2003 = CARTESIAN_POINT('',(0.883806322548,-67.19748846992,
    -66.59703790797));
#2004 = CARTESIAN_POINT('',(1.007405471651,-67.18126557981,
    -66.72600832001));
#2005 = CARTESIAN_POINT('',(1.105248382533,-67.16623859477,
    -66.86896775051));
#2006 = CARTESIAN_POINT('',(1.177896771776,-67.15404991871,
    -67.0212112866));
#2007 = CARTESIAN_POINT('',(1.22598188642,-67.14563222173,-67.1790788284
    ));
#2008 = CARTESIAN_POINT('',(1.25,-67.14142842854,-67.33958068364));
#2009 = CARTESIAN_POINT('',(1.25,-67.14142842854,-67.5));
#2010 = FACE_BOUND('',#2011,.F.);
#2011 = EDGE_LOOP('',(#2012));
#2012 = ORIENTED_EDGE('',*,*,#2013,.T.);
#2013 = EDGE_CURVE('',#2014,#2014,#2016,.T.);
#2014 = VERTEX_POINT('',#2015);
#2015 = CARTESIAN_POINT('',(1.25,-52.85857157145,-67.5));
#2016 = B_SPLINE_CURVE_WITH_KNOTS('',7,(#2017,#2018,#2019,#2020,#2021,
    #2022,#2023,#2024,#2025,#2026,#2027,#2028,#2029,#2030,#2031,#2032,
    #2033,#2034,#2035,#2036,#2037,#2038,#2039,#2040,#2041,#2042,#2043,
    #2044,#2045,#2046,#2047,#2048,#2049,#2050,#2051,#2052,#2053,#2054,
    #2055,#2056,#2057,#2058,#2059,#2060),.UNSPECIFIED.,.T.,.F.,(8,6,6,6,
    6,6,6,8),(0.,0.150970304704,0.286906399586,0.424131963945,
    0.58659433966,0.713360041454,0.8395651646,1.),.UNSPECIFIED.);
#2017 = CARTESIAN_POINT('',(1.25,-52.85857157145,-67.5));
#2018 = CARTESIAN_POINT('',(1.25,-52.85857157145,-67.65059754407));
#2019 = CARTESIAN_POINT('',(1.228832768644,-52.8548666784,
    -67.80123081775));
#2020 = CARTESIAN_POINT('',(1.186477264858,-52.84745239818,
    -67.94965571949));
#2021 = CARTESIAN_POINT('',(1.122559997976,-52.83667349503,
    -68.09343832306));
#2022 = CARTESIAN_POINT('',(1.036563874798,-52.82325030991,
    -68.22965672617));
#2023 = CARTESIAN_POINT('',(0.927976989203,-52.80842285727,
    -68.3546059543));
#2024 = CARTESIAN_POINT('',(0.678648092642,-52.7808544464,
    -68.56086875575));
#2025 = CARTESIAN_POINT('',(0.538859470261,-52.76768596161,
    -68.64804015738));
#2026 = CARTESIAN_POINT('',(0.380347579015,-52.75621947563,
    -68.71556191201));
#2027 = CARTESIAN_POINT('',(0.208795403239,-52.74865360989,
    -68.75730161634));
#2028 = CARTESIAN_POINT('',(3.142709711294E-02,-52.74646610513,
    -68.77004934281));
#2029 = CARTESIAN_POINT('',(-0.144099496316,-52.74951060895,
    -68.75354637706));
#2030 = CARTESIAN_POINT('',(-0.479207109184,-52.76389243446,
    -68.66750536605));
#2031 = CARTESIAN_POINT('',(-0.633695819013,-52.77509583498,
    -68.59873092378));
#2032 = CARTESIAN_POINT('',(-0.77134678926,-52.78881285054,
    -68.50942860275));
#2033 = CARTESIAN_POINT('',(-0.890454913095,-52.8033239301,
    -68.40407254285));
#2034 = CARTESIAN_POINT('',(-0.990109499408,-52.81712898636,
    -68.28684166345));
#2035 = CARTESIAN_POINT('',(-1.07012251913,-52.82914645743,
    -68.16166720838));
#2036 = CARTESIAN_POINT('',(-1.203147156678,-52.85015615741,
    -67.8789754639));
#2037 = CARTESIAN_POINT('',(-1.250296772105,-52.85847115391,
    -67.71589740622));
#2038 = CARTESIAN_POINT('',(-1.271635075519,-52.86250205183,
    -67.54710809602));
#2039 = CARTESIAN_POINT('',(-1.266634597252,-52.86157045628,
    -67.37664161941));
#2040 = CARTESIAN_POINT('',(-1.235182197609,-52.85572293277,
    -67.20866847353));
#2041 = CARTESIAN_POINT('',(-1.177702740671,-52.84580884797,
    -67.04754632302));
#2042 = CARTESIAN_POINT('',(-1.031151399262,-52.8234096595,
    -66.78097042262));
#2043 = CARTESIAN_POINT('',(-0.950450785385,-52.81176260972,
    -66.66861651026));
#2044 = CARTESIAN_POINT('',(-0.85296774459,-52.79886779409,
    -66.56390016443));
#2045 = CARTESIAN_POINT('',(-0.73901441999,-52.78566072361,
    -66.47011068458));
#2046 = CARTESIAN_POINT('',(-0.609499545705,-52.77336612454,
    -66.39065694723));
#2047 = CARTESIAN_POINT('',(-0.465963662122,-52.76332406496,
    -66.32909429467));
#2048 = CARTESIAN_POINT('',(-0.156446939097,-52.75004052459,
    -66.2496239074));
#2049 = CARTESIAN_POINT('',(5.987576288403E-03,-52.7469175281,
    -66.23240854517));
#2050 = CARTESIAN_POINT('',(0.170743246294,-52.7482430459,-66.2403003644
    ));
#2051 = CARTESIAN_POINT('',(0.331452524912,-52.75422226484,
    -66.27339182668));
#2052 = CARTESIAN_POINT('',(0.482032344915,-52.76383223457,
    -66.32937074514));
#2053 = CARTESIAN_POINT('',(0.617462781182,-52.77537998345,
    -66.40352799811));
#2054 = CARTESIAN_POINT('',(0.883806322548,-52.80251153007,
    -66.59703790797));
#2055 = CARTESIAN_POINT('',(1.00740547165,-52.81873442018,
    -66.72600832001));
#2056 = CARTESIAN_POINT('',(1.105248382533,-52.83376140522,
    -66.86896775051));
#2057 = CARTESIAN_POINT('',(1.177896771776,-52.84595008128,
    -67.0212112866));
#2058 = CARTESIAN_POINT('',(1.22598188642,-52.85436777826,-67.1790788284
    ));
#2059 = CARTESIAN_POINT('',(1.25,-52.85857157145,-67.33958068364));
#2060 = CARTESIAN_POINT('',(1.25,-52.85857157145,-67.5));
#2061 = FACE_BOUND('',#2062,.F.);
#2062 = EDGE_LOOP('',(#2063));
#2063 = ORIENTED_EDGE('',*,*,#2064,.F.);
#2064 = EDGE_CURVE('',#2065,#2065,#2067,.T.);
#2065 = VERTEX_POINT('',#2066);
#2066 = CARTESIAN_POINT('',(1.25,-67.14142842854,-32.5));
#2067 = B_SPLINE_CURVE_WITH_KNOTS('',7,(#2068,#2069,#2070,#2071,#2072,
    #2073,#2074,#2075,#2076,#2077,#2078,#2079,#2080,#2081,#2082,#2083,
    #2084,#2085,#2086,#2087,#2088,#2089,#2090,#2091,#2092,#2093,#2094,
    #2095,#2096,#2097,#2098,#2099,#2100,#2101,#2102,#2103,#2104,#2105,
    #2106,#2107,#2108,#2109,#2110,#2111),.UNSPECIFIED.,.T.,.F.,(8,6,6,6,
    6,6,6,8),(0.,0.150970307292,0.286906404504,0.424131971215,
    0.586594349713,0.713360050608,0.839565169723,1.),.UNSPECIFIED.);
#2068 = CARTESIAN_POINT('',(1.25,-67.14142842854,-32.5));
#2069 = CARTESIAN_POINT('',(1.25,-67.14142842854,-32.65059754407));
#2070 = CARTESIAN_POINT('',(1.228832768644,-67.1451333216,
    -32.80123081775));
#2071 = CARTESIAN_POINT('',(1.186477264858,-67.15254760181,
    -32.94965571949));
#2072 = CARTESIAN_POINT('',(1.122559997976,-67.16332650496,
    -33.09343832306));
#2073 = CARTESIAN_POINT('',(1.036563874798,-67.17674969009,
    -33.22965672617));
#2074 = CARTESIAN_POINT('',(0.927976989203,-67.19157714272,
    -33.3546059543));
#2075 = CARTESIAN_POINT('',(0.678648092643,-67.21914555359,
    -33.56086875575));
#2076 = CARTESIAN_POINT('',(0.538859470261,-67.23231403838,
    -33.64804015738));
#2077 = CARTESIAN_POINT('',(0.380347579015,-67.24378052436,
    -33.71556191201));
#2078 = CARTESIAN_POINT('',(0.208795403239,-67.2513463901,
    -33.75730161634));
#2079 = CARTESIAN_POINT('',(3.142709711307E-02,-67.25353389486,
    -33.77004934281));
#2080 = CARTESIAN_POINT('',(-0.144099496316,-67.25048939104,
    -33.75354637706));
#2081 = CARTESIAN_POINT('',(-0.479207109184,-67.23610756553,
    -33.66750536605));
#2082 = CARTESIAN_POINT('',(-0.633695819013,-67.22490416502,
    -33.59873092378));
#2083 = CARTESIAN_POINT('',(-0.77134678926,-67.21118714945,
    -33.50942860275));
#2084 = CARTESIAN_POINT('',(-0.890454913095,-67.19667606989,
    -33.40407254285));
#2085 = CARTESIAN_POINT('',(-0.990109499408,-67.18287101363,
    -33.28684166345));
#2086 = CARTESIAN_POINT('',(-1.07012251913,-67.17085354256,
    -33.16166720838));
#2087 = CARTESIAN_POINT('',(-1.203147156677,-67.14984384258,
    -32.8789754639));
#2088 = CARTESIAN_POINT('',(-1.250296772105,-67.14152884608,
    -32.71589740622));
#2089 = CARTESIAN_POINT('',(-1.271635075519,-67.13749794816,
    -32.54710809602));
#2090 = CARTESIAN_POINT('',(-1.266634597252,-67.13842954371,
    -32.37664161941));
#2091 = CARTESIAN_POINT('',(-1.235182197609,-67.14427706722,
    -32.20866847353));
#2092 = CARTESIAN_POINT('',(-1.17770274067,-67.15419115202,
    -32.04754632302));
#2093 = CARTESIAN_POINT('',(-1.031151400818,-67.17659034026,
    -31.78097042545));
#2094 = CARTESIAN_POINT('',(-0.950450782376,-67.1882373909,
    -31.66861650285));
#2095 = CARTESIAN_POINT('',(-0.852967743667,-67.20113220536,
    -31.56390017184));
#2096 = CARTESIAN_POINT('',(-0.739014428305,-67.21433927631,
    -31.47011068258));
#2097 = CARTESIAN_POINT('',(-0.609499536299,-67.22663387582,
    -31.39065694566));
#2098 = CARTESIAN_POINT('',(-0.465963665976,-67.23667593486,
    -31.32909429566));
#2099 = CARTESIAN_POINT('',(-0.156446939097,-67.2499594754,
    -31.2496239074));
#2100 = CARTESIAN_POINT('',(5.987576288468E-03,-67.25308247189,
    -31.23240854517));
#2101 = CARTESIAN_POINT('',(0.170743246294,-67.25175695409,
    -31.2403003644));
#2102 = CARTESIAN_POINT('',(0.331452524913,-67.24577773515,
    -31.27339182668));
#2103 = CARTESIAN_POINT('',(0.482032344914,-67.23616776542,
    -31.32937074514));
#2104 = CARTESIAN_POINT('',(0.617462781182,-67.22462001654,
    -31.40352799811));
#2105 = CARTESIAN_POINT('',(0.883806322548,-67.19748846992,
    -31.59703790797));
#2106 = CARTESIAN_POINT('',(1.007405471651,-67.18126557981,
    -31.72600832001));
#2107 = CARTESIAN_POINT('',(1.105248382532,-67.16623859477,
    -31.86896775051));
#2108 = CARTESIAN_POINT('',(1.177896771776,-67.15404991871,
    -32.0212112866));
#2109 = CARTESIAN_POINT('',(1.22598188642,-67.14563222173,-32.1790788284
    ));
#2110 = CARTESIAN_POINT('',(1.25,-67.14142842854,-32.33958068364));
#2111 = CARTESIAN_POINT('',(1.25,-67.14142842854,-32.5));
#2112 = FACE_BOUND('',#2113,.F.);
#2113 = EDGE_LOOP('',(#2114));
#2114 = ORIENTED_EDGE('',*,*,#2115,.T.);
#2115 = EDGE_CURVE('',#2116,#2116,#2118,.T.);
#2116 = VERTEX_POINT('',#2117);
#2117 = CARTESIAN_POINT('',(1.25,-52.85857157145,-32.5));
#2118 = B_SPLINE_CURVE_WITH_KNOTS('',7,(#2119,#2120,#2121,#2122,#2123,
    #2124,#2125,#2126,#2127,#2128,#2129,#2130,#2131,#2132,#2133,#2134,
    #2135,#2136,#2137,#2138,#2139,#2140,#2141,#2142,#2143,#2144,#2145,
    #2146,#2147,#2148,#2149,#2150,#2151,#2152,#2153,#2154,#2155,#2156,
    #2157,#2158,#2159,#2160,#2161,#2162),.UNSPECIFIED.,.T.,.F.,(8,6,6,6,
    6,6,6,8),(0.,0.150970304721,0.286906399619,0.424131963993,
    0.586594339727,0.713360041513,0.839565164633,1.),.UNSPECIFIED.);
#2119 = CARTESIAN_POINT('',(1.25,-52.85857157145,-32.5));
#2120 = CARTESIAN_POINT('',(1.25,-52.85857157145,-32.65059754407));
#2121 = CARTESIAN_POINT('',(1.228832768644,-52.8548666784,
    -32.80123081775));
#2122 = CARTESIAN_POINT('',(1.186477264858,-52.84745239818,
    -32.94965571949));
#2123 = CARTESIAN_POINT('',(1.122559997976,-52.83667349503,
    -33.09343832306));
#2124 = CARTESIAN_POINT('',(1.036563874798,-52.82325030991,
    -33.22965672617));
#2125 = CARTESIAN_POINT('',(0.927976989203,-52.80842285727,
    -33.3546059543));
#2126 = CARTESIAN_POINT('',(0.678648092643,-52.7808544464,
    -33.56086875575));
#2127 = CARTESIAN_POINT('',(0.538859470261,-52.76768596161,
    -33.64804015738));
#2128 = CARTESIAN_POINT('',(0.380347579015,-52.75621947563,
    -33.71556191201));
#2129 = CARTESIAN_POINT('',(0.208795403239,-52.74865360989,
    -33.75730161634));
#2130 = CARTESIAN_POINT('',(3.142709711285E-02,-52.74646610513,
    -33.77004934281));
#2131 = CARTESIAN_POINT('',(-0.144099496316,-52.74951060895,
    -33.75354637706));
#2132 = CARTESIAN_POINT('',(-0.479207109184,-52.76389243446,
    -33.66750536605));
#2133 = CARTESIAN_POINT('',(-0.633695819013,-52.77509583498,
    -33.59873092378));
#2134 = CARTESIAN_POINT('',(-0.77134678926,-52.78881285054,
    -33.50942860275));
#2135 = CARTESIAN_POINT('',(-0.890454913095,-52.8033239301,
    -33.40407254285));
#2136 = CARTESIAN_POINT('',(-0.990109499407,-52.81712898636,
    -33.28684166345));
#2137 = CARTESIAN_POINT('',(-1.07012251913,-52.82914645743,
    -33.16166720838));
#2138 = CARTESIAN_POINT('',(-1.203147156678,-52.85015615741,
    -32.8789754639));
#2139 = CARTESIAN_POINT('',(-1.250296772105,-52.85847115391,
    -32.71589740622));
#2140 = CARTESIAN_POINT('',(-1.271635075519,-52.86250205183,
    -32.54710809602));
#2141 = CARTESIAN_POINT('',(-1.266634597252,-52.86157045628,
    -32.37664161941));
#2142 = CARTESIAN_POINT('',(-1.235182197609,-52.85572293277,
    -32.20866847353));
#2143 = CARTESIAN_POINT('',(-1.177702740671,-52.84580884797,
    -32.04754632302));
#2144 = CARTESIAN_POINT('',(-1.031151399273,-52.8234096595,
    -31.78097042264));
#2145 = CARTESIAN_POINT('',(-0.95045078539,-52.81176260972,
    -31.66861651026));
#2146 = CARTESIAN_POINT('',(-0.852967744577,-52.79886779409,
    -31.56390016441));
#2147 = CARTESIAN_POINT('',(-0.739014419974,-52.78566072361,
    -31.47011068457));
#2148 = CARTESIAN_POINT('',(-0.609499545707,-52.77336612454,
    -31.39065694724));
#2149 = CARTESIAN_POINT('',(-0.465963662144,-52.76332406497,
    -31.32909429468));
#2150 = CARTESIAN_POINT('',(-0.156446939097,-52.75004052459,
    -31.2496239074));
#2151 = CARTESIAN_POINT('',(5.987576289003E-03,-52.7469175281,
    -31.23240854517));
#2152 = CARTESIAN_POINT('',(0.170743246293,-52.7482430459,-31.2403003644
    ));
#2153 = CARTESIAN_POINT('',(0.331452524914,-52.75422226484,
    -31.27339182668));
#2154 = CARTESIAN_POINT('',(0.482032344914,-52.76383223457,
    -31.32937074514));
#2155 = CARTESIAN_POINT('',(0.617462781182,-52.77537998345,
    -31.40352799811));
#2156 = CARTESIAN_POINT('',(0.883806322548,-52.80251153007,
    -31.59703790797));
#2157 = CARTESIAN_POINT('',(1.007405471651,-52.81873442018,
    -31.72600832001));
#2158 = CARTESIAN_POINT('',(1.105248382533,-52.83376140522,
    -31.86896775051));
#2159 = CARTESIAN_POINT('',(1.177896771776,-52.84595008128,
    -32.0212112866));
#2160 = CARTESIAN_POINT('',(1.22598188642,-52.85436777826,-32.1790788284
    ));
#2161 = CARTESIAN_POINT('',(1.25,-52.85857157145,-32.33958068364));
#2162 = CARTESIAN_POINT('',(1.25,-52.85857157145,-32.5));
#2163 = CYLINDRICAL_SURFACE('',#2164,7.25);
#2164 = AXIS2_PLACEMENT_3D('',#2165,#2166,#2167);
#2165 = CARTESIAN_POINT('',(3.52E-15,-60.,0.));
#2166 = DIRECTION('',(0.,0.,1.));
#2167 = DIRECTION('',(1.,0.,0.));
#2168 = ADVANCED_FACE('',(#2169),#2187,.T.);
#2169 = FACE_BOUND('',#2170,.T.);
#2170 = EDGE_LOOP('',(#2171,#2172,#2180,#2186));
#2171 = ORIENTED_EDGE('',*,*,#1930,.T.);
#2172 = ORIENTED_EDGE('',*,*,#2173,.T.);
#2173 = EDGE_CURVE('',#1931,#2174,#2176,.T.);
#2174 = VERTEX_POINT('',#2175);
#2175 = CARTESIAN_POINT('',(-3.,-56.,-65.));
#2176 = LINE('',#2177,#2178);
#2177 = CARTESIAN_POINT('',(-6.046693311224,-56.,-65.));
#2178 = VECTOR('',#2179,1.);
#2179 = DIRECTION('',(1.,0.,0.));
#2180 = ORIENTED_EDGE('',*,*,#2181,.F.);
#2181 = EDGE_CURVE('',#1840,#2174,#2182,.T.);
#2182 = LINE('',#2183,#2184);
#2183 = CARTESIAN_POINT('',(-3.,-56.,-35.));
#2184 = VECTOR('',#2185,1.);
#2185 = DIRECTION('',(0.,0.,-1.));
#2186 = ORIENTED_EDGE('',*,*,#1848,.F.);
#2187 = PLANE('',#2188);
#2188 = AXIS2_PLACEMENT_3D('',#2189,#2190,#2191);
#2189 = CARTESIAN_POINT('',(-6.046693311224,-56.,-35.));
#2190 = DIRECTION('',(0.,-1.,0.));
#2191 = DIRECTION('',(1.,0.,0.));
#2192 = ADVANCED_FACE('',(#2193,#2286,#2337,#2388,#2439),#2490,.F.);
#2193 = FACE_BOUND('',#2194,.T.);
#2194 = EDGE_LOOP('',(#2195,#2206,#2212,#2213,#2220,#2229,#2237,#2246,
    #2254,#2261,#2262,#2263,#2264,#2271,#2278,#2285));
#2195 = ORIENTED_EDGE('',*,*,#2196,.F.);
#2196 = EDGE_CURVE('',#2197,#2199,#2201,.T.);
#2197 = VERTEX_POINT('',#2198);
#2198 = CARTESIAN_POINT('',(3.,-56.,-65.));
#2199 = VERTEX_POINT('',#2200);
#2200 = CARTESIAN_POINT('',(5.,-60.,-65.));
#2201 = CIRCLE('',#2202,5.);
#2202 = AXIS2_PLACEMENT_3D('',#2203,#2204,#2205);
#2203 = CARTESIAN_POINT('',(3.52E-15,-60.,-65.));
#2204 = DIRECTION('',(0.,0.,-1.));
#2205 = DIRECTION('',(1.,0.,0.));
#2206 = ORIENTED_EDGE('',*,*,#2207,.F.);
#2207 = EDGE_CURVE('',#1823,#2197,#2208,.T.);
#2208 = LINE('',#2209,#2210);
#2209 = CARTESIAN_POINT('',(3.,-56.,-35.));
#2210 = VECTOR('',#2211,1.);
#2211 = DIRECTION('',(0.,0.,-1.));
#2212 = ORIENTED_EDGE('',*,*,#1830,.T.);
#2213 = ORIENTED_EDGE('',*,*,#2214,.F.);
#2214 = EDGE_CURVE('',#2215,#1831,#2217,.T.);
#2215 = VERTEX_POINT('',#2216);
#2216 = CARTESIAN_POINT('',(5.,-60.,-30.));
#2217 = B_SPLINE_CURVE_WITH_KNOTS('',1,(#2218,#2219),.UNSPECIFIED.,.F.,
  .F.,(2,2),(30.,35.),.PIECEWISE_BEZIER_KNOTS.);
#2218 = CARTESIAN_POINT('',(5.,-60.,-30.));
#2219 = CARTESIAN_POINT('',(5.,-60.,-35.));
#2220 = ORIENTED_EDGE('',*,*,#2221,.F.);
#2221 = EDGE_CURVE('',#2222,#2215,#2224,.T.);
#2222 = VERTEX_POINT('',#2223);
#2223 = CARTESIAN_POINT('',(3.,-56.,-30.));
#2224 = CIRCLE('',#2225,5.);
#2225 = AXIS2_PLACEMENT_3D('',#2226,#2227,#2228);
#2226 = CARTESIAN_POINT('',(3.52E-15,-60.,-30.));
#2227 = DIRECTION('',(0.,0.,-1.));
#2228 = DIRECTION('',(1.,0.,0.));
#2229 = ORIENTED_EDGE('',*,*,#2230,.T.);
#2230 = EDGE_CURVE('',#2222,#2231,#2233,.T.);
#2231 = VERTEX_POINT('',#2232);
#2232 = CARTESIAN_POINT('',(3.,-56.,2.));
#2233 = LINE('',#2234,#2235);
#2234 = CARTESIAN_POINT('',(3.,-56.,0.));
#2235 = VECTOR('',#2236,1.);
#2236 = DIRECTION('',(0.,0.,1.));
#2237 = ORIENTED_EDGE('',*,*,#2238,.T.);
#2238 = EDGE_CURVE('',#2231,#2239,#2241,.T.);
#2239 = VERTEX_POINT('',#2240);
#2240 = CARTESIAN_POINT('',(-3.,-56.,2.));
#2241 = CIRCLE('',#2242,5.);
#2242 = AXIS2_PLACEMENT_3D('',#2243,#2244,#2245);
#2243 = CARTESIAN_POINT('',(0.,-60.,2.));
#2244 = DIRECTION('',(0.,0.,1.));
#2245 = DIRECTION('',(1.,0.,0.));
#2246 = ORIENTED_EDGE('',*,*,#2247,.T.);
#2247 = EDGE_CURVE('',#2239,#2248,#2250,.T.);
#2248 = VERTEX_POINT('',#2249);
#2249 = CARTESIAN_POINT('',(-3.,-56.,-30.));
#2250 = LINE('',#2251,#2252);
#2251 = CARTESIAN_POINT('',(-3.,-56.,0.));
#2252 = VECTOR('',#2253,1.);
#2253 = DIRECTION('',(0.,0.,-1.));
#2254 = ORIENTED_EDGE('',*,*,#2255,.F.);
#2255 = EDGE_CURVE('',#2215,#2248,#2256,.T.);
#2256 = CIRCLE('',#2257,5.);
#2257 = AXIS2_PLACEMENT_3D('',#2258,#2259,#2260);
#2258 = CARTESIAN_POINT('',(3.52E-15,-60.,-30.));
#2259 = DIRECTION('',(0.,0.,-1.));
#2260 = DIRECTION('',(1.,0.,0.));
#2261 = ORIENTED_EDGE('',*,*,#2214,.T.);
#2262 = ORIENTED_EDGE('',*,*,#1839,.T.);
#2263 = ORIENTED_EDGE('',*,*,#2181,.T.);
#2264 = ORIENTED_EDGE('',*,*,#2265,.F.);
#2265 = EDGE_CURVE('',#2199,#2174,#2266,.T.);
#2266 = CIRCLE('',#2267,5.);
#2267 = AXIS2_PLACEMENT_3D('',#2268,#2269,#2270);
#2268 = CARTESIAN_POINT('',(3.52E-15,-60.,-65.));
#2269 = DIRECTION('',(0.,0.,-1.));
#2270 = DIRECTION('',(1.,0.,0.));
#2271 = ORIENTED_EDGE('',*,*,#2272,.T.);
#2272 = EDGE_CURVE('',#2199,#2273,#2275,.T.);
#2273 = VERTEX_POINT('',#2274);
#2274 = CARTESIAN_POINT('',(5.,-60.,-70.));
#2275 = B_SPLINE_CURVE_WITH_KNOTS('',1,(#2276,#2277),.UNSPECIFIED.,.F.,
  .F.,(2,2),(65.,70.),.PIECEWISE_BEZIER_KNOTS.);
#2276 = CARTESIAN_POINT('',(5.,-60.,-65.));
#2277 = CARTESIAN_POINT('',(5.,-60.,-70.));
#2278 = ORIENTED_EDGE('',*,*,#2279,.T.);
#2279 = EDGE_CURVE('',#2273,#2273,#2280,.T.);
#2280 = CIRCLE('',#2281,5.);
#2281 = AXIS2_PLACEMENT_3D('',#2282,#2283,#2284);
#2282 = CARTESIAN_POINT('',(3.52E-15,-60.,-70.));
#2283 = DIRECTION('',(0.,0.,-1.));
#2284 = DIRECTION('',(1.,0.,0.));
#2285 = ORIENTED_EDGE('',*,*,#2272,.F.);
#2286 = FACE_BOUND('',#2287,.T.);
#2287 = EDGE_LOOP('',(#2288));
#2288 = ORIENTED_EDGE('',*,*,#2289,.T.);
#2289 = EDGE_CURVE('',#2290,#2290,#2292,.T.);
#2290 = VERTEX_POINT('',#2291);
#2291 = CARTESIAN_POINT('',(1.25,-55.15877081724,-32.5));
#2292 = B_SPLINE_CURVE_WITH_KNOTS('',7,(#2293,#2294,#2295,#2296,#2297,
    #2298,#2299,#2300,#2301,#2302,#2303,#2304,#2305,#2306,#2307,#2308,
    #2309,#2310,#2311,#2312,#2313,#2314,#2315,#2316,#2317,#2318,#2319,
    #2320,#2321,#2322,#2323,#2324,#2325,#2326,#2327,#2328,#2329,#2330,
    #2331,#2332,#2333,#2334,#2335,#2336),.UNSPECIFIED.,.T.,.F.,(8,6,6,6,
    6,6,6,8),(0.,0.150906501891,0.287224618216,0.424619473289,
    0.576182670486,0.704791043423,0.830455882377,1.),.UNSPECIFIED.);
#2293 = CARTESIAN_POINT('',(1.25,-55.15877081724,-32.5));
#2294 = CARTESIAN_POINT('',(1.25,-55.15877081724,-32.6510978031));
#2295 = CARTESIAN_POINT('',(1.228691835925,-55.15326918314,
    -32.80216824273));
#2296 = CARTESIAN_POINT('',(1.186086935225,-55.14226808962,
    -32.95084765561));
#2297 = CARTESIAN_POINT('',(1.121919303191,-55.12633166127,
    -33.09463073115));
#2298 = CARTESIAN_POINT('',(1.035810978726,-55.1066156785,
    -33.23059006206));
#2299 = CARTESIAN_POINT('',(0.927395544757,-55.08497787858,
    -33.35508696698));
#2300 = CARTESIAN_POINT('',(0.678791255436,-55.04484848799,
    -33.56075032118));
#2301 = CARTESIAN_POINT('',(0.539034624303,-55.02566656933,
    -33.64796444262));
#2302 = CARTESIAN_POINT('',(0.380517250652,-55.00901125932,
    -33.71550956958));
#2303 = CARTESIAN_POINT('',(0.208983654718,-54.99806519929,
    -33.75726369098));
#2304 = CARTESIAN_POINT('',(3.162073748977E-02,-54.99487694785,
    -33.77005342093));
#2305 = CARTESIAN_POINT('',(-0.143966195587,-54.99927643732,
    -33.75358060287));
#2306 = CARTESIAN_POINT('',(-0.479076788531,-55.02015147563,
    -33.66753882671));
#2307 = CARTESIAN_POINT('',(-0.633372289298,-55.03640421009,
    -33.59885908632));
#2308 = CARTESIAN_POINT('',(-0.7708629196,-55.05632927743,
    -33.50973034596));
#2309 = CARTESIAN_POINT('',(-0.889920831825,-55.07748960694,
    -33.40456620794));
#2310 = CARTESIAN_POINT('',(-0.989668621512,-55.09771875696,
    -33.28744143711));
#2311 = CARTESIAN_POINT('',(-1.069894046544,-55.11540519684,
    -33.16215273734));
#2312 = CARTESIAN_POINT('',(-1.198478399781,-55.14526585609,
    -32.88889707734));
#2313 = CARTESIAN_POINT('',(-1.244166861889,-55.15702418721,
    -32.7368017509));
#2314 = CARTESIAN_POINT('',(-1.267203226525,-55.16335313101,
    -32.57950803834));
#2315 = CARTESIAN_POINT('',(-1.267203226525,-55.16335313101,
    -32.42049196165));
#2316 = CARTESIAN_POINT('',(-1.244166861889,-55.15702418721,
    -32.26319824909));
#2317 = CARTESIAN_POINT('',(-1.198478399781,-55.14526585609,
    -32.11110292265));
#2318 = CARTESIAN_POINT('',(-1.073803970887,-55.11631318382,
    -31.84615627483));
#2319 = CARTESIAN_POINT('',(-0.999980745599,-55.09999652516,
    -31.72887681184));
#2320 = CARTESIAN_POINT('',(-0.909253825931,-55.08143389157,
    -31.61860739214));
#2321 = CARTESIAN_POINT('',(-0.801699255335,-55.06187910855,
    -31.51828168966));
#2322 = CARTESIAN_POINT('',(-0.677832582639,-55.04300554073,
    -31.43112342597));
#2323 = CARTESIAN_POINT('',(-0.538704631867,-55.02675430252,
    -31.36070796504));
#2324 = CARTESIAN_POINT('',(-0.237326684931,-55.00340178493,
    -31.26278433407));
#2325 = CARTESIAN_POINT('',(-7.775018735672E-02,-54.99626060991,
    -31.23500387356));
#2326 = CARTESIAN_POINT('',(8.685414116149E-02,-54.99524003571,
    -31.23173174742));
#2327 = CARTESIAN_POINT('',(0.249908286537,-55.00112662825,
    -31.25399262932));
#2328 = CARTESIAN_POINT('',(0.404887364392,-55.01292477043,
    -31.30019867238));
#2329 = CARTESIAN_POINT('',(0.546107309271,-55.02834614092,
    -31.36610279982));
#2330 = CARTESIAN_POINT('',(0.836644564319,-55.06761951609,
    -31.55048334853));
#2331 = CARTESIAN_POINT('',(0.975753365754,-55.0930995852,
    -31.68193590325));
#2332 = CARTESIAN_POINT('',(1.086186265623,-55.11750581281,
    -31.83071806952));
#2333 = CARTESIAN_POINT('',(1.168339547985,-55.13768462618,
    -31.99105772562));
#2334 = CARTESIAN_POINT('',(1.222780417663,-55.15174313922,
    -32.15845296574));
#2335 = CARTESIAN_POINT('',(1.25,-55.15877081724,-32.32922347226));
#2336 = CARTESIAN_POINT('',(1.25,-55.15877081724,-32.5));
#2337 = FACE_BOUND('',#2338,.T.);
#2338 = EDGE_LOOP('',(#2339));
#2339 = ORIENTED_EDGE('',*,*,#2340,.F.);
#2340 = EDGE_CURVE('',#2341,#2341,#2343,.T.);
#2341 = VERTEX_POINT('',#2342);
#2342 = CARTESIAN_POINT('',(1.25,-64.84122918275,-32.5));
#2343 = B_SPLINE_CURVE_WITH_KNOTS('',7,(#2344,#2345,#2346,#2347,#2348,
    #2349,#2350,#2351,#2352,#2353,#2354,#2355,#2356,#2357,#2358,#2359,
    #2360,#2361,#2362,#2363,#2364,#2365,#2366,#2367,#2368,#2369,#2370,
    #2371,#2372,#2373,#2374,#2375,#2376,#2377,#2378,#2379,#2380,#2381,
    #2382,#2383,#2384,#2385,#2386,#2387),.UNSPECIFIED.,.T.,.F.,(8,6,6,6,
    6,6,6,8),(0.,0.150906501891,0.287224618216,0.424619473289,
    0.576182670486,0.704791043423,0.830455882377,1.),.UNSPECIFIED.);
#2344 = CARTESIAN_POINT('',(1.25,-64.84122918275,-32.5));
#2345 = CARTESIAN_POINT('',(1.25,-64.84122918275,-32.6510978031));
#2346 = CARTESIAN_POINT('',(1.228691835925,-64.84673081685,
    -32.80216824273));
#2347 = CARTESIAN_POINT('',(1.186086935226,-64.85773191037,
    -32.95084765561));
#2348 = CARTESIAN_POINT('',(1.121919303191,-64.87366833872,
    -33.09463073115));
#2349 = CARTESIAN_POINT('',(1.035810978726,-64.89338432149,
    -33.23059006206));
#2350 = CARTESIAN_POINT('',(0.927395544757,-64.91502212141,
    -33.35508696698));
#2351 = CARTESIAN_POINT('',(0.678791255436,-64.955151512,-33.56075032118
    ));
#2352 = CARTESIAN_POINT('',(0.539034624302,-64.97433343067,
    -33.64796444262));
#2353 = CARTESIAN_POINT('',(0.380517250652,-64.99098874067,
    -33.71550956958));
#2354 = CARTESIAN_POINT('',(0.208983654718,-65.00193480071,
    -33.75726369098));
#2355 = CARTESIAN_POINT('',(3.16207374897E-02,-65.00512305214,
    -33.77005342093));
#2356 = CARTESIAN_POINT('',(-0.143966195587,-65.00072356267,
    -33.75358060287));
#2357 = CARTESIAN_POINT('',(-0.479076788531,-64.97984852436,
    -33.66753882671));
#2358 = CARTESIAN_POINT('',(-0.633372289298,-64.9635957899,
    -33.59885908632));
#2359 = CARTESIAN_POINT('',(-0.7708629196,-64.94367072256,
    -33.50973034595));
#2360 = CARTESIAN_POINT('',(-0.889920831824,-64.92251039305,
    -33.40456620794));
#2361 = CARTESIAN_POINT('',(-0.989668621512,-64.90228124303,
    -33.28744143711));
#2362 = CARTESIAN_POINT('',(-1.069894046544,-64.88459480316,
    -33.16215273734));
#2363 = CARTESIAN_POINT('',(-1.198478399781,-64.8547341439,
    -32.88889707734));
#2364 = CARTESIAN_POINT('',(-1.244166861889,-64.84297581278,
    -32.7368017509));
#2365 = CARTESIAN_POINT('',(-1.267203226525,-64.83664686898,
    -32.57950803834));
#2366 = CARTESIAN_POINT('',(-1.267203226525,-64.83664686898,
    -32.42049196165));
#2367 = CARTESIAN_POINT('',(-1.244166861889,-64.84297581278,
    -32.26319824909));
#2368 = CARTESIAN_POINT('',(-1.198478399781,-64.8547341439,
    -32.11110292265));
#2369 = CARTESIAN_POINT('',(-1.073803970887,-64.88368681618,
    -31.84615627483));
#2370 = CARTESIAN_POINT('',(-0.999980745599,-64.90000347483,
    -31.72887681184));
#2371 = CARTESIAN_POINT('',(-0.909253825932,-64.91856610842,
    -31.61860739214));
#2372 = CARTESIAN_POINT('',(-0.801699255335,-64.93812089144,
    -31.51828168967));
#2373 = CARTESIAN_POINT('',(-0.677832582639,-64.95699445926,
    -31.43112342597));
#2374 = CARTESIAN_POINT('',(-0.538704631867,-64.97324569747,
    -31.36070796504));
#2375 = CARTESIAN_POINT('',(-0.237326684931,-64.99659821506,
    -31.26278433407));
#2376 = CARTESIAN_POINT('',(-7.775018735706E-02,-65.00373939008,
    -31.23500387356));
#2377 = CARTESIAN_POINT('',(8.685414116192E-02,-65.00475996428,
    -31.23173174742));
#2378 = CARTESIAN_POINT('',(0.249908286537,-64.99887337175,
    -31.25399262932));
#2379 = CARTESIAN_POINT('',(0.404887364392,-64.98707522956,
    -31.30019867238));
#2380 = CARTESIAN_POINT('',(0.546107309271,-64.97165385908,
    -31.36610279982));
#2381 = CARTESIAN_POINT('',(0.836644564319,-64.9323804839,
    -31.55048334853));
#2382 = CARTESIAN_POINT('',(0.975753365754,-64.90690041479,
    -31.68193590325));
#2383 = CARTESIAN_POINT('',(1.086186265623,-64.88249418718,
    -31.83071806952));
#2384 = CARTESIAN_POINT('',(1.168339547985,-64.86231537381,
    -31.99105772562));
#2385 = CARTESIAN_POINT('',(1.222780417663,-64.84825686077,
    -32.15845296574));
#2386 = CARTESIAN_POINT('',(1.25,-64.84122918275,-32.32922347226));
#2387 = CARTESIAN_POINT('',(1.25,-64.84122918275,-32.5));
#2388 = FACE_BOUND('',#2389,.T.);
#2389 = EDGE_LOOP('',(#2390));
#2390 = ORIENTED_EDGE('',*,*,#2391,.T.);
#2391 = EDGE_CURVE('',#2392,#2392,#2394,.T.);
#2392 = VERTEX_POINT('',#2393);
#2393 = CARTESIAN_POINT('',(1.25,-55.15877081724,-67.5));
#2394 = B_SPLINE_CURVE_WITH_KNOTS('',7,(#2395,#2396,#2397,#2398,#2399,
    #2400,#2401,#2402,#2403,#2404,#2405,#2406,#2407,#2408,#2409,#2410,
    #2411,#2412,#2413,#2414,#2415,#2416,#2417,#2418,#2419,#2420,#2421,
    #2422,#2423,#2424,#2425,#2426,#2427,#2428,#2429,#2430,#2431,#2432,
    #2433,#2434,#2435,#2436,#2437,#2438),.UNSPECIFIED.,.T.,.F.,(8,6,6,6,
    6,6,6,8),(0.,0.150906501891,0.287224618216,0.424619473289,
    0.576182670487,0.704791043424,0.830455882377,1.),.UNSPECIFIED.);
#2395 = CARTESIAN_POINT('',(1.25,-55.15877081724,-67.5));
#2396 = CARTESIAN_POINT('',(1.25,-55.15877081724,-67.6510978031));
#2397 = CARTESIAN_POINT('',(1.228691835925,-55.15326918314,
    -67.80216824273));
#2398 = CARTESIAN_POINT('',(1.186086935225,-55.14226808962,
    -67.95084765561));
#2399 = CARTESIAN_POINT('',(1.121919303192,-55.12633166127,
    -68.09463073115));
#2400 = CARTESIAN_POINT('',(1.035810978726,-55.1066156785,
    -68.23059006206));
#2401 = CARTESIAN_POINT('',(0.927395544757,-55.08497787858,
    -68.35508696698));
#2402 = CARTESIAN_POINT('',(0.678791255436,-55.04484848799,
    -68.56075032118));
#2403 = CARTESIAN_POINT('',(0.539034624302,-55.02566656933,
    -68.64796444262));
#2404 = CARTESIAN_POINT('',(0.380517250652,-55.00901125932,
    -68.71550956958));
#2405 = CARTESIAN_POINT('',(0.208983654718,-54.99806519929,
    -68.75726369098));
#2406 = CARTESIAN_POINT('',(3.16207374897E-02,-54.99487694785,
    -68.77005342093));
#2407 = CARTESIAN_POINT('',(-0.143966195587,-54.99927643732,
    -68.75358060287));
#2408 = CARTESIAN_POINT('',(-0.479076788531,-55.02015147563,
    -68.66753882671));
#2409 = CARTESIAN_POINT('',(-0.633372289299,-55.03640421009,
    -68.59885908631));
#2410 = CARTESIAN_POINT('',(-0.7708629196,-55.05632927743,
    -68.50973034596));
#2411 = CARTESIAN_POINT('',(-0.889920831825,-55.07748960694,
    -68.40456620794));
#2412 = CARTESIAN_POINT('',(-0.989668621512,-55.09771875696,
    -68.28744143711));
#2413 = CARTESIAN_POINT('',(-1.069894046544,-55.11540519684,
    -68.16215273734));
#2414 = CARTESIAN_POINT('',(-1.198478399781,-55.14526585609,
    -67.88889707734));
#2415 = CARTESIAN_POINT('',(-1.244166861889,-55.15702418721,
    -67.7368017509));
#2416 = CARTESIAN_POINT('',(-1.267203226525,-55.16335313101,
    -67.57950803834));
#2417 = CARTESIAN_POINT('',(-1.267203226525,-55.16335313101,
    -67.42049196165));
#2418 = CARTESIAN_POINT('',(-1.244166861889,-55.15702418721,
    -67.26319824909));
#2419 = CARTESIAN_POINT('',(-1.198478399781,-55.14526585609,
    -67.11110292265));
#2420 = CARTESIAN_POINT('',(-1.073803970887,-55.11631318382,
    -66.84615627483));
#2421 = CARTESIAN_POINT('',(-0.999980745599,-55.09999652516,
    -66.72887681184));
#2422 = CARTESIAN_POINT('',(-0.909253825931,-55.08143389157,
    -66.61860739214));
#2423 = CARTESIAN_POINT('',(-0.801699255336,-55.06187910855,
    -66.51828168967));
#2424 = CARTESIAN_POINT('',(-0.677832582638,-55.04300554073,
    -66.43112342597));
#2425 = CARTESIAN_POINT('',(-0.538704631867,-55.02675430252,
    -66.36070796504));
#2426 = CARTESIAN_POINT('',(-0.237326684931,-55.00340178493,
    -66.26278433407));
#2427 = CARTESIAN_POINT('',(-7.775018735664E-02,-54.99626060991,
    -66.23500387356));
#2428 = CARTESIAN_POINT('',(8.685414116118E-02,-54.99524003571,
    -66.23173174742));
#2429 = CARTESIAN_POINT('',(0.249908286538,-55.00112662825,
    -66.25399262932));
#2430 = CARTESIAN_POINT('',(0.404887364392,-55.01292477043,
    -66.30019867238));
#2431 = CARTESIAN_POINT('',(0.546107309271,-55.02834614092,
    -66.36610279982));
#2432 = CARTESIAN_POINT('',(0.836644564319,-55.06761951609,
    -66.55048334853));
#2433 = CARTESIAN_POINT('',(0.975753365753,-55.0930995852,
    -66.68193590325));
#2434 = CARTESIAN_POINT('',(1.086186265624,-55.11750581281,
    -66.83071806952));
#2435 = CARTESIAN_POINT('',(1.168339547984,-55.13768462618,
    -66.99105772562));
#2436 = CARTESIAN_POINT('',(1.222780417663,-55.15174313922,
    -67.15845296574));
#2437 = CARTESIAN_POINT('',(1.25,-55.15877081724,-67.32922347226));
#2438 = CARTESIAN_POINT('',(1.25,-55.15877081724,-67.5));
#2439 = FACE_BOUND('',#2440,.T.);
#2440 = EDGE_LOOP('',(#2441));
#2441 = ORIENTED_EDGE('',*,*,#2442,.F.);
#2442 = EDGE_CURVE('',#2443,#2443,#2445,.T.);
#2443 = VERTEX_POINT('',#2444);
#2444 = CARTESIAN_POINT('',(1.25,-64.84122918275,-67.5));
#2445 = B_SPLINE_CURVE_WITH_KNOTS('',7,(#2446,#2447,#2448,#2449,#2450,
    #2451,#2452,#2453,#2454,#2455,#2456,#2457,#2458,#2459,#2460,#2461,
    #2462,#2463,#2464,#2465,#2466,#2467,#2468,#2469,#2470,#2471,#2472,
    #2473,#2474,#2475,#2476,#2477,#2478,#2479,#2480,#2481,#2482,#2483,
    #2484,#2485,#2486,#2487,#2488,#2489),.UNSPECIFIED.,.T.,.F.,(8,6,6,6,
    6,6,6,8),(0.,0.150906501891,0.287224618216,0.42461947329,
    0.576182670487,0.704791043424,0.830455882377,1.),.UNSPECIFIED.);
#2446 = CARTESIAN_POINT('',(1.25,-64.84122918275,-67.5));
#2447 = CARTESIAN_POINT('',(1.25,-64.84122918275,-67.6510978031));
#2448 = CARTESIAN_POINT('',(1.228691835925,-64.84673081685,
    -67.80216824273));
#2449 = CARTESIAN_POINT('',(1.186086935225,-64.85773191037,
    -67.95084765561));
#2450 = CARTESIAN_POINT('',(1.121919303191,-64.87366833872,
    -68.09463073115));
#2451 = CARTESIAN_POINT('',(1.035810978726,-64.89338432149,
    -68.23059006206));
#2452 = CARTESIAN_POINT('',(0.927395544757,-64.91502212141,
    -68.35508696698));
#2453 = CARTESIAN_POINT('',(0.678791255436,-64.955151512,-68.56075032118
    ));
#2454 = CARTESIAN_POINT('',(0.539034624302,-64.97433343067,
    -68.64796444262));
#2455 = CARTESIAN_POINT('',(0.380517250652,-64.99098874067,
    -68.71550956958));
#2456 = CARTESIAN_POINT('',(0.208983654718,-65.00193480071,
    -68.75726369098));
#2457 = CARTESIAN_POINT('',(3.162073748998E-02,-65.00512305214,
    -68.77005342093));
#2458 = CARTESIAN_POINT('',(-0.143966195587,-65.00072356267,
    -68.75358060287));
#2459 = CARTESIAN_POINT('',(-0.479076788531,-64.97984852436,
    -68.66753882671));
#2460 = CARTESIAN_POINT('',(-0.633372289298,-64.9635957899,
    -68.59885908631));
#2461 = CARTESIAN_POINT('',(-0.7708629196,-64.94367072256,
    -68.50973034596));
#2462 = CARTESIAN_POINT('',(-0.889920831824,-64.92251039305,
    -68.40456620794));
#2463 = CARTESIAN_POINT('',(-0.989668621512,-64.90228124303,
    -68.28744143711));
#2464 = CARTESIAN_POINT('',(-1.069894046544,-64.88459480316,
    -68.16215273734));
#2465 = CARTESIAN_POINT('',(-1.198478399781,-64.8547341439,
    -67.88889707734));
#2466 = CARTESIAN_POINT('',(-1.244166861889,-64.84297581278,
    -67.7368017509));
#2467 = CARTESIAN_POINT('',(-1.267203226525,-64.83664686898,
    -67.57950803834));
#2468 = CARTESIAN_POINT('',(-1.267203226525,-64.83664686898,
    -67.42049196165));
#2469 = CARTESIAN_POINT('',(-1.244166861889,-64.84297581278,
    -67.26319824909));
#2470 = CARTESIAN_POINT('',(-1.198478399781,-64.8547341439,
    -67.11110292265));
#2471 = CARTESIAN_POINT('',(-1.073803970887,-64.88368681618,
    -66.84615627483));
#2472 = CARTESIAN_POINT('',(-0.999980745599,-64.90000347483,
    -66.72887681184));
#2473 = CARTESIAN_POINT('',(-0.909253825931,-64.91856610842,
    -66.61860739214));
#2474 = CARTESIAN_POINT('',(-0.801699255336,-64.93812089144,
    -66.51828168967));
#2475 = CARTESIAN_POINT('',(-0.677832582639,-64.95699445926,
    -66.43112342597));
#2476 = CARTESIAN_POINT('',(-0.538704631867,-64.97324569747,
    -66.36070796504));
#2477 = CARTESIAN_POINT('',(-0.237326684931,-64.99659821506,
    -66.26278433407));
#2478 = CARTESIAN_POINT('',(-7.775018735738E-02,-65.00373939008,
    -66.23500387356));
#2479 = CARTESIAN_POINT('',(8.685414116248E-02,-65.00475996428,
    -66.23173174742));
#2480 = CARTESIAN_POINT('',(0.249908286537,-64.99887337175,
    -66.25399262932));
#2481 = CARTESIAN_POINT('',(0.404887364392,-64.98707522956,
    -66.30019867238));
#2482 = CARTESIAN_POINT('',(0.546107309271,-64.97165385908,
    -66.36610279982));
#2483 = CARTESIAN_POINT('',(0.836644564319,-64.9323804839,
    -66.55048334853));
#2484 = CARTESIAN_POINT('',(0.975753365754,-64.90690041479,
    -66.68193590325));
#2485 = CARTESIAN_POINT('',(1.086186265623,-64.88249418718,
    -66.83071806952));
#2486 = CARTESIAN_POINT('',(1.168339547984,-64.86231537381,
    -66.99105772562));
#2487 = CARTESIAN_POINT('',(1.222780417663,-64.84825686077,
    -67.15845296574));
#2488 = CARTESIAN_POINT('',(1.25,-64.84122918275,-67.32922347226));
#2489 = CARTESIAN_POINT('',(1.25,-64.84122918275,-67.5));
#2490 = CYLINDRICAL_SURFACE('',#2491,5.);
#2491 = AXIS2_PLACEMENT_3D('',#2492,#2493,#2494);
#2492 = CARTESIAN_POINT('',(0.,-60.,0.));
#2493 = DIRECTION('',(-0.,-0.,-1.));
#2494 = DIRECTION('',(1.,0.,0.));
#2495 = ADVANCED_FACE('',(#2496),#2507,.T.);
#2496 = FACE_BOUND('',#2497,.T.);
#2497 = EDGE_LOOP('',(#2498,#2499,#2505,#2506));
#2498 = ORIENTED_EDGE('',*,*,#2207,.T.);
#2499 = ORIENTED_EDGE('',*,*,#2500,.T.);
#2500 = EDGE_CURVE('',#2197,#1863,#2501,.T.);
#2501 = LINE('',#2502,#2503);
#2502 = CARTESIAN_POINT('',(3.,-56.,-65.));
#2503 = VECTOR('',#2504,1.);
#2504 = DIRECTION('',(1.,0.,0.));
#2505 = ORIENTED_EDGE('',*,*,#1873,.F.);
#2506 = ORIENTED_EDGE('',*,*,#1822,.F.);
#2507 = PLANE('',#2508);
#2508 = AXIS2_PLACEMENT_3D('',#2509,#2510,#2511);
#2509 = CARTESIAN_POINT('',(3.,-56.,-35.));
#2510 = DIRECTION('',(0.,-1.,0.));
#2511 = DIRECTION('',(1.,0.,0.));
#2512 = ADVANCED_FACE('',(#2513),#2521,.T.);
#2513 = FACE_BOUND('',#2514,.T.);
#2514 = EDGE_LOOP('',(#2515,#2516,#2517,#2518,#2519,#2520));
#2515 = ORIENTED_EDGE('',*,*,#1938,.F.);
#2516 = ORIENTED_EDGE('',*,*,#1862,.F.);
#2517 = ORIENTED_EDGE('',*,*,#2500,.F.);
#2518 = ORIENTED_EDGE('',*,*,#2196,.T.);
#2519 = ORIENTED_EDGE('',*,*,#2265,.T.);
#2520 = ORIENTED_EDGE('',*,*,#2173,.F.);
#2521 = PLANE('',#2522);
#2522 = AXIS2_PLACEMENT_3D('',#2523,#2524,#2525);
#2523 = CARTESIAN_POINT('',(2.75E-15,-60.,-65.));
#2524 = DIRECTION('',(0.,0.,1.));
#2525 = DIRECTION('',(1.,0.,0.));
#2526 = ADVANCED_FACE('',(#2527,#2530),#2533,.F.);
#2527 = FACE_BOUND('',#2528,.T.);
#2528 = EDGE_LOOP('',(#2529));
#2529 = ORIENTED_EDGE('',*,*,#1952,.T.);
#2530 = FACE_BOUND('',#2531,.F.);
#2531 = EDGE_LOOP('',(#2532));
#2532 = ORIENTED_EDGE('',*,*,#2279,.T.);
#2533 = PLANE('',#2534);
#2534 = AXIS2_PLACEMENT_3D('',#2535,#2536,#2537);
#2535 = CARTESIAN_POINT('',(2.75E-15,-60.,-70.));
#2536 = DIRECTION('',(0.,0.,1.));
#2537 = DIRECTION('',(1.,0.,0.));
#2538 = ADVANCED_FACE('',(#2539),#2557,.T.);
#2539 = FACE_BOUND('',#2540,.T.);
#2540 = EDGE_LOOP('',(#2541,#2542,#2543,#2549,#2550,#2551));
#2541 = ORIENTED_EDGE('',*,*,#1921,.F.);
#2542 = ORIENTED_EDGE('',*,*,#1887,.F.);
#2543 = ORIENTED_EDGE('',*,*,#2544,.F.);
#2544 = EDGE_CURVE('',#2222,#1888,#2545,.T.);
#2545 = LINE('',#2546,#2547);
#2546 = CARTESIAN_POINT('',(3.,-56.,-30.));
#2547 = VECTOR('',#2548,1.);
#2548 = DIRECTION('',(1.,-2.33E-15,0.));
#2549 = ORIENTED_EDGE('',*,*,#2221,.T.);
#2550 = ORIENTED_EDGE('',*,*,#2255,.T.);
#2551 = ORIENTED_EDGE('',*,*,#2552,.F.);
#2552 = EDGE_CURVE('',#1914,#2248,#2553,.T.);
#2553 = LINE('',#2554,#2555);
#2554 = CARTESIAN_POINT('',(-6.046693311224,-56.,-30.));
#2555 = VECTOR('',#2556,1.);
#2556 = DIRECTION('',(1.,0.,0.));
#2557 = PLANE('',#2558);
#2558 = AXIS2_PLACEMENT_3D('',#2559,#2560,#2561);
#2559 = CARTESIAN_POINT('',(2.69E-15,-60.,-30.));
#2560 = DIRECTION('',(0.,0.,1.));
#2561 = DIRECTION('',(1.,0.,0.));
#2562 = ADVANCED_FACE('',(#2563),#2590,.T.);
#2563 = FACE_BOUND('',#2564,.T.);
#2564 = EDGE_LOOP('',(#2565,#2575,#2581,#2582,#2583,#2584));
#2565 = ORIENTED_EDGE('',*,*,#2566,.F.);
#2566 = EDGE_CURVE('',#2567,#2569,#2571,.T.);
#2567 = VERTEX_POINT('',#2568);
#2568 = CARTESIAN_POINT('',(-11.,-56.,0.));
#2569 = VERTEX_POINT('',#2570);
#2570 = CARTESIAN_POINT('',(-11.,-56.,2.));
#2571 = LINE('',#2572,#2573);
#2572 = CARTESIAN_POINT('',(-11.,-56.,0.));
#2573 = VECTOR('',#2574,1.);
#2574 = DIRECTION('',(0.,0.,1.));
#2575 = ORIENTED_EDGE('',*,*,#2576,.T.);
#2576 = EDGE_CURVE('',#2567,#1905,#2577,.T.);
#2577 = LINE('',#2578,#2579);
#2578 = CARTESIAN_POINT('',(-7.,-56.,0.));
#2579 = VECTOR('',#2580,1.);
#2580 = DIRECTION('',(1.,0.,0.));
#2581 = ORIENTED_EDGE('',*,*,#1913,.T.);
#2582 = ORIENTED_EDGE('',*,*,#2552,.T.);
#2583 = ORIENTED_EDGE('',*,*,#2247,.F.);
#2584 = ORIENTED_EDGE('',*,*,#2585,.F.);
#2585 = EDGE_CURVE('',#2569,#2239,#2586,.T.);
#2586 = LINE('',#2587,#2588);
#2587 = CARTESIAN_POINT('',(-11.,-56.,2.));
#2588 = VECTOR('',#2589,1.);
#2589 = DIRECTION('',(1.,0.,0.));
#2590 = PLANE('',#2591);
#2591 = AXIS2_PLACEMENT_3D('',#2592,#2593,#2594);
#2592 = CARTESIAN_POINT('',(-5.142509991709,-56.,-12.1425099917));
#2593 = DIRECTION('',(-0.,-1.,-0.));
#2594 = DIRECTION('',(0.,0.,-1.));
#2595 = ADVANCED_FACE('',(#2596,#2646,#2657,#2668,#2679),#2690,.F.);
#2596 = FACE_BOUND('',#2597,.F.);
#2597 = EDGE_LOOP('',(#2598,#2608,#2614,#2615,#2616,#2624,#2632,#2640));
#2598 = ORIENTED_EDGE('',*,*,#2599,.F.);
#2599 = EDGE_CURVE('',#2600,#2602,#2604,.T.);
#2600 = VERTEX_POINT('',#2601);
#2601 = CARTESIAN_POINT('',(-17.5,-40.,0.));
#2602 = VERTEX_POINT('',#2603);
#2603 = CARTESIAN_POINT('',(-17.5,-36.,0.));
#2604 = LINE('',#2605,#2606);
#2605 = CARTESIAN_POINT('',(-17.5,-40.,0.));
#2606 = VECTOR('',#2607,1.);
#2607 = DIRECTION('',(0.,1.,0.));
#2608 = ORIENTED_EDGE('',*,*,#2609,.T.);
#2609 = EDGE_CURVE('',#2600,#2567,#2610,.T.);
#2610 = LINE('',#2611,#2612);
#2611 = CARTESIAN_POINT('',(-17.5,-40.,0.));
#2612 = VECTOR('',#2613,1.);
#2613 = DIRECTION('',(0.376377046956,-0.926466577122,0.));
#2614 = ORIENTED_EDGE('',*,*,#2576,.T.);
#2615 = ORIENTED_EDGE('',*,*,#1904,.T.);
#2616 = ORIENTED_EDGE('',*,*,#2617,.T.);
#2617 = EDGE_CURVE('',#1897,#2618,#2620,.T.);
#2618 = VERTEX_POINT('',#2619);
#2619 = CARTESIAN_POINT('',(11.,-56.,0.));
#2620 = LINE('',#2621,#2622);
#2621 = CARTESIAN_POINT('',(7.,-56.,0.));
#2622 = VECTOR('',#2623,1.);
#2623 = DIRECTION('',(1.,0.,0.));
#2624 = ORIENTED_EDGE('',*,*,#2625,.F.);
#2625 = EDGE_CURVE('',#2626,#2618,#2628,.T.);
#2626 = VERTEX_POINT('',#2627);
#2627 = CARTESIAN_POINT('',(17.5,-39.99999999997,0.));
#2628 = LINE('',#2629,#2630);
#2629 = CARTESIAN_POINT('',(17.5,-39.99999999997,0.));
#2630 = VECTOR('',#2631,1.);
#2631 = DIRECTION('',(-0.376377046955,-0.926466577123,0.));
#2632 = ORIENTED_EDGE('',*,*,#2633,.F.);
#2633 = EDGE_CURVE('',#2634,#2626,#2636,.T.);
#2634 = VERTEX_POINT('',#2635);
#2635 = CARTESIAN_POINT('',(17.5,-36.,0.));
#2636 = LINE('',#2637,#2638);
#2637 = CARTESIAN_POINT('',(17.5,-36.,0.));
#2638 = VECTOR('',#2639,1.);
#2639 = DIRECTION('',(0.,-1.,0.));
#2640 = ORIENTED_EDGE('',*,*,#2641,.F.);
#2641 = EDGE_CURVE('',#2602,#2634,#2642,.T.);
#2642 = LINE('',#2643,#2644);
#2643 = CARTESIAN_POINT('',(-17.5,-36.,0.));
#2644 = VECTOR('',#2645,1.);
#2645 = DIRECTION('',(1.,0.,0.));
#2646 = FACE_BOUND('',#2647,.F.);
#2647 = EDGE_LOOP('',(#2648));
#2648 = ORIENTED_EDGE('',*,*,#2649,.T.);
#2649 = EDGE_CURVE('',#2650,#2650,#2652,.T.);
#2650 = VERTEX_POINT('',#2651);
#2651 = CARTESIAN_POINT('',(-8.362541391184,-54.,0.));
#2652 = CIRCLE('',#2653,0.75);
#2653 = AXIS2_PLACEMENT_3D('',#2654,#2655,#2656);
#2654 = CARTESIAN_POINT('',(-9.112541391184,-54.,0.));
#2655 = DIRECTION('',(0.,0.,-1.));
#2656 = DIRECTION('',(1.,0.,0.));
#2657 = FACE_BOUND('',#2658,.F.);
#2658 = EDGE_LOOP('',(#2659));
#2659 = ORIENTED_EDGE('',*,*,#2660,.T.);
#2660 = EDGE_CURVE('',#2661,#2661,#2663,.T.);
#2661 = VERTEX_POINT('',#2662);
#2662 = CARTESIAN_POINT('',(9.862541391184,-54.,0.));
#2663 = CIRCLE('',#2664,0.75);
#2664 = AXIS2_PLACEMENT_3D('',#2665,#2666,#2667);
#2665 = CARTESIAN_POINT('',(9.112541391184,-54.,0.));
#2666 = DIRECTION('',(0.,0.,-1.));
#2667 = DIRECTION('',(1.,0.,0.));
#2668 = FACE_BOUND('',#2669,.F.);
#2669 = EDGE_LOOP('',(#2670));
#2670 = ORIENTED_EDGE('',*,*,#2671,.T.);
#2671 = EDGE_CURVE('',#2672,#2672,#2674,.T.);
#2672 = VERTEX_POINT('',#2673);
#2673 = CARTESIAN_POINT('',(-5.977693387641,-53.25,0.));
#2674 = CIRCLE('',#2675,0.75);
#2675 = AXIS2_PLACEMENT_3D('',#2676,#2677,#2678);
#2676 = CARTESIAN_POINT('',(-6.727693387641,-53.25,0.));
#2677 = DIRECTION('',(0.,0.,-1.));
#2678 = DIRECTION('',(1.,0.,0.));
#2679 = FACE_BOUND('',#2680,.F.);
#2680 = EDGE_LOOP('',(#2681));
#2681 = ORIENTED_EDGE('',*,*,#2682,.T.);
#2682 = EDGE_CURVE('',#2683,#2683,#2685,.T.);
#2683 = VERTEX_POINT('',#2684);
#2684 = CARTESIAN_POINT('',(6.957803881528,-53.25,0.));
#2685 = CIRCLE('',#2686,0.75);
#2686 = AXIS2_PLACEMENT_3D('',#2687,#2688,#2689);
#2687 = CARTESIAN_POINT('',(6.207803881528,-53.25,0.));
#2688 = DIRECTION('',(0.,0.,-1.));
#2689 = DIRECTION('',(1.,0.,0.));
#2690 = PLANE('',#2691);
#2691 = AXIS2_PLACEMENT_3D('',#2692,#2693,#2694);
#2692 = CARTESIAN_POINT('',(-1.03504E-12,-44.7507514226,0.));
#2693 = DIRECTION('',(0.,0.,1.));
#2694 = DIRECTION('',(1.,0.,0.));
#2695 = ADVANCED_FACE('',(#2696),#2716,.T.);
#2696 = FACE_BOUND('',#2697,.T.);
#2697 = EDGE_LOOP('',(#2698,#2699,#2700,#2701,#2702,#2710));
#2698 = ORIENTED_EDGE('',*,*,#2230,.F.);
#2699 = ORIENTED_EDGE('',*,*,#2544,.T.);
#2700 = ORIENTED_EDGE('',*,*,#1896,.F.);
#2701 = ORIENTED_EDGE('',*,*,#2617,.T.);
#2702 = ORIENTED_EDGE('',*,*,#2703,.T.);
#2703 = EDGE_CURVE('',#2618,#2704,#2706,.T.);
#2704 = VERTEX_POINT('',#2705);
#2705 = CARTESIAN_POINT('',(11.,-56.,2.));
#2706 = LINE('',#2707,#2708);
#2707 = CARTESIAN_POINT('',(11.,-56.,0.));
#2708 = VECTOR('',#2709,1.);
#2709 = DIRECTION('',(0.,0.,1.));
#2710 = ORIENTED_EDGE('',*,*,#2711,.T.);
#2711 = EDGE_CURVE('',#2704,#2231,#2712,.T.);
#2712 = LINE('',#2713,#2714);
#2713 = CARTESIAN_POINT('',(7.,-56.,2.));
#2714 = VECTOR('',#2715,1.);
#2715 = DIRECTION('',(-1.,0.,0.));
#2716 = PLANE('',#2717);
#2717 = AXIS2_PLACEMENT_3D('',#2718,#2719,#2720);
#2718 = CARTESIAN_POINT('',(5.142509991709,-56.,-12.1425099917));
#2719 = DIRECTION('',(-5.E-16,-1.,-0.));
#2720 = DIRECTION('',(-1.,5.E-16,0.));
#2721 = ADVANCED_FACE('',(#2722),#2733,.F.);
#2722 = FACE_BOUND('',#2723,.T.);
#2723 = EDGE_LOOP('',(#2724,#2725,#2731,#2732));
#2724 = ORIENTED_EDGE('',*,*,#2442,.T.);
#2725 = ORIENTED_EDGE('',*,*,#2726,.T.);
#2726 = EDGE_CURVE('',#2443,#1963,#2727,.T.);
#2727 = LINE('',#2728,#2729);
#2728 = CARTESIAN_POINT('',(1.25,-36.,-67.5));
#2729 = VECTOR('',#2730,1.);
#2730 = DIRECTION('',(-6.E-17,-1.,2.2E-16));
#2731 = ORIENTED_EDGE('',*,*,#1962,.F.);
#2732 = ORIENTED_EDGE('',*,*,#2726,.F.);
#2733 = CYLINDRICAL_SURFACE('',#2734,1.25);
#2734 = AXIS2_PLACEMENT_3D('',#2735,#2736,#2737);
#2735 = CARTESIAN_POINT('',(0.,-36.,-67.5));
#2736 = DIRECTION('',(0.,-1.,2.2E-16));
#2737 = DIRECTION('',(1.,0.,0.));
#2738 = ADVANCED_FACE('',(#2739),#2750,.F.);
#2739 = FACE_BOUND('',#2740,.T.);
#2740 = EDGE_LOOP('',(#2741,#2742,#2748,#2749));
#2741 = ORIENTED_EDGE('',*,*,#2013,.T.);
#2742 = ORIENTED_EDGE('',*,*,#2743,.T.);
#2743 = EDGE_CURVE('',#2014,#2392,#2744,.T.);
#2744 = LINE('',#2745,#2746);
#2745 = CARTESIAN_POINT('',(1.25,-36.,-67.5));
#2746 = VECTOR('',#2747,1.);
#2747 = DIRECTION('',(-6.E-17,-1.,2.2E-16));
#2748 = ORIENTED_EDGE('',*,*,#2391,.F.);
#2749 = ORIENTED_EDGE('',*,*,#2743,.F.);
#2750 = CYLINDRICAL_SURFACE('',#2751,1.25);
#2751 = AXIS2_PLACEMENT_3D('',#2752,#2753,#2754);
#2752 = CARTESIAN_POINT('',(0.,-36.,-67.5));
#2753 = DIRECTION('',(0.,-1.,2.2E-16));
#2754 = DIRECTION('',(1.,0.,0.));
#2755 = ADVANCED_FACE('',(#2756),#2767,.F.);
#2756 = FACE_BOUND('',#2757,.T.);
#2757 = EDGE_LOOP('',(#2758,#2759,#2765,#2766));
#2758 = ORIENTED_EDGE('',*,*,#2340,.T.);
#2759 = ORIENTED_EDGE('',*,*,#2760,.T.);
#2760 = EDGE_CURVE('',#2341,#2065,#2761,.T.);
#2761 = LINE('',#2762,#2763);
#2762 = CARTESIAN_POINT('',(1.25,-36.,-32.5));
#2763 = VECTOR('',#2764,1.);
#2764 = DIRECTION('',(-6.E-17,-1.,2.2E-16));
#2765 = ORIENTED_EDGE('',*,*,#2064,.F.);
#2766 = ORIENTED_EDGE('',*,*,#2760,.F.);
#2767 = CYLINDRICAL_SURFACE('',#2768,1.25);
#2768 = AXIS2_PLACEMENT_3D('',#2769,#2770,#2771);
#2769 = CARTESIAN_POINT('',(0.,-36.,-32.5));
#2770 = DIRECTION('',(0.,-1.,2.2E-16));
#2771 = DIRECTION('',(1.,0.,0.));
#2772 = ADVANCED_FACE('',(#2773),#2784,.F.);
#2773 = FACE_BOUND('',#2774,.T.);
#2774 = EDGE_LOOP('',(#2775,#2776,#2782,#2783));
#2775 = ORIENTED_EDGE('',*,*,#2115,.T.);
#2776 = ORIENTED_EDGE('',*,*,#2777,.T.);
#2777 = EDGE_CURVE('',#2116,#2290,#2778,.T.);
#2778 = LINE('',#2779,#2780);
#2779 = CARTESIAN_POINT('',(1.25,-36.,-32.5));
#2780 = VECTOR('',#2781,1.);
#2781 = DIRECTION('',(-6.E-17,-1.,2.2E-16));
#2782 = ORIENTED_EDGE('',*,*,#2289,.F.);
#2783 = ORIENTED_EDGE('',*,*,#2777,.F.);
#2784 = CYLINDRICAL_SURFACE('',#2785,1.25);
#2785 = AXIS2_PLACEMENT_3D('',#2786,#2787,#2788);
#2786 = CARTESIAN_POINT('',(0.,-36.,-32.5));
#2787 = DIRECTION('',(0.,-1.,2.2E-16));
#2788 = DIRECTION('',(1.,0.,0.));
#2789 = ADVANCED_FACE('',(#2790,#2833,#2844,#2855,#2866),#2877,.T.);
#2790 = FACE_BOUND('',#2791,.T.);
#2791 = EDGE_LOOP('',(#2792,#2800,#2801,#2802,#2803,#2811,#2819,#2827));
#2792 = ORIENTED_EDGE('',*,*,#2793,.T.);
#2793 = EDGE_CURVE('',#2794,#2569,#2796,.T.);
#2794 = VERTEX_POINT('',#2795);
#2795 = CARTESIAN_POINT('',(-17.5,-40.,2.));
#2796 = LINE('',#2797,#2798);
#2797 = CARTESIAN_POINT('',(-17.5,-40.,2.));
#2798 = VECTOR('',#2799,1.);
#2799 = DIRECTION('',(0.376377046956,-0.926466577122,0.));
#2800 = ORIENTED_EDGE('',*,*,#2585,.T.);
#2801 = ORIENTED_EDGE('',*,*,#2238,.F.);
#2802 = ORIENTED_EDGE('',*,*,#2711,.F.);
#2803 = ORIENTED_EDGE('',*,*,#2804,.F.);
#2804 = EDGE_CURVE('',#2805,#2704,#2807,.T.);
#2805 = VERTEX_POINT('',#2806);
#2806 = CARTESIAN_POINT('',(17.5,-39.99999999997,2.));
#2807 = LINE('',#2808,#2809);
#2808 = CARTESIAN_POINT('',(17.5,-39.99999999997,2.));
#2809 = VECTOR('',#2810,1.);
#2810 = DIRECTION('',(-0.376377046955,-0.926466577123,0.));
#2811 = ORIENTED_EDGE('',*,*,#2812,.F.);
#2812 = EDGE_CURVE('',#2813,#2805,#2815,.T.);
#2813 = VERTEX_POINT('',#2814);
#2814 = CARTESIAN_POINT('',(17.5,-36.,2.));
#2815 = LINE('',#2816,#2817);
#2816 = CARTESIAN_POINT('',(17.5,-36.,2.));
#2817 = VECTOR('',#2818,1.);
#2818 = DIRECTION('',(0.,-1.,0.));
#2819 = ORIENTED_EDGE('',*,*,#2820,.F.);
#2820 = EDGE_CURVE('',#2821,#2813,#2823,.T.);
#2821 = VERTEX_POINT('',#2822);
#2822 = CARTESIAN_POINT('',(-17.5,-36.,2.));
#2823 = LINE('',#2824,#2825);
#2824 = CARTESIAN_POINT('',(-17.5,-36.,2.));
#2825 = VECTOR('',#2826,1.);
#2826 = DIRECTION('',(1.,0.,0.));
#2827 = ORIENTED_EDGE('',*,*,#2828,.F.);
#2828 = EDGE_CURVE('',#2794,#2821,#2829,.T.);
#2829 = LINE('',#2830,#2831);
#2830 = CARTESIAN_POINT('',(-17.5,-40.,2.));
#2831 = VECTOR('',#2832,1.);
#2832 = DIRECTION('',(0.,1.,0.));
#2833 = FACE_BOUND('',#2834,.T.);
#2834 = EDGE_LOOP('',(#2835));
#2835 = ORIENTED_EDGE('',*,*,#2836,.T.);
#2836 = EDGE_CURVE('',#2837,#2837,#2839,.T.);
#2837 = VERTEX_POINT('',#2838);
#2838 = CARTESIAN_POINT('',(-8.362541391184,-54.,2.));
#2839 = CIRCLE('',#2840,0.75);
#2840 = AXIS2_PLACEMENT_3D('',#2841,#2842,#2843);
#2841 = CARTESIAN_POINT('',(-9.112541391184,-54.,2.));
#2842 = DIRECTION('',(0.,0.,-1.));
#2843 = DIRECTION('',(1.,0.,0.));
#2844 = FACE_BOUND('',#2845,.T.);
#2845 = EDGE_LOOP('',(#2846));
#2846 = ORIENTED_EDGE('',*,*,#2847,.T.);
#2847 = EDGE_CURVE('',#2848,#2848,#2850,.T.);
#2848 = VERTEX_POINT('',#2849);
#2849 = CARTESIAN_POINT('',(9.862541391184,-54.,2.));
#2850 = CIRCLE('',#2851,0.75);
#2851 = AXIS2_PLACEMENT_3D('',#2852,#2853,#2854);
#2852 = CARTESIAN_POINT('',(9.112541391184,-54.,2.));
#2853 = DIRECTION('',(0.,0.,-1.));
#2854 = DIRECTION('',(1.,0.,0.));
#2855 = FACE_BOUND('',#2856,.T.);
#2856 = EDGE_LOOP('',(#2857));
#2857 = ORIENTED_EDGE('',*,*,#2858,.T.);
#2858 = EDGE_CURVE('',#2859,#2859,#2861,.T.);
#2859 = VERTEX_POINT('',#2860);
#2860 = CARTESIAN_POINT('',(-5.977693387641,-53.25,2.));
#2861 = CIRCLE('',#2862,0.75);
#2862 = AXIS2_PLACEMENT_3D('',#2863,#2864,#2865);
#2863 = CARTESIAN_POINT('',(-6.727693387641,-53.25,2.));
#2864 = DIRECTION('',(0.,0.,-1.));
#2865 = DIRECTION('',(1.,0.,0.));
#2866 = FACE_BOUND('',#2867,.T.);
#2867 = EDGE_LOOP('',(#2868));
#2868 = ORIENTED_EDGE('',*,*,#2869,.T.);
#2869 = EDGE_CURVE('',#2870,#2870,#2872,.T.);
#2870 = VERTEX_POINT('',#2871);
#2871 = CARTESIAN_POINT('',(6.957803881528,-53.25,2.));
#2872 = CIRCLE('',#2873,0.75);
#2873 = AXIS2_PLACEMENT_3D('',#2874,#2875,#2876);
#2874 = CARTESIAN_POINT('',(6.207803881528,-53.25,2.));
#2875 = DIRECTION('',(0.,0.,-1.));
#2876 = DIRECTION('',(1.,0.,0.));
#2877 = PLANE('',#2878);
#2878 = AXIS2_PLACEMENT_3D('',#2879,#2880,#2881);
#2879 = CARTESIAN_POINT('',(-1.03504E-12,-44.7507514226,2.));
#2880 = DIRECTION('',(0.,0.,1.));
#2881 = DIRECTION('',(1.,0.,0.));
#2882 = ADVANCED_FACE('',(#2883),#2894,.F.);
#2883 = FACE_BOUND('',#2884,.F.);
#2884 = EDGE_LOOP('',(#2885,#2891,#2892,#2893));
#2885 = ORIENTED_EDGE('',*,*,#2886,.T.);
#2886 = EDGE_CURVE('',#2600,#2794,#2887,.T.);
#2887 = LINE('',#2888,#2889);
#2888 = CARTESIAN_POINT('',(-17.5,-40.,0.));
#2889 = VECTOR('',#2890,1.);
#2890 = DIRECTION('',(0.,0.,1.));
#2891 = ORIENTED_EDGE('',*,*,#2793,.T.);
#2892 = ORIENTED_EDGE('',*,*,#2566,.F.);
#2893 = ORIENTED_EDGE('',*,*,#2609,.F.);
#2894 = PLANE('',#2895);
#2895 = AXIS2_PLACEMENT_3D('',#2896,#2897,#2898);
#2896 = CARTESIAN_POINT('',(-17.5,-40.,0.));
#2897 = DIRECTION('',(0.926466577122,0.376377046956,0.));
#2898 = DIRECTION('',(0.376377046956,-0.926466577122,0.));
#2899 = ADVANCED_FACE('',(#2900),#2911,.T.);
#2900 = FACE_BOUND('',#2901,.T.);
#2901 = EDGE_LOOP('',(#2902,#2903,#2904,#2910));
#2902 = ORIENTED_EDGE('',*,*,#2886,.T.);
#2903 = ORIENTED_EDGE('',*,*,#2828,.T.);
#2904 = ORIENTED_EDGE('',*,*,#2905,.F.);
#2905 = EDGE_CURVE('',#2602,#2821,#2906,.T.);
#2906 = LINE('',#2907,#2908);
#2907 = CARTESIAN_POINT('',(-17.5,-36.,0.));
#2908 = VECTOR('',#2909,1.);
#2909 = DIRECTION('',(0.,0.,1.));
#2910 = ORIENTED_EDGE('',*,*,#2599,.F.);
#2911 = PLANE('',#2912);
#2912 = AXIS2_PLACEMENT_3D('',#2913,#2914,#2915);
#2913 = CARTESIAN_POINT('',(-17.5,-40.,0.));
#2914 = DIRECTION('',(-1.,0.,0.));
#2915 = DIRECTION('',(0.,1.,0.));
#2916 = ADVANCED_FACE('',(#2917),#2928,.T.);
#2917 = FACE_BOUND('',#2918,.T.);
#2918 = EDGE_LOOP('',(#2919,#2920,#2921,#2927));
#2919 = ORIENTED_EDGE('',*,*,#2905,.T.);
#2920 = ORIENTED_EDGE('',*,*,#2820,.T.);
#2921 = ORIENTED_EDGE('',*,*,#2922,.F.);
#2922 = EDGE_CURVE('',#2634,#2813,#2923,.T.);
#2923 = LINE('',#2924,#2925);
#2924 = CARTESIAN_POINT('',(17.5,-36.,0.));
#2925 = VECTOR('',#2926,1.);
#2926 = DIRECTION('',(0.,0.,1.));
#2927 = ORIENTED_EDGE('',*,*,#2641,.F.);
#2928 = PLANE('',#2929);
#2929 = AXIS2_PLACEMENT_3D('',#2930,#2931,#2932);
#2930 = CARTESIAN_POINT('',(-17.5,-36.,0.));
#2931 = DIRECTION('',(0.,1.,0.));
#2932 = DIRECTION('',(1.,0.,0.));
#2933 = ADVANCED_FACE('',(#2934),#2945,.T.);
#2934 = FACE_BOUND('',#2935,.T.);
#2935 = EDGE_LOOP('',(#2936,#2937,#2938,#2944));
#2936 = ORIENTED_EDGE('',*,*,#2922,.T.);
#2937 = ORIENTED_EDGE('',*,*,#2812,.T.);
#2938 = ORIENTED_EDGE('',*,*,#2939,.F.);
#2939 = EDGE_CURVE('',#2626,#2805,#2940,.T.);
#2940 = LINE('',#2941,#2942);
#2941 = CARTESIAN_POINT('',(17.5,-39.99999999997,0.));
#2942 = VECTOR('',#2943,1.);
#2943 = DIRECTION('',(0.,0.,1.));
#2944 = ORIENTED_EDGE('',*,*,#2633,.F.);
#2945 = PLANE('',#2946);
#2946 = AXIS2_PLACEMENT_3D('',#2947,#2948,#2949);
#2947 = CARTESIAN_POINT('',(17.5,-36.,0.));
#2948 = DIRECTION('',(1.,0.,0.));
#2949 = DIRECTION('',(0.,-1.,0.));
#2950 = ADVANCED_FACE('',(#2951),#2957,.T.);
#2951 = FACE_BOUND('',#2952,.T.);
#2952 = EDGE_LOOP('',(#2953,#2954,#2955,#2956));
#2953 = ORIENTED_EDGE('',*,*,#2939,.T.);
#2954 = ORIENTED_EDGE('',*,*,#2804,.T.);
#2955 = ORIENTED_EDGE('',*,*,#2703,.F.);
#2956 = ORIENTED_EDGE('',*,*,#2625,.F.);
#2957 = PLANE('',#2958);
#2958 = AXIS2_PLACEMENT_3D('',#2959,#2960,#2961);
#2959 = CARTESIAN_POINT('',(17.5,-39.99999999997,0.));
#2960 = DIRECTION('',(0.926466577123,-0.376377046955,0.));
#2961 = DIRECTION('',(-0.376377046955,-0.926466577123,0.));
#2962 = ADVANCED_FACE('',(#2963),#2974,.F.);
#2963 = FACE_BOUND('',#2964,.F.);
#2964 = EDGE_LOOP('',(#2965,#2966,#2972,#2973));
#2965 = ORIENTED_EDGE('',*,*,#2649,.F.);
#2966 = ORIENTED_EDGE('',*,*,#2967,.T.);
#2967 = EDGE_CURVE('',#2650,#2837,#2968,.T.);
#2968 = LINE('',#2969,#2970);
#2969 = CARTESIAN_POINT('',(-8.362541391184,-54.,0.));
#2970 = VECTOR('',#2971,1.);
#2971 = DIRECTION('',(0.,0.,1.));
#2972 = ORIENTED_EDGE('',*,*,#2836,.T.);
#2973 = ORIENTED_EDGE('',*,*,#2967,.F.);
#2974 = CYLINDRICAL_SURFACE('',#2975,0.75);
#2975 = AXIS2_PLACEMENT_3D('',#2976,#2977,#2978);
#2976 = CARTESIAN_POINT('',(-9.112541391184,-54.,0.));
#2977 = DIRECTION('',(0.,0.,-1.));
#2978 = DIRECTION('',(1.,0.,0.));
#2979 = ADVANCED_FACE('',(#2980),#2991,.F.);
#2980 = FACE_BOUND('',#2981,.F.);
#2981 = EDGE_LOOP('',(#2982,#2983,#2989,#2990));
#2982 = ORIENTED_EDGE('',*,*,#2660,.F.);
#2983 = ORIENTED_EDGE('',*,*,#2984,.T.);
#2984 = EDGE_CURVE('',#2661,#2848,#2985,.T.);
#2985 = LINE('',#2986,#2987);
#2986 = CARTESIAN_POINT('',(9.862541391184,-54.,0.));
#2987 = VECTOR('',#2988,1.);
#2988 = DIRECTION('',(0.,0.,1.));
#2989 = ORIENTED_EDGE('',*,*,#2847,.T.);
#2990 = ORIENTED_EDGE('',*,*,#2984,.F.);
#2991 = CYLINDRICAL_SURFACE('',#2992,0.75);
#2992 = AXIS2_PLACEMENT_3D('',#2993,#2994,#2995);
#2993 = CARTESIAN_POINT('',(9.112541391184,-54.,0.));
#2994 = DIRECTION('',(0.,0.,-1.));
#2995 = DIRECTION('',(1.,0.,0.));
#2996 = ADVANCED_FACE('',(#2997),#3008,.F.);
#2997 = FACE_BOUND('',#2998,.F.);
#2998 = EDGE_LOOP('',(#2999,#3000,#3006,#3007));
#2999 = ORIENTED_EDGE('',*,*,#2671,.F.);
#3000 = ORIENTED_EDGE('',*,*,#3001,.T.);
#3001 = EDGE_CURVE('',#2672,#2859,#3002,.T.);
#3002 = LINE('',#3003,#3004);
#3003 = CARTESIAN_POINT('',(-5.977693387641,-53.25,0.));
#3004 = VECTOR('',#3005,1.);
#3005 = DIRECTION('',(0.,0.,1.));
#3006 = ORIENTED_EDGE('',*,*,#2858,.T.);
#3007 = ORIENTED_EDGE('',*,*,#3001,.F.);
#3008 = CYLINDRICAL_SURFACE('',#3009,0.75);
#3009 = AXIS2_PLACEMENT_3D('',#3010,#3011,#3012);
#3010 = CARTESIAN_POINT('',(-6.727693387641,-53.25,0.));
#3011 = DIRECTION('',(0.,0.,-1.));
#3012 = DIRECTION('',(1.,0.,0.));
#3013 = ADVANCED_FACE('',(#3014),#3025,.F.);
#3014 = FACE_BOUND('',#3015,.F.);
#3015 = EDGE_LOOP('',(#3016,#3017,#3023,#3024));
#3016 = ORIENTED_EDGE('',*,*,#2682,.F.);
#3017 = ORIENTED_EDGE('',*,*,#3018,.T.);
#3018 = EDGE_CURVE('',#2683,#2870,#3019,.T.);
#3019 = LINE('',#3020,#3021);
#3020 = CARTESIAN_POINT('',(6.957803881528,-53.25,0.));
#3021 = VECTOR('',#3022,1.);
#3022 = DIRECTION('',(0.,0.,1.));
#3023 = ORIENTED_EDGE('',*,*,#2869,.T.);
#3024 = ORIENTED_EDGE('',*,*,#3018,.F.);
#3025 = CYLINDRICAL_SURFACE('',#3026,0.75);
#3026 = AXIS2_PLACEMENT_3D('',#3027,#3028,#3029);
#3027 = CARTESIAN_POINT('',(6.207803881528,-53.25,0.));
#3028 = DIRECTION('',(0.,0.,-1.));
#3029 = DIRECTION('',(1.,0.,0.));
#3030 = ( GEOMETRIC_REPRESENTATION_CONTEXT(3) 
GLOBAL_UNCERTAINTY_ASSIGNED_CONTEXT((#3034)) 
GLOBAL_UNIT_ASSIGNED_CONTEXT((#3031,#3032,#3033)) REPRESENTATION_CONTEXT
('Context #1','3D Context with UNIT and UNCERTAINTY') );
#3031 = ( LENGTH_UNIT() NAMED_UNIT(*) SI_UNIT(.MILLI.,.METRE.) );
#3032 = ( NAMED_UNIT(*) PLANE_ANGLE_UNIT() SI_UNIT($,.RADIAN.) );
#3033 = ( NAMED_UNIT(*) SI_UNIT($,.STERADIAN.) SOLID_ANGLE_UNIT() );
#3034 = UNCERTAINTY_MEASURE_WITH_UNIT(LENGTH_MEASURE(1.E-06),#3031,
  'distance_accuracy_value','confusion accuracy');
#3035 = CONTEXT_DEPENDENT_SHAPE_REPRESENTATION(#3036,#3038);
#3036 = ( REPRESENTATION_RELATIONSHIP('','',#1795,#10) 
REPRESENTATION_RELATIONSHIP_WITH_TRANSFORMATION(#3037) 
SHAPE_REPRESENTATION_RELATIONSHIP() );
#3037 = ITEM_DEFINED_TRANSFORMATION('','',#11,#23);
#3038 = PRODUCT_DEFINITION_SHAPE('Placement','Placement of an item',
  #3039);
#3039 = NEXT_ASSEMBLY_USAGE_OCCURRENCE('3','PenHolder002','',#5,#1790,$
  );
#3040 = PRODUCT_RELATED_PRODUCT_CATEGORY('part',$,(#1792));
#3041 = MECHANICAL_DESIGN_GEOMETRIC_PRESENTATION_REPRESENTATION('',(
    #3042),#3030);
#3042 = STYLED_ITEM('color',(#3043),#1796);
#3043 = PRESENTATION_STYLE_ASSIGNMENT((#3044,#3050));
#3044 = SURFACE_STYLE_USAGE(.BOTH.,#3045);
#3045 = SURFACE_SIDE_STYLE('',(#3046));
#3046 = SURFACE_STYLE_FILL_AREA(#3047);
#3047 = FILL_AREA_STYLE('',(#3048));
#3048 = FILL_AREA_STYLE_COLOUR('',#3049);
#3049 = COLOUR_RGB('',0.447058818107,0.474509808674,0.501960817233);
#3050 = CURVE_STYLE('',#3051,POSITIVE_LENGTH_MEASURE(0.1),#3052);
#3051 = DRAUGHTING_PRE_DEFINED_CURVE_FONT('continuous');
#3052 = COLOUR_RGB('',9.803921802644E-02,9.803921802644E-02,
  9.803921802644E-02);
#3053 = MECHANICAL_DESIGN_GEOMETRIC_PRESENTATION_REPRESENTATION('',(
    #3054),#561);
#3054 = STYLED_ITEM('color',(#3055),#41);
#3055 = PRESENTATION_STYLE_ASSIGNMENT((#3056,#3062));
#3056 = SURFACE_STYLE_USAGE(.BOTH.,#3057);
#3057 = SURFACE_SIDE_STYLE('',(#3058));
#3058 = SURFACE_STYLE_FILL_AREA(#3059);
#3059 = FILL_AREA_STYLE('',(#3060));
#3060 = FILL_AREA_STYLE_COLOUR('',#3061);
#3061 = COLOUR_RGB('',0.678431390124,0.709803936702,0.741176476869);
#3062 = CURVE_STYLE('',#3063,POSITIVE_LENGTH_MEASURE(0.1),#3052);
#3063 = DRAUGHTING_PRE_DEFINED_CURVE_FONT('continuous');
#3064 = MECHANICAL_DESIGN_GEOMETRIC_PRESENTATION_REPRESENTATION('',(
    #3065),#1777);
#3065 = STYLED_ITEM('color',(#3066),#580);
#3066 = PRESENTATION_STYLE_ASSIGNMENT((#3067,#3072));
#3067 = SURFACE_STYLE_USAGE(.BOTH.,#3068);
#3068 = SURFACE_SIDE_STYLE('',(#3069));
#3069 = SURFACE_STYLE_FILL_AREA(#3070);
#3070 = FILL_AREA_STYLE('',(#3071));
#3071 = FILL_AREA_STYLE_COLOUR('',#3049);
#3072 = CURVE_STYLE('',#3073,POSITIVE_LENGTH_MEASURE(0.1),#3052);
#3073 = DRAUGHTING_PRE_DEFINED_CURVE_FONT('continuous');
ENDSEC;
END-ISO-10303-21;
