ISO-10303-21;
HEADER;
FILE_DESCRIPTION(('FreeCAD Model'),'2;1');
FILE_NAME('Open CASCADE Shape Model','2025-11-03T02:58:18',(''),(''),
  'Open CASCADE STEP processor 7.9','FreeCAD','Unknown');
FILE_SCHEMA(('AUTOMOTIVE_DESIGN { 1 0 10303 214 1 1 1 1 }'));
ENDSEC;
DATA;
#1 = APPLICATION_PROTOCOL_DEFINITION('international standard',
  'automotive_design',2000,#2);
#2 = APPLICATION_CONTEXT(
  'core data for automotive mechanical design processes');
#3 = SHAPE_DEFINITION_REPRESENTATION(#4,#10);
#4 = PRODUCT_DEFINITION_SHAPE('','',#5);
#5 = PRODUCT_DEFINITION('design','',#6,#9);
#6 = PRODUCT_DEFINITION_FORMATION('','',#7);
#7 = PRODUCT('Assembly','Assembly','',(#8));
#8 = PRODUCT_CONTEXT('',#2,'mechanical');
#9 = PRODUCT_DEFINITION_CONTEXT('part definition',#2,'design');
#10 = SHAPE_REPRESENTATION('',(#11,#15,#19,#23,#27,#31,#35),#39);
#11 = AXIS2_PLACEMENT_3D('',#12,#13,#14);
#12 = CARTESIAN_POINT('',(0.,0.,0.));
#13 = DIRECTION('',(0.,0.,1.));
#14 = DIRECTION('',(1.,0.,-0.));
#15 = AXIS2_PLACEMENT_3D('',#16,#17,#18);
#16 = CARTESIAN_POINT('',(0.,0.,0.));
#17 = DIRECTION('',(0.,0.,1.));
#18 = DIRECTION('',(1.,0.,0.));
#19 = AXIS2_PLACEMENT_3D('',#20,#21,#22);
#20 = CARTESIAN_POINT('',(-2.699458835138E-15,0.,53.7));
#21 = DIRECTION('',(0.,0.,-1.));
#22 = DIRECTION('',(1.,0.,0.));
#23 = AXIS2_PLACEMENT_3D('',#24,#25,#26);
#24 = CARTESIAN_POINT('',(-109.,2.960594732334E-16,-11.));
#25 = DIRECTION('',(0.,0.,1.));
#26 = DIRECTION('',(1.,0.,0.));
#27 = AXIS2_PLACEMENT_3D('',#28,#29,#30);
#28 = CARTESIAN_POINT('',(113.,2.960594732334E-16,-8.099971466064));
#29 = DIRECTION('',(0.,0.,1.));
#30 = DIRECTION('',(1.,0.,0.));
#31 = AXIS2_PLACEMENT_3D('',#32,#33,#34);
#32 = CARTESIAN_POINT('',(-64.,-2.418908464117E-04,-21.));
#33 = DIRECTION('',(0.,0.,1.));
#34 = DIRECTION('',(-1.,0.,0.));
#35 = AXIS2_PLACEMENT_3D('',#36,#37,#38);
#36 = CARTESIAN_POINT('',(68.,2.418904749508E-04,-18.09997146606));
#37 = DIRECTION('',(0.,0.,1.));
#38 = DIRECTION('',(1.,0.,0.));
#39 = ( GEOMETRIC_REPRESENTATION_CONTEXT(3) 
GLOBAL_UNCERTAINTY_ASSIGNED_CONTEXT((#43)) GLOBAL_UNIT_ASSIGNED_CONTEXT(
(#40,#41,#42)) REPRESENTATION_CONTEXT('Context #1',
  '3D Context with UNIT and UNCERTAINTY') );
#40 = ( LENGTH_UNIT() NAMED_UNIT(*) SI_UNIT(.MILLI.,.METRE.) );
#41 = ( NAMED_UNIT(*) PLANE_ANGLE_UNIT() SI_UNIT($,.RADIAN.) );
#42 = ( NAMED_UNIT(*) SI_UNIT($,.STERADIAN.) SOLID_ANGLE_UNIT() );
#43 = UNCERTAINTY_MEASURE_WITH_UNIT(LENGTH_MEASURE(5.E-06),#40,
  'distance_accuracy_value','confusion accuracy');
#44 = PRODUCT_RELATED_PRODUCT_CATEGORY('part',$,(#7));
#45 = SHAPE_DEFINITION_REPRESENTATION(#46,#52);
#46 = PRODUCT_DEFINITION_SHAPE('','',#47);
#47 = PRODUCT_DEFINITION('design','',#48,#51);
#48 = PRODUCT_DEFINITION_FORMATION('','',#49);
#49 = PRODUCT('rail','rail','',(#50));
#50 = PRODUCT_CONTEXT('',#2,'mechanical');
#51 = PRODUCT_DEFINITION_CONTEXT('part definition',#2,'design');
#52 = SHAPE_REPRESENTATION('',(#11,#53),#57);
#53 = AXIS2_PLACEMENT_3D('',#54,#55,#56);
#54 = CARTESIAN_POINT('',(0.,0.,0.));
#55 = DIRECTION('',(0.,0.,1.));
#56 = DIRECTION('',(1.,0.,0.));
#57 = ( GEOMETRIC_REPRESENTATION_CONTEXT(3) 
GLOBAL_UNCERTAINTY_ASSIGNED_CONTEXT((#61)) GLOBAL_UNIT_ASSIGNED_CONTEXT(
(#58,#59,#60)) REPRESENTATION_CONTEXT('Context #1',
  '3D Context with UNIT and UNCERTAINTY') );
#58 = ( LENGTH_UNIT() NAMED_UNIT(*) SI_UNIT(.MILLI.,.METRE.) );
#59 = ( NAMED_UNIT(*) PLANE_ANGLE_UNIT() SI_UNIT($,.RADIAN.) );
#60 = ( NAMED_UNIT(*) SI_UNIT($,.STERADIAN.) SOLID_ANGLE_UNIT() );
#61 = UNCERTAINTY_MEASURE_WITH_UNIT(LENGTH_MEASURE(1.E-07),#58,
  'distance_accuracy_value','confusion accuracy');
#62 = CONTEXT_DEPENDENT_SHAPE_REPRESENTATION(#63,#65);
#63 = ( REPRESENTATION_RELATIONSHIP('','',#52,#10) 
REPRESENTATION_RELATIONSHIP_WITH_TRANSFORMATION(#64) 
SHAPE_REPRESENTATION_RELATIONSHIP() );
#64 = ITEM_DEFINED_TRANSFORMATION('','',#11,#15);
#65 = PRODUCT_DEFINITION_SHAPE('Placement','Placement of an item',#66);
#66 = NEXT_ASSEMBLY_USAGE_OCCURRENCE('2','rail','',#5,#47,$);
#67 = PRODUCT_RELATED_PRODUCT_CATEGORY('part',$,(#49));
#68 = SHAPE_DEFINITION_REPRESENTATION(#69,#75);
#69 = PRODUCT_DEFINITION_SHAPE('','',#70);
#70 = PRODUCT_DEFINITION('design','',#71,#74);
#71 = PRODUCT_DEFINITION_FORMATION('','',#72);
#72 = PRODUCT('Body','Body','',(#73));
#73 = PRODUCT_CONTEXT('',#2,'mechanical');
#74 = PRODUCT_DEFINITION_CONTEXT('part definition',#2,'design');
#75 = ADVANCED_BREP_SHAPE_REPRESENTATION('',(#11,#76),#382);
#76 = MANIFOLD_SOLID_BREP('',#77);
#77 = CLOSED_SHELL('',(#78,#118,#149,#180,#202,#235,#268,#301,#334,#358)
  );
#78 = ADVANCED_FACE('',(#79),#113,.F.);
#79 = FACE_BOUND('',#80,.F.);
#80 = EDGE_LOOP('',(#81,#91,#99,#107));
#81 = ORIENTED_EDGE('',*,*,#82,.T.);
#82 = EDGE_CURVE('',#83,#85,#87,.T.);
#83 = VERTEX_POINT('',#84);
#84 = CARTESIAN_POINT('',(125.,-15.,0.));
#85 = VERTEX_POINT('',#86);
#86 = CARTESIAN_POINT('',(125.,-15.,4.));
#87 = LINE('',#88,#89);
#88 = CARTESIAN_POINT('',(125.,-15.,0.));
#89 = VECTOR('',#90,1.);
#90 = DIRECTION('',(0.,0.,1.));
#91 = ORIENTED_EDGE('',*,*,#92,.T.);
#92 = EDGE_CURVE('',#85,#93,#95,.T.);
#93 = VERTEX_POINT('',#94);
#94 = CARTESIAN_POINT('',(125.,15.,4.));
#95 = LINE('',#96,#97);
#96 = CARTESIAN_POINT('',(125.,-15.,4.));
#97 = VECTOR('',#98,1.);
#98 = DIRECTION('',(0.,1.,0.));
#99 = ORIENTED_EDGE('',*,*,#100,.F.);
#100 = EDGE_CURVE('',#101,#93,#103,.T.);
#101 = VERTEX_POINT('',#102);
#102 = CARTESIAN_POINT('',(125.,15.,0.));
#103 = LINE('',#104,#105);
#104 = CARTESIAN_POINT('',(125.,15.,0.));
#105 = VECTOR('',#106,1.);
#106 = DIRECTION('',(0.,0.,1.));
#107 = ORIENTED_EDGE('',*,*,#108,.F.);
#108 = EDGE_CURVE('',#83,#101,#109,.T.);
#109 = LINE('',#110,#111);
#110 = CARTESIAN_POINT('',(125.,-15.,0.));
#111 = VECTOR('',#112,1.);
#112 = DIRECTION('',(0.,1.,0.));
#113 = PLANE('',#114);
#114 = AXIS2_PLACEMENT_3D('',#115,#116,#117);
#115 = CARTESIAN_POINT('',(125.,-15.,0.));
#116 = DIRECTION('',(-1.,0.,0.));
#117 = DIRECTION('',(0.,1.,0.));
#118 = ADVANCED_FACE('',(#119),#144,.F.);
#119 = FACE_BOUND('',#120,.F.);
#120 = EDGE_LOOP('',(#121,#122,#130,#138));
#121 = ORIENTED_EDGE('',*,*,#100,.T.);
#122 = ORIENTED_EDGE('',*,*,#123,.T.);
#123 = EDGE_CURVE('',#93,#124,#126,.T.);
#124 = VERTEX_POINT('',#125);
#125 = CARTESIAN_POINT('',(-125.,15.,4.));
#126 = LINE('',#127,#128);
#127 = CARTESIAN_POINT('',(125.,15.,4.));
#128 = VECTOR('',#129,1.);
#129 = DIRECTION('',(-1.,0.,0.));
#130 = ORIENTED_EDGE('',*,*,#131,.F.);
#131 = EDGE_CURVE('',#132,#124,#134,.T.);
#132 = VERTEX_POINT('',#133);
#133 = CARTESIAN_POINT('',(-125.,15.,0.));
#134 = LINE('',#135,#136);
#135 = CARTESIAN_POINT('',(-125.,15.,0.));
#136 = VECTOR('',#137,1.);
#137 = DIRECTION('',(0.,0.,1.));
#138 = ORIENTED_EDGE('',*,*,#139,.F.);
#139 = EDGE_CURVE('',#101,#132,#140,.T.);
#140 = LINE('',#141,#142);
#141 = CARTESIAN_POINT('',(125.,15.,0.));
#142 = VECTOR('',#143,1.);
#143 = DIRECTION('',(-1.,0.,0.));
#144 = PLANE('',#145);
#145 = AXIS2_PLACEMENT_3D('',#146,#147,#148);
#146 = CARTESIAN_POINT('',(125.,15.,0.));
#147 = DIRECTION('',(0.,-1.,0.));
#148 = DIRECTION('',(-1.,0.,0.));
#149 = ADVANCED_FACE('',(#150),#175,.F.);
#150 = FACE_BOUND('',#151,.F.);
#151 = EDGE_LOOP('',(#152,#153,#161,#169));
#152 = ORIENTED_EDGE('',*,*,#131,.T.);
#153 = ORIENTED_EDGE('',*,*,#154,.T.);
#154 = EDGE_CURVE('',#124,#155,#157,.T.);
#155 = VERTEX_POINT('',#156);
#156 = CARTESIAN_POINT('',(-125.,-15.,4.));
#157 = LINE('',#158,#159);
#158 = CARTESIAN_POINT('',(-125.,15.,4.));
#159 = VECTOR('',#160,1.);
#160 = DIRECTION('',(0.,-1.,0.));
#161 = ORIENTED_EDGE('',*,*,#162,.F.);
#162 = EDGE_CURVE('',#163,#155,#165,.T.);
#163 = VERTEX_POINT('',#164);
#164 = CARTESIAN_POINT('',(-125.,-15.,0.));
#165 = LINE('',#166,#167);
#166 = CARTESIAN_POINT('',(-125.,-15.,0.));
#167 = VECTOR('',#168,1.);
#168 = DIRECTION('',(0.,0.,1.));
#169 = ORIENTED_EDGE('',*,*,#170,.F.);
#170 = EDGE_CURVE('',#132,#163,#171,.T.);
#171 = LINE('',#172,#173);
#172 = CARTESIAN_POINT('',(-125.,15.,0.));
#173 = VECTOR('',#174,1.);
#174 = DIRECTION('',(0.,-1.,0.));
#175 = PLANE('',#176);
#176 = AXIS2_PLACEMENT_3D('',#177,#178,#179);
#177 = CARTESIAN_POINT('',(-125.,15.,0.));
#178 = DIRECTION('',(1.,0.,0.));
#179 = DIRECTION('',(0.,-1.,0.));
#180 = ADVANCED_FACE('',(#181),#197,.F.);
#181 = FACE_BOUND('',#182,.F.);
#182 = EDGE_LOOP('',(#183,#184,#190,#191));
#183 = ORIENTED_EDGE('',*,*,#162,.T.);
#184 = ORIENTED_EDGE('',*,*,#185,.T.);
#185 = EDGE_CURVE('',#155,#85,#186,.T.);
#186 = LINE('',#187,#188);
#187 = CARTESIAN_POINT('',(-125.,-15.,4.));
#188 = VECTOR('',#189,1.);
#189 = DIRECTION('',(1.,0.,0.));
#190 = ORIENTED_EDGE('',*,*,#82,.F.);
#191 = ORIENTED_EDGE('',*,*,#192,.F.);
#192 = EDGE_CURVE('',#163,#83,#193,.T.);
#193 = LINE('',#194,#195);
#194 = CARTESIAN_POINT('',(-125.,-15.,0.));
#195 = VECTOR('',#196,1.);
#196 = DIRECTION('',(1.,0.,0.));
#197 = PLANE('',#198);
#198 = AXIS2_PLACEMENT_3D('',#199,#200,#201);
#199 = CARTESIAN_POINT('',(-125.,-15.,0.));
#200 = DIRECTION('',(0.,1.,0.));
#201 = DIRECTION('',(1.,0.,0.));
#202 = ADVANCED_FACE('',(#203),#230,.F.);
#203 = FACE_BOUND('',#204,.T.);
#204 = EDGE_LOOP('',(#205,#215,#222,#223));
#205 = ORIENTED_EDGE('',*,*,#206,.T.);
#206 = EDGE_CURVE('',#207,#209,#211,.T.);
#207 = VERTEX_POINT('',#208);
#208 = CARTESIAN_POINT('',(113.,0.,0.));
#209 = VERTEX_POINT('',#210);
#210 = CARTESIAN_POINT('',(113.,0.,4.));
#211 = LINE('',#212,#213);
#212 = CARTESIAN_POINT('',(113.,0.,0.));
#213 = VECTOR('',#214,1.);
#214 = DIRECTION('',(0.,0.,1.));
#215 = ORIENTED_EDGE('',*,*,#216,.T.);
#216 = EDGE_CURVE('',#209,#209,#217,.T.);
#217 = CIRCLE('',#218,2.);
#218 = AXIS2_PLACEMENT_3D('',#219,#220,#221);
#219 = CARTESIAN_POINT('',(111.,0.,4.));
#220 = DIRECTION('',(0.,0.,1.));
#221 = DIRECTION('',(1.,0.,0.));
#222 = ORIENTED_EDGE('',*,*,#206,.F.);
#223 = ORIENTED_EDGE('',*,*,#224,.F.);
#224 = EDGE_CURVE('',#207,#207,#225,.T.);
#225 = CIRCLE('',#226,2.);
#226 = AXIS2_PLACEMENT_3D('',#227,#228,#229);
#227 = CARTESIAN_POINT('',(111.,0.,0.));
#228 = DIRECTION('',(0.,0.,1.));
#229 = DIRECTION('',(1.,0.,0.));
#230 = CYLINDRICAL_SURFACE('',#231,2.);
#231 = AXIS2_PLACEMENT_3D('',#232,#233,#234);
#232 = CARTESIAN_POINT('',(111.,0.,0.));
#233 = DIRECTION('',(-0.,-0.,-1.));
#234 = DIRECTION('',(1.,0.,0.));
#235 = ADVANCED_FACE('',(#236),#263,.F.);
#236 = FACE_BOUND('',#237,.T.);
#237 = EDGE_LOOP('',(#238,#248,#255,#256));
#238 = ORIENTED_EDGE('',*,*,#239,.T.);
#239 = EDGE_CURVE('',#240,#242,#244,.T.);
#240 = VERTEX_POINT('',#241);
#241 = CARTESIAN_POINT('',(89.,0.,0.));
#242 = VERTEX_POINT('',#243);
#243 = CARTESIAN_POINT('',(89.,0.,4.));
#244 = LINE('',#245,#246);
#245 = CARTESIAN_POINT('',(89.,0.,0.));
#246 = VECTOR('',#247,1.);
#247 = DIRECTION('',(0.,0.,1.));
#248 = ORIENTED_EDGE('',*,*,#249,.T.);
#249 = EDGE_CURVE('',#242,#242,#250,.T.);
#250 = CIRCLE('',#251,2.);
#251 = AXIS2_PLACEMENT_3D('',#252,#253,#254);
#252 = CARTESIAN_POINT('',(87.,0.,4.));
#253 = DIRECTION('',(0.,0.,1.));
#254 = DIRECTION('',(1.,0.,0.));
#255 = ORIENTED_EDGE('',*,*,#239,.F.);
#256 = ORIENTED_EDGE('',*,*,#257,.F.);
#257 = EDGE_CURVE('',#240,#240,#258,.T.);
#258 = CIRCLE('',#259,2.);
#259 = AXIS2_PLACEMENT_3D('',#260,#261,#262);
#260 = CARTESIAN_POINT('',(87.,0.,0.));
#261 = DIRECTION('',(0.,0.,1.));
#262 = DIRECTION('',(1.,0.,0.));
#263 = CYLINDRICAL_SURFACE('',#264,2.);
#264 = AXIS2_PLACEMENT_3D('',#265,#266,#267);
#265 = CARTESIAN_POINT('',(87.,0.,0.));
#266 = DIRECTION('',(-0.,-0.,-1.));
#267 = DIRECTION('',(1.,0.,0.));
#268 = ADVANCED_FACE('',(#269),#296,.F.);
#269 = FACE_BOUND('',#270,.T.);
#270 = EDGE_LOOP('',(#271,#281,#288,#289));
#271 = ORIENTED_EDGE('',*,*,#272,.T.);
#272 = EDGE_CURVE('',#273,#275,#277,.T.);
#273 = VERTEX_POINT('',#274);
#274 = CARTESIAN_POINT('',(-85.,0.,0.));
#275 = VERTEX_POINT('',#276);
#276 = CARTESIAN_POINT('',(-85.,0.,4.));
#277 = LINE('',#278,#279);
#278 = CARTESIAN_POINT('',(-85.,0.,0.));
#279 = VECTOR('',#280,1.);
#280 = DIRECTION('',(0.,0.,1.));
#281 = ORIENTED_EDGE('',*,*,#282,.T.);
#282 = EDGE_CURVE('',#275,#275,#283,.T.);
#283 = CIRCLE('',#284,2.);
#284 = AXIS2_PLACEMENT_3D('',#285,#286,#287);
#285 = CARTESIAN_POINT('',(-87.,0.,4.));
#286 = DIRECTION('',(0.,0.,1.));
#287 = DIRECTION('',(1.,0.,0.));
#288 = ORIENTED_EDGE('',*,*,#272,.F.);
#289 = ORIENTED_EDGE('',*,*,#290,.F.);
#290 = EDGE_CURVE('',#273,#273,#291,.T.);
#291 = CIRCLE('',#292,2.);
#292 = AXIS2_PLACEMENT_3D('',#293,#294,#295);
#293 = CARTESIAN_POINT('',(-87.,0.,0.));
#294 = DIRECTION('',(0.,0.,1.));
#295 = DIRECTION('',(1.,0.,0.));
#296 = CYLINDRICAL_SURFACE('',#297,2.);
#297 = AXIS2_PLACEMENT_3D('',#298,#299,#300);
#298 = CARTESIAN_POINT('',(-87.,0.,0.));
#299 = DIRECTION('',(-0.,-0.,-1.));
#300 = DIRECTION('',(1.,0.,0.));
#301 = ADVANCED_FACE('',(#302),#329,.F.);
#302 = FACE_BOUND('',#303,.T.);
#303 = EDGE_LOOP('',(#304,#314,#321,#322));
#304 = ORIENTED_EDGE('',*,*,#305,.T.);
#305 = EDGE_CURVE('',#306,#308,#310,.T.);
#306 = VERTEX_POINT('',#307);
#307 = CARTESIAN_POINT('',(-109.,0.,0.));
#308 = VERTEX_POINT('',#309);
#309 = CARTESIAN_POINT('',(-109.,0.,4.));
#310 = LINE('',#311,#312);
#311 = CARTESIAN_POINT('',(-109.,0.,0.));
#312 = VECTOR('',#313,1.);
#313 = DIRECTION('',(0.,0.,1.));
#314 = ORIENTED_EDGE('',*,*,#315,.T.);
#315 = EDGE_CURVE('',#308,#308,#316,.T.);
#316 = CIRCLE('',#317,2.);
#317 = AXIS2_PLACEMENT_3D('',#318,#319,#320);
#318 = CARTESIAN_POINT('',(-111.,0.,4.));
#319 = DIRECTION('',(0.,0.,1.));
#320 = DIRECTION('',(1.,0.,0.));
#321 = ORIENTED_EDGE('',*,*,#305,.F.);
#322 = ORIENTED_EDGE('',*,*,#323,.F.);
#323 = EDGE_CURVE('',#306,#306,#324,.T.);
#324 = CIRCLE('',#325,2.);
#325 = AXIS2_PLACEMENT_3D('',#326,#327,#328);
#326 = CARTESIAN_POINT('',(-111.,0.,0.));
#327 = DIRECTION('',(0.,0.,1.));
#328 = DIRECTION('',(1.,0.,0.));
#329 = CYLINDRICAL_SURFACE('',#330,2.);
#330 = AXIS2_PLACEMENT_3D('',#331,#332,#333);
#331 = CARTESIAN_POINT('',(-111.,0.,0.));
#332 = DIRECTION('',(-0.,-0.,-1.));
#333 = DIRECTION('',(1.,0.,0.));
#334 = ADVANCED_FACE('',(#335,#341,#344,#347,#350),#353,.F.);
#335 = FACE_BOUND('',#336,.F.);
#336 = EDGE_LOOP('',(#337,#338,#339,#340));
#337 = ORIENTED_EDGE('',*,*,#108,.T.);
#338 = ORIENTED_EDGE('',*,*,#139,.T.);
#339 = ORIENTED_EDGE('',*,*,#170,.T.);
#340 = ORIENTED_EDGE('',*,*,#192,.T.);
#341 = FACE_BOUND('',#342,.T.);
#342 = EDGE_LOOP('',(#343));
#343 = ORIENTED_EDGE('',*,*,#224,.T.);
#344 = FACE_BOUND('',#345,.T.);
#345 = EDGE_LOOP('',(#346));
#346 = ORIENTED_EDGE('',*,*,#257,.T.);
#347 = FACE_BOUND('',#348,.T.);
#348 = EDGE_LOOP('',(#349));
#349 = ORIENTED_EDGE('',*,*,#290,.T.);
#350 = FACE_BOUND('',#351,.T.);
#351 = EDGE_LOOP('',(#352));
#352 = ORIENTED_EDGE('',*,*,#323,.T.);
#353 = PLANE('',#354);
#354 = AXIS2_PLACEMENT_3D('',#355,#356,#357);
#355 = CARTESIAN_POINT('',(1.E-15,1.E-17,0.));
#356 = DIRECTION('',(0.,0.,1.));
#357 = DIRECTION('',(1.,0.,0.));
#358 = ADVANCED_FACE('',(#359,#365,#368,#371,#374),#377,.T.);
#359 = FACE_BOUND('',#360,.T.);
#360 = EDGE_LOOP('',(#361,#362,#363,#364));
#361 = ORIENTED_EDGE('',*,*,#92,.T.);
#362 = ORIENTED_EDGE('',*,*,#123,.T.);
#363 = ORIENTED_EDGE('',*,*,#154,.T.);
#364 = ORIENTED_EDGE('',*,*,#185,.T.);
#365 = FACE_BOUND('',#366,.F.);
#366 = EDGE_LOOP('',(#367));
#367 = ORIENTED_EDGE('',*,*,#216,.T.);
#368 = FACE_BOUND('',#369,.F.);
#369 = EDGE_LOOP('',(#370));
#370 = ORIENTED_EDGE('',*,*,#249,.T.);
#371 = FACE_BOUND('',#372,.F.);
#372 = EDGE_LOOP('',(#373));
#373 = ORIENTED_EDGE('',*,*,#282,.T.);
#374 = FACE_BOUND('',#375,.F.);
#375 = EDGE_LOOP('',(#376));
#376 = ORIENTED_EDGE('',*,*,#315,.T.);
#377 = PLANE('',#378);
#378 = AXIS2_PLACEMENT_3D('',#379,#380,#381);
#379 = CARTESIAN_POINT('',(1.E-15,1.E-17,4.));
#380 = DIRECTION('',(0.,0.,1.));
#381 = DIRECTION('',(1.,0.,0.));
#382 = ( GEOMETRIC_REPRESENTATION_CONTEXT(3) 
GLOBAL_UNCERTAINTY_ASSIGNED_CONTEXT((#386)) GLOBAL_UNIT_ASSIGNED_CONTEXT
((#383,#384,#385)) REPRESENTATION_CONTEXT('Context #1',
  '3D Context with UNIT and UNCERTAINTY') );
#383 = ( LENGTH_UNIT() NAMED_UNIT(*) SI_UNIT(.MILLI.,.METRE.) );
#384 = ( NAMED_UNIT(*) PLANE_ANGLE_UNIT() SI_UNIT($,.RADIAN.) );
#385 = ( NAMED_UNIT(*) SI_UNIT($,.STERADIAN.) SOLID_ANGLE_UNIT() );
#386 = UNCERTAINTY_MEASURE_WITH_UNIT(LENGTH_MEASURE(1.E-07),#383,
  'distance_accuracy_value','confusion accuracy');
#387 = CONTEXT_DEPENDENT_SHAPE_REPRESENTATION(#388,#390);
#388 = ( REPRESENTATION_RELATIONSHIP('','',#75,#52) 
REPRESENTATION_RELATIONSHIP_WITH_TRANSFORMATION(#389) 
SHAPE_REPRESENTATION_RELATIONSHIP() );
#389 = ITEM_DEFINED_TRANSFORMATION('','',#11,#53);
#390 = PRODUCT_DEFINITION_SHAPE('Placement','Placement of an item',#391
  );
#391 = NEXT_ASSEMBLY_USAGE_OCCURRENCE('1','Body','',#47,#70,$);
#392 = PRODUCT_RELATED_PRODUCT_CATEGORY('part',$,(#72));
#393 = SHAPE_DEFINITION_REPRESENTATION(#394,#400);
#394 = PRODUCT_DEFINITION_SHAPE('','',#395);
#395 = PRODUCT_DEFINITION('design','',#396,#399);
#396 = PRODUCT_DEFINITION_FORMATION('','',#397);
#397 = PRODUCT('servo-holder','servo-holder','',(#398));
#398 = PRODUCT_CONTEXT('',#2,'mechanical');
#399 = PRODUCT_DEFINITION_CONTEXT('part definition',#2,'design');
#400 = SHAPE_REPRESENTATION('',(#11,#401),#405);
#401 = AXIS2_PLACEMENT_3D('',#402,#403,#404);
#402 = CARTESIAN_POINT('',(0.,0.,0.));
#403 = DIRECTION('',(0.,0.,1.));
#404 = DIRECTION('',(1.,0.,0.));
#405 = ( GEOMETRIC_REPRESENTATION_CONTEXT(3) 
GLOBAL_UNCERTAINTY_ASSIGNED_CONTEXT((#409)) GLOBAL_UNIT_ASSIGNED_CONTEXT
((#406,#407,#408)) REPRESENTATION_CONTEXT('Context #1',
  '3D Context with UNIT and UNCERTAINTY') );
#406 = ( LENGTH_UNIT() NAMED_UNIT(*) SI_UNIT(.MILLI.,.METRE.) );
#407 = ( NAMED_UNIT(*) PLANE_ANGLE_UNIT() SI_UNIT($,.RADIAN.) );
#408 = ( NAMED_UNIT(*) SI_UNIT($,.STERADIAN.) SOLID_ANGLE_UNIT() );
#409 = UNCERTAINTY_MEASURE_WITH_UNIT(LENGTH_MEASURE(1.E-05),#406,
  'distance_accuracy_value','confusion accuracy');
#410 = CONTEXT_DEPENDENT_SHAPE_REPRESENTATION(#411,#413);
#411 = ( REPRESENTATION_RELATIONSHIP('','',#400,#10) 
REPRESENTATION_RELATIONSHIP_WITH_TRANSFORMATION(#412) 
SHAPE_REPRESENTATION_RELATIONSHIP() );
#412 = ITEM_DEFINED_TRANSFORMATION('','',#11,#19);
#413 = PRODUCT_DEFINITION_SHAPE('Placement','Placement of an item',#414
  );
#414 = NEXT_ASSEMBLY_USAGE_OCCURRENCE('4','servo-holder','',#5,#395,$);
#415 = PRODUCT_RELATED_PRODUCT_CATEGORY('part',$,(#397));
#416 = SHAPE_DEFINITION_REPRESENTATION(#417,#423);
#417 = PRODUCT_DEFINITION_SHAPE('','',#418);
#418 = PRODUCT_DEFINITION('design','',#419,#422);
#419 = PRODUCT_DEFINITION_FORMATION('','',#420);
#420 = PRODUCT('Body006','Body006','',(#421));
#421 = PRODUCT_CONTEXT('',#2,'mechanical');
#422 = PRODUCT_DEFINITION_CONTEXT('part definition',#2,'design');
#423 = ADVANCED_BREP_SHAPE_REPRESENTATION('',(#11,#424),#2024);
#424 = MANIFOLD_SOLID_BREP('',#425);
#425 = CLOSED_SHELL('',(#426,#466,#529,#575,#599,#648,#665,#704,#721,
    #738,#1017,#1034,#1051,#1084,#1108,#1132,#1156,#1187,#1250,#1274,
    #1330,#1354,#1378,#1395,#1420,#1445,#1470,#1495,#1520,#1545,#1570,
    #1595,#1620,#1651,#1675,#1699,#1716,#1741,#1766,#1791,#1849,#1866,
    #1910,#1927,#1966,#1978,#1990,#2007));
#426 = ADVANCED_FACE('',(#427),#461,.F.);
#427 = FACE_BOUND('',#428,.F.);
#428 = EDGE_LOOP('',(#429,#439,#447,#455));
#429 = ORIENTED_EDGE('',*,*,#430,.F.);
#430 = EDGE_CURVE('',#431,#433,#435,.T.);
#431 = VERTEX_POINT('',#432);
#432 = CARTESIAN_POINT('',(-79.9,-6.,49.7));
#433 = VERTEX_POINT('',#434);
#434 = CARTESIAN_POINT('',(-22.9,-6.,9.8));
#435 = LINE('',#436,#437);
#436 = CARTESIAN_POINT('',(-56.28758389261,-6.,33.171308724832));
#437 = VECTOR('',#438,1.);
#438 = DIRECTION('',(0.819231920519,0.,-0.573462344363));
#439 = ORIENTED_EDGE('',*,*,#440,.T.);
#440 = EDGE_CURVE('',#431,#441,#443,.T.);
#441 = VERTEX_POINT('',#442);
#442 = CARTESIAN_POINT('',(-79.9,6.,49.7));
#443 = LINE('',#444,#445);
#444 = CARTESIAN_POINT('',(-79.9,-6.,49.7));
#445 = VECTOR('',#446,1.);
#446 = DIRECTION('',(0.,1.,0.));
#447 = ORIENTED_EDGE('',*,*,#448,.T.);
#448 = EDGE_CURVE('',#441,#449,#451,.T.);
#449 = VERTEX_POINT('',#450);
#450 = CARTESIAN_POINT('',(-22.9,6.,9.8));
#451 = LINE('',#452,#453);
#452 = CARTESIAN_POINT('',(-37.12651006711,6.,19.75855704698));
#453 = VECTOR('',#454,1.);
#454 = DIRECTION('',(0.819231920519,0.,-0.573462344363));
#455 = ORIENTED_EDGE('',*,*,#456,.F.);
#456 = EDGE_CURVE('',#433,#449,#457,.T.);
#457 = LINE('',#458,#459);
#458 = CARTESIAN_POINT('',(-22.9,-6.,9.8));
#459 = VECTOR('',#460,1.);
#460 = DIRECTION('',(0.,1.,0.));
#461 = PLANE('',#462);
#462 = AXIS2_PLACEMENT_3D('',#463,#464,#465);
#463 = CARTESIAN_POINT('',(-51.4,-6.,29.75));
#464 = DIRECTION('',(-0.573462344363,-6.01708859876E-16,-0.819231920519)
  );
#465 = DIRECTION('',(-3.450573734087E-16,1.,-4.929391048695E-16));
#466 = ADVANCED_FACE('',(#467),#524,.T.);
#467 = FACE_BOUND('',#468,.T.);
#468 = EDGE_LOOP('',(#469,#477,#485,#493,#501,#509,#517,#523));
#469 = ORIENTED_EDGE('',*,*,#470,.F.);
#470 = EDGE_CURVE('',#471,#431,#473,.T.);
#471 = VERTEX_POINT('',#472);
#472 = CARTESIAN_POINT('',(-118.,-6.,49.7));
#473 = LINE('',#474,#475);
#474 = CARTESIAN_POINT('',(-80.,-6.,49.7));
#475 = VECTOR('',#476,1.);
#476 = DIRECTION('',(1.,0.,0.));
#477 = ORIENTED_EDGE('',*,*,#478,.F.);
#478 = EDGE_CURVE('',#479,#471,#481,.T.);
#479 = VERTEX_POINT('',#480);
#480 = CARTESIAN_POINT('',(-118.,-6.,39.7));
#481 = LINE('',#482,#483);
#482 = CARTESIAN_POINT('',(-118.,-6.,39.7));
#483 = VECTOR('',#484,1.);
#484 = DIRECTION('',(0.,0.,1.));
#485 = ORIENTED_EDGE('',*,*,#486,.F.);
#486 = EDGE_CURVE('',#487,#479,#489,.T.);
#487 = VERTEX_POINT('',#488);
#488 = CARTESIAN_POINT('',(-80.,-6.,39.7));
#489 = LINE('',#490,#491);
#490 = CARTESIAN_POINT('',(-80.,-6.,39.7));
#491 = VECTOR('',#492,1.);
#492 = DIRECTION('',(-1.,0.,0.));
#493 = ORIENTED_EDGE('',*,*,#494,.F.);
#494 = EDGE_CURVE('',#495,#487,#497,.T.);
#495 = VERTEX_POINT('',#496);
#496 = CARTESIAN_POINT('',(-35.,-6.,9.7));
#497 = LINE('',#498,#499);
#498 = CARTESIAN_POINT('',(-61.82692307692,-6.,27.584615384615));
#499 = VECTOR('',#500,1.);
#500 = DIRECTION('',(-0.832050294338,0.,0.554700196225));
#501 = ORIENTED_EDGE('',*,*,#502,.T.);
#502 = EDGE_CURVE('',#495,#503,#505,.T.);
#503 = VERTEX_POINT('',#504);
#504 = CARTESIAN_POINT('',(-34.9,-6.,9.7));
#505 = LINE('',#506,#507);
#506 = CARTESIAN_POINT('',(-80.,-6.,9.7));
#507 = VECTOR('',#508,1.);
#508 = DIRECTION('',(1.,0.,0.));
#509 = ORIENTED_EDGE('',*,*,#510,.T.);
#510 = EDGE_CURVE('',#503,#511,#513,.T.);
#511 = VERTEX_POINT('',#512);
#512 = CARTESIAN_POINT('',(-22.9,-6.,9.7));
#513 = LINE('',#514,#515);
#514 = CARTESIAN_POINT('',(-80.,-6.,9.7));
#515 = VECTOR('',#516,1.);
#516 = DIRECTION('',(1.,0.,0.));
#517 = ORIENTED_EDGE('',*,*,#518,.T.);
#518 = EDGE_CURVE('',#511,#433,#519,.T.);
#519 = LINE('',#520,#521);
#520 = CARTESIAN_POINT('',(-22.9,-6.,9.7));
#521 = VECTOR('',#522,1.);
#522 = DIRECTION('',(0.,0.,1.));
#523 = ORIENTED_EDGE('',*,*,#430,.F.);
#524 = PLANE('',#525);
#525 = AXIS2_PLACEMENT_3D('',#526,#527,#528);
#526 = CARTESIAN_POINT('',(-70.96143223041,-6.,33.218946135081));
#527 = DIRECTION('',(-0.,-1.,-0.));
#528 = DIRECTION('',(0.,0.,-1.));
#529 = ADVANCED_FACE('',(#530,#548,#559),#570,.T.);
#530 = FACE_BOUND('',#531,.T.);
#531 = EDGE_LOOP('',(#532,#540,#546,#547));
#532 = ORIENTED_EDGE('',*,*,#533,.T.);
#533 = EDGE_CURVE('',#441,#534,#536,.T.);
#534 = VERTEX_POINT('',#535);
#535 = CARTESIAN_POINT('',(-118.,6.,49.7));
#536 = LINE('',#537,#538);
#537 = CARTESIAN_POINT('',(-22.9,6.,49.7));
#538 = VECTOR('',#539,1.);
#539 = DIRECTION('',(-1.,0.,0.));
#540 = ORIENTED_EDGE('',*,*,#541,.F.);
#541 = EDGE_CURVE('',#471,#534,#542,.T.);
#542 = LINE('',#543,#544);
#543 = CARTESIAN_POINT('',(-118.,-6.,49.7));
#544 = VECTOR('',#545,1.);
#545 = DIRECTION('',(0.,1.,0.));
#546 = ORIENTED_EDGE('',*,*,#470,.T.);
#547 = ORIENTED_EDGE('',*,*,#440,.T.);
#548 = FACE_BOUND('',#549,.T.);
#549 = EDGE_LOOP('',(#550));
#550 = ORIENTED_EDGE('',*,*,#551,.T.);
#551 = EDGE_CURVE('',#552,#552,#554,.T.);
#552 = VERTEX_POINT('',#553);
#553 = CARTESIAN_POINT('',(-109.,0.,49.7));
#554 = CIRCLE('',#555,2.);
#555 = AXIS2_PLACEMENT_3D('',#556,#557,#558);
#556 = CARTESIAN_POINT('',(-111.,0.,49.7));
#557 = DIRECTION('',(0.,0.,-1.));
#558 = DIRECTION('',(1.,0.,0.));
#559 = FACE_BOUND('',#560,.T.);
#560 = EDGE_LOOP('',(#561));
#561 = ORIENTED_EDGE('',*,*,#562,.T.);
#562 = EDGE_CURVE('',#563,#563,#565,.T.);
#563 = VERTEX_POINT('',#564);
#564 = CARTESIAN_POINT('',(-85.,0.,49.7));
#565 = CIRCLE('',#566,2.);
#566 = AXIS2_PLACEMENT_3D('',#567,#568,#569);
#567 = CARTESIAN_POINT('',(-87.,0.,49.7));
#568 = DIRECTION('',(0.,0.,-1.));
#569 = DIRECTION('',(1.,0.,0.));
#570 = PLANE('',#571);
#571 = AXIS2_PLACEMENT_3D('',#572,#573,#574);
#572 = CARTESIAN_POINT('',(-98.95,1.240967851876E-16,49.7));
#573 = DIRECTION('',(0.,0.,1.));
#574 = DIRECTION('',(1.,0.,0.));
#575 = ADVANCED_FACE('',(#576),#594,.F.);
#576 = FACE_BOUND('',#577,.F.);
#577 = EDGE_LOOP('',(#578,#579,#580,#588));
#578 = ORIENTED_EDGE('',*,*,#518,.T.);
#579 = ORIENTED_EDGE('',*,*,#456,.T.);
#580 = ORIENTED_EDGE('',*,*,#581,.F.);
#581 = EDGE_CURVE('',#582,#449,#584,.T.);
#582 = VERTEX_POINT('',#583);
#583 = CARTESIAN_POINT('',(-22.9,6.,9.7));
#584 = LINE('',#585,#586);
#585 = CARTESIAN_POINT('',(-22.9,6.,9.7));
#586 = VECTOR('',#587,1.);
#587 = DIRECTION('',(0.,0.,1.));
#588 = ORIENTED_EDGE('',*,*,#589,.F.);
#589 = EDGE_CURVE('',#511,#582,#590,.T.);
#590 = LINE('',#591,#592);
#591 = CARTESIAN_POINT('',(-22.9,-6.,9.7));
#592 = VECTOR('',#593,1.);
#593 = DIRECTION('',(0.,1.,0.));
#594 = PLANE('',#595);
#595 = AXIS2_PLACEMENT_3D('',#596,#597,#598);
#596 = CARTESIAN_POINT('',(-22.9,-6.,9.7));
#597 = DIRECTION('',(-1.,0.,0.));
#598 = DIRECTION('',(0.,1.,0.));
#599 = ADVANCED_FACE('',(#600),#643,.T.);
#600 = FACE_BOUND('',#601,.T.);
#601 = EDGE_LOOP('',(#602,#603,#604,#605,#613,#621,#629,#637));
#602 = ORIENTED_EDGE('',*,*,#533,.F.);
#603 = ORIENTED_EDGE('',*,*,#448,.T.);
#604 = ORIENTED_EDGE('',*,*,#581,.F.);
#605 = ORIENTED_EDGE('',*,*,#606,.T.);
#606 = EDGE_CURVE('',#582,#607,#609,.T.);
#607 = VERTEX_POINT('',#608);
#608 = CARTESIAN_POINT('',(-34.9,6.,9.7));
#609 = LINE('',#610,#611);
#610 = CARTESIAN_POINT('',(-22.9,6.,9.7));
#611 = VECTOR('',#612,1.);
#612 = DIRECTION('',(-1.,0.,0.));
#613 = ORIENTED_EDGE('',*,*,#614,.T.);
#614 = EDGE_CURVE('',#607,#615,#617,.T.);
#615 = VERTEX_POINT('',#616);
#616 = CARTESIAN_POINT('',(-35.,6.,9.7));
#617 = LINE('',#618,#619);
#618 = CARTESIAN_POINT('',(-22.9,6.,9.7));
#619 = VECTOR('',#620,1.);
#620 = DIRECTION('',(-1.,0.,0.));
#621 = ORIENTED_EDGE('',*,*,#622,.T.);
#622 = EDGE_CURVE('',#615,#623,#625,.T.);
#623 = VERTEX_POINT('',#624);
#624 = CARTESIAN_POINT('',(-80.,6.,39.7));
#625 = LINE('',#626,#627);
#626 = CARTESIAN_POINT('',(-42.06153846153,6.,14.407692307692));
#627 = VECTOR('',#628,1.);
#628 = DIRECTION('',(-0.832050294338,0.,0.554700196225));
#629 = ORIENTED_EDGE('',*,*,#630,.T.);
#630 = EDGE_CURVE('',#623,#631,#633,.T.);
#631 = VERTEX_POINT('',#632);
#632 = CARTESIAN_POINT('',(-118.,6.,39.7));
#633 = LINE('',#634,#635);
#634 = CARTESIAN_POINT('',(-80.,6.,39.7));
#635 = VECTOR('',#636,1.);
#636 = DIRECTION('',(-1.,0.,0.));
#637 = ORIENTED_EDGE('',*,*,#638,.F.);
#638 = EDGE_CURVE('',#534,#631,#639,.T.);
#639 = LINE('',#640,#641);
#640 = CARTESIAN_POINT('',(-118.,6.,49.7));
#641 = VECTOR('',#642,1.);
#642 = DIRECTION('',(0.,0.,-1.));
#643 = PLANE('',#644);
#644 = AXIS2_PLACEMENT_3D('',#645,#646,#647);
#645 = CARTESIAN_POINT('',(-70.96143223041,6.,33.218946135081));
#646 = DIRECTION('',(0.,1.,0.));
#647 = DIRECTION('',(0.,0.,1.));
#648 = ADVANCED_FACE('',(#649),#660,.F.);
#649 = FACE_BOUND('',#650,.T.);
#650 = EDGE_LOOP('',(#651,#652,#658,#659));
#651 = ORIENTED_EDGE('',*,*,#638,.T.);
#652 = ORIENTED_EDGE('',*,*,#653,.T.);
#653 = EDGE_CURVE('',#631,#479,#654,.T.);
#654 = LINE('',#655,#656);
#655 = CARTESIAN_POINT('',(-118.,6.,39.7));
#656 = VECTOR('',#657,1.);
#657 = DIRECTION('',(0.,-1.,0.));
#658 = ORIENTED_EDGE('',*,*,#478,.T.);
#659 = ORIENTED_EDGE('',*,*,#541,.T.);
#660 = PLANE('',#661);
#661 = AXIS2_PLACEMENT_3D('',#662,#663,#664);
#662 = CARTESIAN_POINT('',(-118.,0.,44.7));
#663 = DIRECTION('',(1.,0.,0.));
#664 = DIRECTION('',(0.,0.,1.));
#665 = ADVANCED_FACE('',(#666,#677,#688),#699,.F.);
#666 = FACE_BOUND('',#667,.F.);
#667 = EDGE_LOOP('',(#668,#669,#670,#671));
#668 = ORIENTED_EDGE('',*,*,#630,.T.);
#669 = ORIENTED_EDGE('',*,*,#653,.T.);
#670 = ORIENTED_EDGE('',*,*,#486,.F.);
#671 = ORIENTED_EDGE('',*,*,#672,.F.);
#672 = EDGE_CURVE('',#623,#487,#673,.T.);
#673 = LINE('',#674,#675);
#674 = CARTESIAN_POINT('',(-80.,6.,39.7));
#675 = VECTOR('',#676,1.);
#676 = DIRECTION('',(0.,-1.,0.));
#677 = FACE_BOUND('',#678,.F.);
#678 = EDGE_LOOP('',(#679));
#679 = ORIENTED_EDGE('',*,*,#680,.T.);
#680 = EDGE_CURVE('',#681,#681,#683,.T.);
#681 = VERTEX_POINT('',#682);
#682 = CARTESIAN_POINT('',(-109.,0.,39.7));
#683 = CIRCLE('',#684,2.);
#684 = AXIS2_PLACEMENT_3D('',#685,#686,#687);
#685 = CARTESIAN_POINT('',(-111.,0.,39.7));
#686 = DIRECTION('',(0.,0.,-1.));
#687 = DIRECTION('',(1.,0.,0.));
#688 = FACE_BOUND('',#689,.F.);
#689 = EDGE_LOOP('',(#690));
#690 = ORIENTED_EDGE('',*,*,#691,.T.);
#691 = EDGE_CURVE('',#692,#692,#694,.T.);
#692 = VERTEX_POINT('',#693);
#693 = CARTESIAN_POINT('',(-85.,0.,39.7));
#694 = CIRCLE('',#695,2.);
#695 = AXIS2_PLACEMENT_3D('',#696,#697,#698);
#696 = CARTESIAN_POINT('',(-87.,0.,39.7));
#697 = DIRECTION('',(0.,0.,-1.));
#698 = DIRECTION('',(1.,0.,0.));
#699 = PLANE('',#700);
#700 = AXIS2_PLACEMENT_3D('',#701,#702,#703);
#701 = CARTESIAN_POINT('',(-80.,6.,39.7));
#702 = DIRECTION('',(0.,0.,1.));
#703 = DIRECTION('',(0.,-1.,0.));
#704 = ADVANCED_FACE('',(#705),#716,.T.);
#705 = FACE_BOUND('',#706,.T.);
#706 = EDGE_LOOP('',(#707,#708,#714,#715));
#707 = ORIENTED_EDGE('',*,*,#622,.F.);
#708 = ORIENTED_EDGE('',*,*,#709,.T.);
#709 = EDGE_CURVE('',#615,#495,#710,.T.);
#710 = LINE('',#711,#712);
#711 = CARTESIAN_POINT('',(-35.,6.,9.7));
#712 = VECTOR('',#713,1.);
#713 = DIRECTION('',(0.,-1.,0.));
#714 = ORIENTED_EDGE('',*,*,#494,.T.);
#715 = ORIENTED_EDGE('',*,*,#672,.F.);
#716 = PLANE('',#717);
#717 = AXIS2_PLACEMENT_3D('',#718,#719,#720);
#718 = CARTESIAN_POINT('',(-57.5,6.,24.7));
#719 = DIRECTION('',(-0.554700196225,-2.094713836346E-16,-0.832050294338
    ));
#720 = DIRECTION('',(1.161938176057E-16,-1.,1.742907264085E-16));
#721 = ADVANCED_FACE('',(#722),#733,.F.);
#722 = FACE_BOUND('',#723,.F.);
#723 = EDGE_LOOP('',(#724,#725,#731,#732));
#724 = ORIENTED_EDGE('',*,*,#502,.T.);
#725 = ORIENTED_EDGE('',*,*,#726,.F.);
#726 = EDGE_CURVE('',#607,#503,#727,.T.);
#727 = LINE('',#728,#729);
#728 = CARTESIAN_POINT('',(-34.9,19.9,9.7));
#729 = VECTOR('',#730,1.);
#730 = DIRECTION('',(0.,-1.,0.));
#731 = ORIENTED_EDGE('',*,*,#614,.T.);
#732 = ORIENTED_EDGE('',*,*,#709,.T.);
#733 = PLANE('',#734);
#734 = AXIS2_PLACEMENT_3D('',#735,#736,#737);
#735 = CARTESIAN_POINT('',(-51.45,9.126001128612E-16,9.7));
#736 = DIRECTION('',(0.,0.,1.));
#737 = DIRECTION('',(1.,0.,0.));
#738 = ADVANCED_FACE('',(#739,#846,#857,#868,#879,#890,#901,#912,#923,
    #934,#945,#979,#990,#1001),#1012,.T.);
#739 = FACE_BOUND('',#740,.T.);
#740 = EDGE_LOOP('',(#741,#749,#757,#765,#773,#781,#789,#797,#805,#813,
    #821,#829,#837,#843,#844,#845));
#741 = ORIENTED_EDGE('',*,*,#742,.T.);
#742 = EDGE_CURVE('',#503,#743,#745,.T.);
#743 = VERTEX_POINT('',#744);
#744 = CARTESIAN_POINT('',(-34.9,-19.9,9.7));
#745 = LINE('',#746,#747);
#746 = CARTESIAN_POINT('',(-34.9,19.9,9.7));
#747 = VECTOR('',#748,1.);
#748 = DIRECTION('',(0.,-1.,0.));
#749 = ORIENTED_EDGE('',*,*,#750,.T.);
#750 = EDGE_CURVE('',#743,#751,#753,.T.);
#751 = VERTEX_POINT('',#752);
#752 = CARTESIAN_POINT('',(-9.9,-32.9,9.7));
#753 = LINE('',#754,#755);
#754 = CARTESIAN_POINT('',(-34.9,-19.9,9.7));
#755 = VECTOR('',#756,1.);
#756 = DIRECTION('',(0.887216801235,-0.461352736642,0.));
#757 = ORIENTED_EDGE('',*,*,#758,.T.);
#758 = EDGE_CURVE('',#751,#759,#761,.T.);
#759 = VERTEX_POINT('',#760);
#760 = CARTESIAN_POINT('',(9.9,-32.9,9.7));
#761 = LINE('',#762,#763);
#762 = CARTESIAN_POINT('',(-9.9,-32.9,9.7));
#763 = VECTOR('',#764,1.);
#764 = DIRECTION('',(1.,0.,0.));
#765 = ORIENTED_EDGE('',*,*,#766,.T.);
#766 = EDGE_CURVE('',#759,#767,#769,.T.);
#767 = VERTEX_POINT('',#768);
#768 = CARTESIAN_POINT('',(34.9,-19.9,9.7));
#769 = LINE('',#770,#771);
#770 = CARTESIAN_POINT('',(9.9,-32.9,9.7));
#771 = VECTOR('',#772,1.);
#772 = DIRECTION('',(0.887216801235,0.461352736642,0.));
#773 = ORIENTED_EDGE('',*,*,#774,.T.);
#774 = EDGE_CURVE('',#767,#775,#777,.T.);
#775 = VERTEX_POINT('',#776);
#776 = CARTESIAN_POINT('',(34.9,-6.,9.7));
#777 = LINE('',#778,#779);
#778 = CARTESIAN_POINT('',(34.9,-19.9,9.7));
#779 = VECTOR('',#780,1.);
#780 = DIRECTION('',(0.,1.,0.));
#781 = ORIENTED_EDGE('',*,*,#782,.F.);
#782 = EDGE_CURVE('',#783,#775,#785,.T.);
#783 = VERTEX_POINT('',#784);
#784 = CARTESIAN_POINT('',(22.9,-6.,9.7));
#785 = LINE('',#786,#787);
#786 = CARTESIAN_POINT('',(22.9,-6.,9.7));
#787 = VECTOR('',#788,1.);
#788 = DIRECTION('',(1.,0.,0.));
#789 = ORIENTED_EDGE('',*,*,#790,.F.);
#790 = EDGE_CURVE('',#791,#783,#793,.T.);
#791 = VERTEX_POINT('',#792);
#792 = CARTESIAN_POINT('',(22.9,6.,9.7));
#793 = LINE('',#794,#795);
#794 = CARTESIAN_POINT('',(22.9,6.,9.7));
#795 = VECTOR('',#796,1.);
#796 = DIRECTION('',(0.,-1.,0.));
#797 = ORIENTED_EDGE('',*,*,#798,.F.);
#798 = EDGE_CURVE('',#799,#791,#801,.T.);
#799 = VERTEX_POINT('',#800);
#800 = CARTESIAN_POINT('',(34.9,6.,9.7));
#801 = LINE('',#802,#803);
#802 = CARTESIAN_POINT('',(80.,6.,9.7));
#803 = VECTOR('',#804,1.);
#804 = DIRECTION('',(-1.,0.,0.));
#805 = ORIENTED_EDGE('',*,*,#806,.T.);
#806 = EDGE_CURVE('',#799,#807,#809,.T.);
#807 = VERTEX_POINT('',#808);
#808 = CARTESIAN_POINT('',(34.9,19.9,9.7));
#809 = LINE('',#810,#811);
#810 = CARTESIAN_POINT('',(34.9,-19.9,9.7));
#811 = VECTOR('',#812,1.);
#812 = DIRECTION('',(0.,1.,0.));
#813 = ORIENTED_EDGE('',*,*,#814,.T.);
#814 = EDGE_CURVE('',#807,#815,#817,.T.);
#815 = VERTEX_POINT('',#816);
#816 = CARTESIAN_POINT('',(9.9,32.9,9.7));
#817 = LINE('',#818,#819);
#818 = CARTESIAN_POINT('',(34.9,19.9,9.7));
#819 = VECTOR('',#820,1.);
#820 = DIRECTION('',(-0.887216801235,0.461352736642,0.));
#821 = ORIENTED_EDGE('',*,*,#822,.T.);
#822 = EDGE_CURVE('',#815,#823,#825,.T.);
#823 = VERTEX_POINT('',#824);
#824 = CARTESIAN_POINT('',(-9.9,32.9,9.7));
#825 = LINE('',#826,#827);
#826 = CARTESIAN_POINT('',(9.9,32.9,9.7));
#827 = VECTOR('',#828,1.);
#828 = DIRECTION('',(-1.,0.,0.));
#829 = ORIENTED_EDGE('',*,*,#830,.T.);
#830 = EDGE_CURVE('',#823,#831,#833,.T.);
#831 = VERTEX_POINT('',#832);
#832 = CARTESIAN_POINT('',(-34.9,19.9,9.7));
#833 = LINE('',#834,#835);
#834 = CARTESIAN_POINT('',(-9.9,32.9,9.7));
#835 = VECTOR('',#836,1.);
#836 = DIRECTION('',(-0.887216801235,-0.461352736642,0.));
#837 = ORIENTED_EDGE('',*,*,#838,.T.);
#838 = EDGE_CURVE('',#831,#607,#839,.T.);
#839 = LINE('',#840,#841);
#840 = CARTESIAN_POINT('',(-34.9,19.9,9.7));
#841 = VECTOR('',#842,1.);
#842 = DIRECTION('',(0.,-1.,0.));
#843 = ORIENTED_EDGE('',*,*,#606,.F.);
#844 = ORIENTED_EDGE('',*,*,#589,.F.);
#845 = ORIENTED_EDGE('',*,*,#510,.F.);
#846 = FACE_BOUND('',#847,.T.);
#847 = EDGE_LOOP('',(#848));
#848 = ORIENTED_EDGE('',*,*,#849,.F.);
#849 = EDGE_CURVE('',#850,#850,#852,.T.);
#850 = VERTEX_POINT('',#851);
#851 = CARTESIAN_POINT('',(-27.9,-14.9,9.7));
#852 = CIRCLE('',#853,2.);
#853 = AXIS2_PLACEMENT_3D('',#854,#855,#856);
#854 = CARTESIAN_POINT('',(-29.9,-14.9,9.7));
#855 = DIRECTION('',(0.,0.,1.));
#856 = DIRECTION('',(1.,0.,0.));
#857 = FACE_BOUND('',#858,.T.);
#858 = EDGE_LOOP('',(#859));
#859 = ORIENTED_EDGE('',*,*,#860,.F.);
#860 = EDGE_CURVE('',#861,#861,#863,.T.);
#861 = VERTEX_POINT('',#862);
#862 = CARTESIAN_POINT('',(-14.9,-14.9,9.7));
#863 = CIRCLE('',#864,2.);
#864 = AXIS2_PLACEMENT_3D('',#865,#866,#867);
#865 = CARTESIAN_POINT('',(-16.9,-14.9,9.7));
#866 = DIRECTION('',(0.,0.,1.));
#867 = DIRECTION('',(1.,0.,0.));
#868 = FACE_BOUND('',#869,.T.);
#869 = EDGE_LOOP('',(#870));
#870 = ORIENTED_EDGE('',*,*,#871,.F.);
#871 = EDGE_CURVE('',#872,#872,#874,.T.);
#872 = VERTEX_POINT('',#873);
#873 = CARTESIAN_POINT('',(-2.85,-25.75,9.7));
#874 = CIRCLE('',#875,2.15);
#875 = AXIS2_PLACEMENT_3D('',#876,#877,#878);
#876 = CARTESIAN_POINT('',(-5.,-25.75,9.7));
#877 = DIRECTION('',(0.,0.,1.));
#878 = DIRECTION('',(1.,0.,0.));
#879 = FACE_BOUND('',#880,.T.);
#880 = EDGE_LOOP('',(#881));
#881 = ORIENTED_EDGE('',*,*,#882,.F.);
#882 = EDGE_CURVE('',#883,#883,#885,.T.);
#883 = VERTEX_POINT('',#884);
#884 = CARTESIAN_POINT('',(7.15,-25.75,9.7));
#885 = CIRCLE('',#886,2.15);
#886 = AXIS2_PLACEMENT_3D('',#887,#888,#889);
#887 = CARTESIAN_POINT('',(5.,-25.75,9.7));
#888 = DIRECTION('',(0.,0.,1.));
#889 = DIRECTION('',(1.,0.,0.));
#890 = FACE_BOUND('',#891,.T.);
#891 = EDGE_LOOP('',(#892));
#892 = ORIENTED_EDGE('',*,*,#893,.F.);
#893 = EDGE_CURVE('',#894,#894,#896,.T.);
#894 = VERTEX_POINT('',#895);
#895 = CARTESIAN_POINT('',(18.9,-14.9,9.7));
#896 = CIRCLE('',#897,2.);
#897 = AXIS2_PLACEMENT_3D('',#898,#899,#900);
#898 = CARTESIAN_POINT('',(16.9,-14.9,9.7));
#899 = DIRECTION('',(0.,0.,1.));
#900 = DIRECTION('',(1.,0.,0.));
#901 = FACE_BOUND('',#902,.T.);
#902 = EDGE_LOOP('',(#903));
#903 = ORIENTED_EDGE('',*,*,#904,.F.);
#904 = EDGE_CURVE('',#905,#905,#907,.T.);
#905 = VERTEX_POINT('',#906);
#906 = CARTESIAN_POINT('',(31.9,-14.9,9.7));
#907 = CIRCLE('',#908,2.);
#908 = AXIS2_PLACEMENT_3D('',#909,#910,#911);
#909 = CARTESIAN_POINT('',(29.9,-14.9,9.7));
#910 = DIRECTION('',(0.,0.,1.));
#911 = DIRECTION('',(1.,0.,0.));
#912 = FACE_BOUND('',#913,.T.);
#913 = EDGE_LOOP('',(#914));
#914 = ORIENTED_EDGE('',*,*,#915,.F.);
#915 = EDGE_CURVE('',#916,#916,#918,.T.);
#916 = VERTEX_POINT('',#917);
#917 = CARTESIAN_POINT('',(-27.9,14.9,9.7));
#918 = CIRCLE('',#919,2.);
#919 = AXIS2_PLACEMENT_3D('',#920,#921,#922);
#920 = CARTESIAN_POINT('',(-29.9,14.9,9.7));
#921 = DIRECTION('',(0.,0.,1.));
#922 = DIRECTION('',(1.,0.,0.));
#923 = FACE_BOUND('',#924,.T.);
#924 = EDGE_LOOP('',(#925));
#925 = ORIENTED_EDGE('',*,*,#926,.F.);
#926 = EDGE_CURVE('',#927,#927,#929,.T.);
#927 = VERTEX_POINT('',#928);
#928 = CARTESIAN_POINT('',(-14.9,14.9,9.7));
#929 = CIRCLE('',#930,2.);
#930 = AXIS2_PLACEMENT_3D('',#931,#932,#933);
#931 = CARTESIAN_POINT('',(-16.9,14.9,9.7));
#932 = DIRECTION('',(0.,0.,1.));
#933 = DIRECTION('',(1.,0.,0.));
#934 = FACE_BOUND('',#935,.T.);
#935 = EDGE_LOOP('',(#936));
#936 = ORIENTED_EDGE('',*,*,#937,.F.);
#937 = EDGE_CURVE('',#938,#938,#940,.T.);
#938 = VERTEX_POINT('',#939);
#939 = CARTESIAN_POINT('',(-2.85,25.75,9.7));
#940 = CIRCLE('',#941,2.15);
#941 = AXIS2_PLACEMENT_3D('',#942,#943,#944);
#942 = CARTESIAN_POINT('',(-5.,25.75,9.7));
#943 = DIRECTION('',(0.,0.,1.));
#944 = DIRECTION('',(1.,0.,0.));
#945 = FACE_BOUND('',#946,.T.);
#946 = EDGE_LOOP('',(#947,#957,#965,#973));
#947 = ORIENTED_EDGE('',*,*,#948,.F.);
#948 = EDGE_CURVE('',#949,#951,#953,.T.);
#949 = VERTEX_POINT('',#950);
#950 = CARTESIAN_POINT('',(9.9,-19.9,9.7));
#951 = VERTEX_POINT('',#952);
#952 = CARTESIAN_POINT('',(9.9,19.9,9.7));
#953 = LINE('',#954,#955);
#954 = CARTESIAN_POINT('',(9.9,-19.9,9.7));
#955 = VECTOR('',#956,1.);
#956 = DIRECTION('',(0.,1.,0.));
#957 = ORIENTED_EDGE('',*,*,#958,.F.);
#958 = EDGE_CURVE('',#959,#949,#961,.T.);
#959 = VERTEX_POINT('',#960);
#960 = CARTESIAN_POINT('',(-9.9,-19.9,9.7));
#961 = LINE('',#962,#963);
#962 = CARTESIAN_POINT('',(-9.9,-19.9,9.7));
#963 = VECTOR('',#964,1.);
#964 = DIRECTION('',(1.,0.,0.));
#965 = ORIENTED_EDGE('',*,*,#966,.F.);
#966 = EDGE_CURVE('',#967,#959,#969,.T.);
#967 = VERTEX_POINT('',#968);
#968 = CARTESIAN_POINT('',(-9.9,19.9,9.7));
#969 = LINE('',#970,#971);
#970 = CARTESIAN_POINT('',(-9.9,19.9,9.7));
#971 = VECTOR('',#972,1.);
#972 = DIRECTION('',(0.,-1.,0.));
#973 = ORIENTED_EDGE('',*,*,#974,.F.);
#974 = EDGE_CURVE('',#951,#967,#975,.T.);
#975 = LINE('',#976,#977);
#976 = CARTESIAN_POINT('',(9.9,19.9,9.7));
#977 = VECTOR('',#978,1.);
#978 = DIRECTION('',(-1.,0.,0.));
#979 = FACE_BOUND('',#980,.T.);
#980 = EDGE_LOOP('',(#981));
#981 = ORIENTED_EDGE('',*,*,#982,.F.);
#982 = EDGE_CURVE('',#983,#983,#985,.T.);
#983 = VERTEX_POINT('',#984);
#984 = CARTESIAN_POINT('',(7.15,25.75,9.7));
#985 = CIRCLE('',#986,2.15);
#986 = AXIS2_PLACEMENT_3D('',#987,#988,#989);
#987 = CARTESIAN_POINT('',(5.,25.75,9.7));
#988 = DIRECTION('',(0.,0.,1.));
#989 = DIRECTION('',(1.,0.,0.));
#990 = FACE_BOUND('',#991,.T.);
#991 = EDGE_LOOP('',(#992));
#992 = ORIENTED_EDGE('',*,*,#993,.F.);
#993 = EDGE_CURVE('',#994,#994,#996,.T.);
#994 = VERTEX_POINT('',#995);
#995 = CARTESIAN_POINT('',(18.9,14.9,9.7));
#996 = CIRCLE('',#997,2.);
#997 = AXIS2_PLACEMENT_3D('',#998,#999,#1000);
#998 = CARTESIAN_POINT('',(16.9,14.9,9.7));
#999 = DIRECTION('',(0.,0.,1.));
#1000 = DIRECTION('',(1.,0.,0.));
#1001 = FACE_BOUND('',#1002,.T.);
#1002 = EDGE_LOOP('',(#1003));
#1003 = ORIENTED_EDGE('',*,*,#1004,.F.);
#1004 = EDGE_CURVE('',#1005,#1005,#1007,.T.);
#1005 = VERTEX_POINT('',#1006);
#1006 = CARTESIAN_POINT('',(31.9,14.9,9.7));
#1007 = CIRCLE('',#1008,2.);
#1008 = AXIS2_PLACEMENT_3D('',#1009,#1010,#1011);
#1009 = CARTESIAN_POINT('',(29.9,14.9,9.7));
#1010 = DIRECTION('',(0.,0.,1.));
#1011 = DIRECTION('',(1.,0.,0.));
#1012 = PLANE('',#1013);
#1013 = AXIS2_PLACEMENT_3D('',#1014,#1015,#1016);
#1014 = CARTESIAN_POINT('',(-4.485048386107E-16,-2.032944722958E-15,9.7)
  );
#1015 = DIRECTION('',(0.,0.,1.));
#1016 = DIRECTION('',(1.,0.,0.));
#1017 = ADVANCED_FACE('',(#1018),#1029,.F.);
#1018 = FACE_BOUND('',#1019,.F.);
#1019 = EDGE_LOOP('',(#1020,#1026,#1027,#1028));
#1020 = ORIENTED_EDGE('',*,*,#1021,.T.);
#1021 = EDGE_CURVE('',#681,#552,#1022,.T.);
#1022 = LINE('',#1023,#1024);
#1023 = CARTESIAN_POINT('',(-109.,0.,39.7));
#1024 = VECTOR('',#1025,1.);
#1025 = DIRECTION('',(0.,0.,1.));
#1026 = ORIENTED_EDGE('',*,*,#551,.T.);
#1027 = ORIENTED_EDGE('',*,*,#1021,.F.);
#1028 = ORIENTED_EDGE('',*,*,#680,.F.);
#1029 = CYLINDRICAL_SURFACE('',#1030,2.);
#1030 = AXIS2_PLACEMENT_3D('',#1031,#1032,#1033);
#1031 = CARTESIAN_POINT('',(-111.,0.,39.7));
#1032 = DIRECTION('',(0.,0.,-1.));
#1033 = DIRECTION('',(1.,0.,0.));
#1034 = ADVANCED_FACE('',(#1035),#1046,.F.);
#1035 = FACE_BOUND('',#1036,.F.);
#1036 = EDGE_LOOP('',(#1037,#1043,#1044,#1045));
#1037 = ORIENTED_EDGE('',*,*,#1038,.T.);
#1038 = EDGE_CURVE('',#692,#563,#1039,.T.);
#1039 = LINE('',#1040,#1041);
#1040 = CARTESIAN_POINT('',(-85.,0.,39.7));
#1041 = VECTOR('',#1042,1.);
#1042 = DIRECTION('',(0.,0.,1.));
#1043 = ORIENTED_EDGE('',*,*,#562,.T.);
#1044 = ORIENTED_EDGE('',*,*,#1038,.F.);
#1045 = ORIENTED_EDGE('',*,*,#691,.F.);
#1046 = CYLINDRICAL_SURFACE('',#1047,2.);
#1047 = AXIS2_PLACEMENT_3D('',#1048,#1049,#1050);
#1048 = CARTESIAN_POINT('',(-87.,0.,39.7));
#1049 = DIRECTION('',(0.,0.,-1.));
#1050 = DIRECTION('',(1.,0.,0.));
#1051 = ADVANCED_FACE('',(#1052),#1079,.F.);
#1052 = FACE_BOUND('',#1053,.F.);
#1053 = EDGE_LOOP('',(#1054,#1062,#1063,#1064,#1065,#1073));
#1054 = ORIENTED_EDGE('',*,*,#1055,.T.);
#1055 = EDGE_CURVE('',#1056,#831,#1058,.T.);
#1056 = VERTEX_POINT('',#1057);
#1057 = CARTESIAN_POINT('',(-34.9,19.9,0.));
#1058 = LINE('',#1059,#1060);
#1059 = CARTESIAN_POINT('',(-34.9,19.9,0.));
#1060 = VECTOR('',#1061,1.);
#1061 = DIRECTION('',(0.,0.,1.));
#1062 = ORIENTED_EDGE('',*,*,#838,.T.);
#1063 = ORIENTED_EDGE('',*,*,#726,.T.);
#1064 = ORIENTED_EDGE('',*,*,#742,.T.);
#1065 = ORIENTED_EDGE('',*,*,#1066,.F.);
#1066 = EDGE_CURVE('',#1067,#743,#1069,.T.);
#1067 = VERTEX_POINT('',#1068);
#1068 = CARTESIAN_POINT('',(-34.9,-19.9,0.));
#1069 = LINE('',#1070,#1071);
#1070 = CARTESIAN_POINT('',(-34.9,-19.9,0.));
#1071 = VECTOR('',#1072,1.);
#1072 = DIRECTION('',(0.,0.,1.));
#1073 = ORIENTED_EDGE('',*,*,#1074,.F.);
#1074 = EDGE_CURVE('',#1056,#1067,#1075,.T.);
#1075 = LINE('',#1076,#1077);
#1076 = CARTESIAN_POINT('',(-34.9,19.9,0.));
#1077 = VECTOR('',#1078,1.);
#1078 = DIRECTION('',(0.,-1.,0.));
#1079 = PLANE('',#1080);
#1080 = AXIS2_PLACEMENT_3D('',#1081,#1082,#1083);
#1081 = CARTESIAN_POINT('',(-34.9,19.9,0.));
#1082 = DIRECTION('',(1.,0.,0.));
#1083 = DIRECTION('',(0.,-1.,0.));
#1084 = ADVANCED_FACE('',(#1085),#1103,.F.);
#1085 = FACE_BOUND('',#1086,.F.);
#1086 = EDGE_LOOP('',(#1087,#1095,#1096,#1097));
#1087 = ORIENTED_EDGE('',*,*,#1088,.T.);
#1088 = EDGE_CURVE('',#1089,#823,#1091,.T.);
#1089 = VERTEX_POINT('',#1090);
#1090 = CARTESIAN_POINT('',(-9.9,32.9,0.));
#1091 = LINE('',#1092,#1093);
#1092 = CARTESIAN_POINT('',(-9.9,32.9,0.));
#1093 = VECTOR('',#1094,1.);
#1094 = DIRECTION('',(0.,0.,1.));
#1095 = ORIENTED_EDGE('',*,*,#830,.T.);
#1096 = ORIENTED_EDGE('',*,*,#1055,.F.);
#1097 = ORIENTED_EDGE('',*,*,#1098,.F.);
#1098 = EDGE_CURVE('',#1089,#1056,#1099,.T.);
#1099 = LINE('',#1100,#1101);
#1100 = CARTESIAN_POINT('',(-9.9,32.9,0.));
#1101 = VECTOR('',#1102,1.);
#1102 = DIRECTION('',(-0.887216801235,-0.461352736642,0.));
#1103 = PLANE('',#1104);
#1104 = AXIS2_PLACEMENT_3D('',#1105,#1106,#1107);
#1105 = CARTESIAN_POINT('',(-9.9,32.9,0.));
#1106 = DIRECTION('',(0.461352736642,-0.887216801235,0.));
#1107 = DIRECTION('',(-0.887216801235,-0.461352736642,0.));
#1108 = ADVANCED_FACE('',(#1109),#1127,.F.);
#1109 = FACE_BOUND('',#1110,.F.);
#1110 = EDGE_LOOP('',(#1111,#1119,#1120,#1121));
#1111 = ORIENTED_EDGE('',*,*,#1112,.T.);
#1112 = EDGE_CURVE('',#1113,#815,#1115,.T.);
#1113 = VERTEX_POINT('',#1114);
#1114 = CARTESIAN_POINT('',(9.9,32.9,0.));
#1115 = LINE('',#1116,#1117);
#1116 = CARTESIAN_POINT('',(9.9,32.9,0.));
#1117 = VECTOR('',#1118,1.);
#1118 = DIRECTION('',(0.,0.,1.));
#1119 = ORIENTED_EDGE('',*,*,#822,.T.);
#1120 = ORIENTED_EDGE('',*,*,#1088,.F.);
#1121 = ORIENTED_EDGE('',*,*,#1122,.F.);
#1122 = EDGE_CURVE('',#1113,#1089,#1123,.T.);
#1123 = LINE('',#1124,#1125);
#1124 = CARTESIAN_POINT('',(9.9,32.9,0.));
#1125 = VECTOR('',#1126,1.);
#1126 = DIRECTION('',(-1.,0.,0.));
#1127 = PLANE('',#1128);
#1128 = AXIS2_PLACEMENT_3D('',#1129,#1130,#1131);
#1129 = CARTESIAN_POINT('',(9.9,32.9,0.));
#1130 = DIRECTION('',(0.,-1.,0.));
#1131 = DIRECTION('',(-1.,0.,0.));
#1132 = ADVANCED_FACE('',(#1133),#1151,.F.);
#1133 = FACE_BOUND('',#1134,.F.);
#1134 = EDGE_LOOP('',(#1135,#1143,#1144,#1145));
#1135 = ORIENTED_EDGE('',*,*,#1136,.T.);
#1136 = EDGE_CURVE('',#1137,#807,#1139,.T.);
#1137 = VERTEX_POINT('',#1138);
#1138 = CARTESIAN_POINT('',(34.9,19.9,0.));
#1139 = LINE('',#1140,#1141);
#1140 = CARTESIAN_POINT('',(34.9,19.9,0.));
#1141 = VECTOR('',#1142,1.);
#1142 = DIRECTION('',(0.,0.,1.));
#1143 = ORIENTED_EDGE('',*,*,#814,.T.);
#1144 = ORIENTED_EDGE('',*,*,#1112,.F.);
#1145 = ORIENTED_EDGE('',*,*,#1146,.F.);
#1146 = EDGE_CURVE('',#1137,#1113,#1147,.T.);
#1147 = LINE('',#1148,#1149);
#1148 = CARTESIAN_POINT('',(34.9,19.9,0.));
#1149 = VECTOR('',#1150,1.);
#1150 = DIRECTION('',(-0.887216801235,0.461352736642,0.));
#1151 = PLANE('',#1152);
#1152 = AXIS2_PLACEMENT_3D('',#1153,#1154,#1155);
#1153 = CARTESIAN_POINT('',(34.9,19.9,0.));
#1154 = DIRECTION('',(-0.461352736642,-0.887216801235,0.));
#1155 = DIRECTION('',(-0.887216801235,0.461352736642,0.));
#1156 = ADVANCED_FACE('',(#1157),#1182,.F.);
#1157 = FACE_BOUND('',#1158,.F.);
#1158 = EDGE_LOOP('',(#1159,#1167,#1168,#1174,#1175,#1176));
#1159 = ORIENTED_EDGE('',*,*,#1160,.T.);
#1160 = EDGE_CURVE('',#1161,#767,#1163,.T.);
#1161 = VERTEX_POINT('',#1162);
#1162 = CARTESIAN_POINT('',(34.9,-19.9,0.));
#1163 = LINE('',#1164,#1165);
#1164 = CARTESIAN_POINT('',(34.9,-19.9,0.));
#1165 = VECTOR('',#1166,1.);
#1166 = DIRECTION('',(0.,0.,1.));
#1167 = ORIENTED_EDGE('',*,*,#774,.T.);
#1168 = ORIENTED_EDGE('',*,*,#1169,.T.);
#1169 = EDGE_CURVE('',#775,#799,#1170,.T.);
#1170 = LINE('',#1171,#1172);
#1171 = CARTESIAN_POINT('',(34.9,-19.9,9.7));
#1172 = VECTOR('',#1173,1.);
#1173 = DIRECTION('',(0.,1.,0.));
#1174 = ORIENTED_EDGE('',*,*,#806,.T.);
#1175 = ORIENTED_EDGE('',*,*,#1136,.F.);
#1176 = ORIENTED_EDGE('',*,*,#1177,.F.);
#1177 = EDGE_CURVE('',#1161,#1137,#1178,.T.);
#1178 = LINE('',#1179,#1180);
#1179 = CARTESIAN_POINT('',(34.9,-19.9,0.));
#1180 = VECTOR('',#1181,1.);
#1181 = DIRECTION('',(0.,1.,0.));
#1182 = PLANE('',#1183);
#1183 = AXIS2_PLACEMENT_3D('',#1184,#1185,#1186);
#1184 = CARTESIAN_POINT('',(34.9,-19.9,0.));
#1185 = DIRECTION('',(-1.,0.,0.));
#1186 = DIRECTION('',(0.,1.,0.));
#1187 = ADVANCED_FACE('',(#1188),#1245,.T.);
#1188 = FACE_BOUND('',#1189,.T.);
#1189 = EDGE_LOOP('',(#1190,#1200,#1208,#1216,#1224,#1230,#1231,#1239));
#1190 = ORIENTED_EDGE('',*,*,#1191,.F.);
#1191 = EDGE_CURVE('',#1192,#1194,#1196,.T.);
#1192 = VERTEX_POINT('',#1193);
#1193 = CARTESIAN_POINT('',(118.,6.,49.7));
#1194 = VERTEX_POINT('',#1195);
#1195 = CARTESIAN_POINT('',(79.9,6.,49.7));
#1196 = LINE('',#1197,#1198);
#1197 = CARTESIAN_POINT('',(80.,6.,49.7));
#1198 = VECTOR('',#1199,1.);
#1199 = DIRECTION('',(-1.,0.,0.));
#1200 = ORIENTED_EDGE('',*,*,#1201,.F.);
#1201 = EDGE_CURVE('',#1202,#1192,#1204,.T.);
#1202 = VERTEX_POINT('',#1203);
#1203 = CARTESIAN_POINT('',(118.,6.,39.7));
#1204 = LINE('',#1205,#1206);
#1205 = CARTESIAN_POINT('',(118.,6.,39.7));
#1206 = VECTOR('',#1207,1.);
#1207 = DIRECTION('',(0.,0.,1.));
#1208 = ORIENTED_EDGE('',*,*,#1209,.F.);
#1209 = EDGE_CURVE('',#1210,#1202,#1212,.T.);
#1210 = VERTEX_POINT('',#1211);
#1211 = CARTESIAN_POINT('',(80.,6.,39.7));
#1212 = LINE('',#1213,#1214);
#1213 = CARTESIAN_POINT('',(80.,6.,39.7));
#1214 = VECTOR('',#1215,1.);
#1215 = DIRECTION('',(1.,0.,0.));
#1216 = ORIENTED_EDGE('',*,*,#1217,.F.);
#1217 = EDGE_CURVE('',#1218,#1210,#1220,.T.);
#1218 = VERTEX_POINT('',#1219);
#1219 = CARTESIAN_POINT('',(35.,6.,9.7));
#1220 = LINE('',#1221,#1222);
#1221 = CARTESIAN_POINT('',(61.826923076923,6.,27.584615384615));
#1222 = VECTOR('',#1223,1.);
#1223 = DIRECTION('',(0.832050294338,0.,0.554700196225));
#1224 = ORIENTED_EDGE('',*,*,#1225,.T.);
#1225 = EDGE_CURVE('',#1218,#799,#1226,.T.);
#1226 = LINE('',#1227,#1228);
#1227 = CARTESIAN_POINT('',(80.,6.,9.7));
#1228 = VECTOR('',#1229,1.);
#1229 = DIRECTION('',(-1.,0.,0.));
#1230 = ORIENTED_EDGE('',*,*,#798,.T.);
#1231 = ORIENTED_EDGE('',*,*,#1232,.T.);
#1232 = EDGE_CURVE('',#791,#1233,#1235,.T.);
#1233 = VERTEX_POINT('',#1234);
#1234 = CARTESIAN_POINT('',(22.9,6.,9.8));
#1235 = LINE('',#1236,#1237);
#1236 = CARTESIAN_POINT('',(22.9,6.,9.7));
#1237 = VECTOR('',#1238,1.);
#1238 = DIRECTION('',(0.,0.,1.));
#1239 = ORIENTED_EDGE('',*,*,#1240,.F.);
#1240 = EDGE_CURVE('',#1194,#1233,#1241,.T.);
#1241 = LINE('',#1242,#1243);
#1242 = CARTESIAN_POINT('',(56.287583892617,6.,33.171308724832));
#1243 = VECTOR('',#1244,1.);
#1244 = DIRECTION('',(-0.819231920519,-0.,-0.573462344363));
#1245 = PLANE('',#1246);
#1246 = AXIS2_PLACEMENT_3D('',#1247,#1248,#1249);
#1247 = CARTESIAN_POINT('',(70.961432230417,6.,33.218946135081));
#1248 = DIRECTION('',(0.,1.,0.));
#1249 = DIRECTION('',(0.,0.,1.));
#1250 = ADVANCED_FACE('',(#1251),#1269,.F.);
#1251 = FACE_BOUND('',#1252,.F.);
#1252 = EDGE_LOOP('',(#1253,#1254,#1262,#1268));
#1253 = ORIENTED_EDGE('',*,*,#1232,.T.);
#1254 = ORIENTED_EDGE('',*,*,#1255,.T.);
#1255 = EDGE_CURVE('',#1233,#1256,#1258,.T.);
#1256 = VERTEX_POINT('',#1257);
#1257 = CARTESIAN_POINT('',(22.9,-6.,9.8));
#1258 = LINE('',#1259,#1260);
#1259 = CARTESIAN_POINT('',(22.9,6.,9.8));
#1260 = VECTOR('',#1261,1.);
#1261 = DIRECTION('',(0.,-1.,0.));
#1262 = ORIENTED_EDGE('',*,*,#1263,.F.);
#1263 = EDGE_CURVE('',#783,#1256,#1264,.T.);
#1264 = LINE('',#1265,#1266);
#1265 = CARTESIAN_POINT('',(22.9,-6.,9.7));
#1266 = VECTOR('',#1267,1.);
#1267 = DIRECTION('',(0.,0.,1.));
#1268 = ORIENTED_EDGE('',*,*,#790,.F.);
#1269 = PLANE('',#1270);
#1270 = AXIS2_PLACEMENT_3D('',#1271,#1272,#1273);
#1271 = CARTESIAN_POINT('',(22.9,6.,9.7));
#1272 = DIRECTION('',(1.,0.,0.));
#1273 = DIRECTION('',(0.,-1.,0.));
#1274 = ADVANCED_FACE('',(#1275),#1325,.T.);
#1275 = FACE_BOUND('',#1276,.T.);
#1276 = EDGE_LOOP('',(#1277,#1287,#1293,#1294,#1295,#1303,#1311,#1319));
#1277 = ORIENTED_EDGE('',*,*,#1278,.F.);
#1278 = EDGE_CURVE('',#1279,#1281,#1283,.T.);
#1279 = VERTEX_POINT('',#1280);
#1280 = CARTESIAN_POINT('',(79.9,-6.,49.7));
#1281 = VERTEX_POINT('',#1282);
#1282 = CARTESIAN_POINT('',(118.,-6.,49.7));
#1283 = LINE('',#1284,#1285);
#1284 = CARTESIAN_POINT('',(22.9,-6.,49.7));
#1285 = VECTOR('',#1286,1.);
#1286 = DIRECTION('',(1.,0.,0.));
#1287 = ORIENTED_EDGE('',*,*,#1288,.T.);
#1288 = EDGE_CURVE('',#1279,#1256,#1289,.T.);
#1289 = LINE('',#1290,#1291);
#1290 = CARTESIAN_POINT('',(37.126510067114,-6.,19.75855704698));
#1291 = VECTOR('',#1292,1.);
#1292 = DIRECTION('',(-0.819231920519,0.,-0.573462344363));
#1293 = ORIENTED_EDGE('',*,*,#1263,.F.);
#1294 = ORIENTED_EDGE('',*,*,#782,.T.);
#1295 = ORIENTED_EDGE('',*,*,#1296,.T.);
#1296 = EDGE_CURVE('',#775,#1297,#1299,.T.);
#1297 = VERTEX_POINT('',#1298);
#1298 = CARTESIAN_POINT('',(35.,-6.,9.7));
#1299 = LINE('',#1300,#1301);
#1300 = CARTESIAN_POINT('',(22.9,-6.,9.7));
#1301 = VECTOR('',#1302,1.);
#1302 = DIRECTION('',(1.,0.,0.));
#1303 = ORIENTED_EDGE('',*,*,#1304,.T.);
#1304 = EDGE_CURVE('',#1297,#1305,#1307,.T.);
#1305 = VERTEX_POINT('',#1306);
#1306 = CARTESIAN_POINT('',(80.,-6.,39.7));
#1307 = LINE('',#1308,#1309);
#1308 = CARTESIAN_POINT('',(42.061538461538,-6.,14.407692307692));
#1309 = VECTOR('',#1310,1.);
#1310 = DIRECTION('',(0.832050294338,0.,0.554700196225));
#1311 = ORIENTED_EDGE('',*,*,#1312,.T.);
#1312 = EDGE_CURVE('',#1305,#1313,#1315,.T.);
#1313 = VERTEX_POINT('',#1314);
#1314 = CARTESIAN_POINT('',(118.,-6.,39.7));
#1315 = LINE('',#1316,#1317);
#1316 = CARTESIAN_POINT('',(80.,-6.,39.7));
#1317 = VECTOR('',#1318,1.);
#1318 = DIRECTION('',(1.,0.,0.));
#1319 = ORIENTED_EDGE('',*,*,#1320,.F.);
#1320 = EDGE_CURVE('',#1281,#1313,#1321,.T.);
#1321 = LINE('',#1322,#1323);
#1322 = CARTESIAN_POINT('',(118.,-6.,49.7));
#1323 = VECTOR('',#1324,1.);
#1324 = DIRECTION('',(0.,0.,-1.));
#1325 = PLANE('',#1326);
#1326 = AXIS2_PLACEMENT_3D('',#1327,#1328,#1329);
#1327 = CARTESIAN_POINT('',(70.961432230417,-6.,33.218946135081));
#1328 = DIRECTION('',(-0.,-1.,-0.));
#1329 = DIRECTION('',(0.,0.,-1.));
#1330 = ADVANCED_FACE('',(#1331),#1349,.F.);
#1331 = FACE_BOUND('',#1332,.F.);
#1332 = EDGE_LOOP('',(#1333,#1341,#1342,#1343));
#1333 = ORIENTED_EDGE('',*,*,#1334,.T.);
#1334 = EDGE_CURVE('',#1335,#759,#1337,.T.);
#1335 = VERTEX_POINT('',#1336);
#1336 = CARTESIAN_POINT('',(9.9,-32.9,0.));
#1337 = LINE('',#1338,#1339);
#1338 = CARTESIAN_POINT('',(9.9,-32.9,0.));
#1339 = VECTOR('',#1340,1.);
#1340 = DIRECTION('',(0.,0.,1.));
#1341 = ORIENTED_EDGE('',*,*,#766,.T.);
#1342 = ORIENTED_EDGE('',*,*,#1160,.F.);
#1343 = ORIENTED_EDGE('',*,*,#1344,.F.);
#1344 = EDGE_CURVE('',#1335,#1161,#1345,.T.);
#1345 = LINE('',#1346,#1347);
#1346 = CARTESIAN_POINT('',(9.9,-32.9,0.));
#1347 = VECTOR('',#1348,1.);
#1348 = DIRECTION('',(0.887216801235,0.461352736642,0.));
#1349 = PLANE('',#1350);
#1350 = AXIS2_PLACEMENT_3D('',#1351,#1352,#1353);
#1351 = CARTESIAN_POINT('',(9.9,-32.9,0.));
#1352 = DIRECTION('',(-0.461352736642,0.887216801235,0.));
#1353 = DIRECTION('',(0.887216801235,0.461352736642,0.));
#1354 = ADVANCED_FACE('',(#1355),#1373,.F.);
#1355 = FACE_BOUND('',#1356,.F.);
#1356 = EDGE_LOOP('',(#1357,#1365,#1366,#1367));
#1357 = ORIENTED_EDGE('',*,*,#1358,.T.);
#1358 = EDGE_CURVE('',#1359,#751,#1361,.T.);
#1359 = VERTEX_POINT('',#1360);
#1360 = CARTESIAN_POINT('',(-9.9,-32.9,0.));
#1361 = LINE('',#1362,#1363);
#1362 = CARTESIAN_POINT('',(-9.9,-32.9,0.));
#1363 = VECTOR('',#1364,1.);
#1364 = DIRECTION('',(0.,0.,1.));
#1365 = ORIENTED_EDGE('',*,*,#758,.T.);
#1366 = ORIENTED_EDGE('',*,*,#1334,.F.);
#1367 = ORIENTED_EDGE('',*,*,#1368,.F.);
#1368 = EDGE_CURVE('',#1359,#1335,#1369,.T.);
#1369 = LINE('',#1370,#1371);
#1370 = CARTESIAN_POINT('',(-9.9,-32.9,0.));
#1371 = VECTOR('',#1372,1.);
#1372 = DIRECTION('',(1.,0.,0.));
#1373 = PLANE('',#1374);
#1374 = AXIS2_PLACEMENT_3D('',#1375,#1376,#1377);
#1375 = CARTESIAN_POINT('',(-9.9,-32.9,0.));
#1376 = DIRECTION('',(0.,1.,0.));
#1377 = DIRECTION('',(1.,0.,0.));
#1378 = ADVANCED_FACE('',(#1379),#1390,.F.);
#1379 = FACE_BOUND('',#1380,.F.);
#1380 = EDGE_LOOP('',(#1381,#1382,#1383,#1384));
#1381 = ORIENTED_EDGE('',*,*,#1066,.T.);
#1382 = ORIENTED_EDGE('',*,*,#750,.T.);
#1383 = ORIENTED_EDGE('',*,*,#1358,.F.);
#1384 = ORIENTED_EDGE('',*,*,#1385,.F.);
#1385 = EDGE_CURVE('',#1067,#1359,#1386,.T.);
#1386 = LINE('',#1387,#1388);
#1387 = CARTESIAN_POINT('',(-34.9,-19.9,0.));
#1388 = VECTOR('',#1389,1.);
#1389 = DIRECTION('',(0.887216801235,-0.461352736642,0.));
#1390 = PLANE('',#1391);
#1391 = AXIS2_PLACEMENT_3D('',#1392,#1393,#1394);
#1392 = CARTESIAN_POINT('',(-34.9,-19.9,0.));
#1393 = DIRECTION('',(0.461352736642,0.887216801235,0.));
#1394 = DIRECTION('',(0.887216801235,-0.461352736642,0.));
#1395 = ADVANCED_FACE('',(#1396),#1415,.F.);
#1396 = FACE_BOUND('',#1397,.F.);
#1397 = EDGE_LOOP('',(#1398,#1399,#1407,#1414));
#1398 = ORIENTED_EDGE('',*,*,#849,.F.);
#1399 = ORIENTED_EDGE('',*,*,#1400,.T.);
#1400 = EDGE_CURVE('',#850,#1401,#1403,.T.);
#1401 = VERTEX_POINT('',#1402);
#1402 = CARTESIAN_POINT('',(-27.9,-14.9,0.));
#1403 = LINE('',#1404,#1405);
#1404 = CARTESIAN_POINT('',(-27.9,-14.9,9.7));
#1405 = VECTOR('',#1406,1.);
#1406 = DIRECTION('',(-0.,-0.,-1.));
#1407 = ORIENTED_EDGE('',*,*,#1408,.T.);
#1408 = EDGE_CURVE('',#1401,#1401,#1409,.T.);
#1409 = CIRCLE('',#1410,2.);
#1410 = AXIS2_PLACEMENT_3D('',#1411,#1412,#1413);
#1411 = CARTESIAN_POINT('',(-29.9,-14.9,0.));
#1412 = DIRECTION('',(0.,0.,1.));
#1413 = DIRECTION('',(1.,0.,0.));
#1414 = ORIENTED_EDGE('',*,*,#1400,.F.);
#1415 = CYLINDRICAL_SURFACE('',#1416,2.);
#1416 = AXIS2_PLACEMENT_3D('',#1417,#1418,#1419);
#1417 = CARTESIAN_POINT('',(-29.9,-14.9,9.7));
#1418 = DIRECTION('',(0.,0.,1.));
#1419 = DIRECTION('',(1.,0.,0.));
#1420 = ADVANCED_FACE('',(#1421),#1440,.F.);
#1421 = FACE_BOUND('',#1422,.F.);
#1422 = EDGE_LOOP('',(#1423,#1424,#1432,#1439));
#1423 = ORIENTED_EDGE('',*,*,#860,.F.);
#1424 = ORIENTED_EDGE('',*,*,#1425,.T.);
#1425 = EDGE_CURVE('',#861,#1426,#1428,.T.);
#1426 = VERTEX_POINT('',#1427);
#1427 = CARTESIAN_POINT('',(-14.9,-14.9,0.));
#1428 = LINE('',#1429,#1430);
#1429 = CARTESIAN_POINT('',(-14.9,-14.9,9.7));
#1430 = VECTOR('',#1431,1.);
#1431 = DIRECTION('',(-0.,-0.,-1.));
#1432 = ORIENTED_EDGE('',*,*,#1433,.T.);
#1433 = EDGE_CURVE('',#1426,#1426,#1434,.T.);
#1434 = CIRCLE('',#1435,2.);
#1435 = AXIS2_PLACEMENT_3D('',#1436,#1437,#1438);
#1436 = CARTESIAN_POINT('',(-16.9,-14.9,0.));
#1437 = DIRECTION('',(0.,0.,1.));
#1438 = DIRECTION('',(1.,0.,0.));
#1439 = ORIENTED_EDGE('',*,*,#1425,.F.);
#1440 = CYLINDRICAL_SURFACE('',#1441,2.);
#1441 = AXIS2_PLACEMENT_3D('',#1442,#1443,#1444);
#1442 = CARTESIAN_POINT('',(-16.9,-14.9,9.7));
#1443 = DIRECTION('',(0.,0.,1.));
#1444 = DIRECTION('',(1.,0.,0.));
#1445 = ADVANCED_FACE('',(#1446),#1465,.F.);
#1446 = FACE_BOUND('',#1447,.F.);
#1447 = EDGE_LOOP('',(#1448,#1449,#1457,#1464));
#1448 = ORIENTED_EDGE('',*,*,#871,.F.);
#1449 = ORIENTED_EDGE('',*,*,#1450,.T.);
#1450 = EDGE_CURVE('',#872,#1451,#1453,.T.);
#1451 = VERTEX_POINT('',#1452);
#1452 = CARTESIAN_POINT('',(-2.85,-25.75,0.));
#1453 = LINE('',#1454,#1455);
#1454 = CARTESIAN_POINT('',(-2.85,-25.75,9.7));
#1455 = VECTOR('',#1456,1.);
#1456 = DIRECTION('',(-0.,-0.,-1.));
#1457 = ORIENTED_EDGE('',*,*,#1458,.T.);
#1458 = EDGE_CURVE('',#1451,#1451,#1459,.T.);
#1459 = CIRCLE('',#1460,2.15);
#1460 = AXIS2_PLACEMENT_3D('',#1461,#1462,#1463);
#1461 = CARTESIAN_POINT('',(-5.,-25.75,0.));
#1462 = DIRECTION('',(0.,0.,1.));
#1463 = DIRECTION('',(1.,0.,0.));
#1464 = ORIENTED_EDGE('',*,*,#1450,.F.);
#1465 = CYLINDRICAL_SURFACE('',#1466,2.15);
#1466 = AXIS2_PLACEMENT_3D('',#1467,#1468,#1469);
#1467 = CARTESIAN_POINT('',(-5.,-25.75,9.7));
#1468 = DIRECTION('',(0.,0.,1.));
#1469 = DIRECTION('',(1.,0.,0.));
#1470 = ADVANCED_FACE('',(#1471),#1490,.F.);
#1471 = FACE_BOUND('',#1472,.F.);
#1472 = EDGE_LOOP('',(#1473,#1474,#1482,#1489));
#1473 = ORIENTED_EDGE('',*,*,#882,.F.);
#1474 = ORIENTED_EDGE('',*,*,#1475,.T.);
#1475 = EDGE_CURVE('',#883,#1476,#1478,.T.);
#1476 = VERTEX_POINT('',#1477);
#1477 = CARTESIAN_POINT('',(7.15,-25.75,0.));
#1478 = LINE('',#1479,#1480);
#1479 = CARTESIAN_POINT('',(7.15,-25.75,9.7));
#1480 = VECTOR('',#1481,1.);
#1481 = DIRECTION('',(-0.,-0.,-1.));
#1482 = ORIENTED_EDGE('',*,*,#1483,.T.);
#1483 = EDGE_CURVE('',#1476,#1476,#1484,.T.);
#1484 = CIRCLE('',#1485,2.15);
#1485 = AXIS2_PLACEMENT_3D('',#1486,#1487,#1488);
#1486 = CARTESIAN_POINT('',(5.,-25.75,0.));
#1487 = DIRECTION('',(0.,0.,1.));
#1488 = DIRECTION('',(1.,0.,0.));
#1489 = ORIENTED_EDGE('',*,*,#1475,.F.);
#1490 = CYLINDRICAL_SURFACE('',#1491,2.15);
#1491 = AXIS2_PLACEMENT_3D('',#1492,#1493,#1494);
#1492 = CARTESIAN_POINT('',(5.,-25.75,9.7));
#1493 = DIRECTION('',(0.,0.,1.));
#1494 = DIRECTION('',(1.,0.,0.));
#1495 = ADVANCED_FACE('',(#1496),#1515,.F.);
#1496 = FACE_BOUND('',#1497,.F.);
#1497 = EDGE_LOOP('',(#1498,#1499,#1507,#1514));
#1498 = ORIENTED_EDGE('',*,*,#893,.F.);
#1499 = ORIENTED_EDGE('',*,*,#1500,.T.);
#1500 = EDGE_CURVE('',#894,#1501,#1503,.T.);
#1501 = VERTEX_POINT('',#1502);
#1502 = CARTESIAN_POINT('',(18.9,-14.9,0.));
#1503 = LINE('',#1504,#1505);
#1504 = CARTESIAN_POINT('',(18.9,-14.9,9.7));
#1505 = VECTOR('',#1506,1.);
#1506 = DIRECTION('',(-0.,-0.,-1.));
#1507 = ORIENTED_EDGE('',*,*,#1508,.T.);
#1508 = EDGE_CURVE('',#1501,#1501,#1509,.T.);
#1509 = CIRCLE('',#1510,2.);
#1510 = AXIS2_PLACEMENT_3D('',#1511,#1512,#1513);
#1511 = CARTESIAN_POINT('',(16.9,-14.9,0.));
#1512 = DIRECTION('',(0.,0.,1.));
#1513 = DIRECTION('',(1.,0.,0.));
#1514 = ORIENTED_EDGE('',*,*,#1500,.F.);
#1515 = CYLINDRICAL_SURFACE('',#1516,2.);
#1516 = AXIS2_PLACEMENT_3D('',#1517,#1518,#1519);
#1517 = CARTESIAN_POINT('',(16.9,-14.9,9.7));
#1518 = DIRECTION('',(0.,0.,1.));
#1519 = DIRECTION('',(1.,0.,0.));
#1520 = ADVANCED_FACE('',(#1521),#1540,.F.);
#1521 = FACE_BOUND('',#1522,.F.);
#1522 = EDGE_LOOP('',(#1523,#1524,#1532,#1539));
#1523 = ORIENTED_EDGE('',*,*,#904,.F.);
#1524 = ORIENTED_EDGE('',*,*,#1525,.T.);
#1525 = EDGE_CURVE('',#905,#1526,#1528,.T.);
#1526 = VERTEX_POINT('',#1527);
#1527 = CARTESIAN_POINT('',(31.9,-14.9,0.));
#1528 = LINE('',#1529,#1530);
#1529 = CARTESIAN_POINT('',(31.9,-14.9,9.7));
#1530 = VECTOR('',#1531,1.);
#1531 = DIRECTION('',(-0.,-0.,-1.));
#1532 = ORIENTED_EDGE('',*,*,#1533,.T.);
#1533 = EDGE_CURVE('',#1526,#1526,#1534,.T.);
#1534 = CIRCLE('',#1535,2.);
#1535 = AXIS2_PLACEMENT_3D('',#1536,#1537,#1538);
#1536 = CARTESIAN_POINT('',(29.9,-14.9,0.));
#1537 = DIRECTION('',(0.,0.,1.));
#1538 = DIRECTION('',(1.,0.,0.));
#1539 = ORIENTED_EDGE('',*,*,#1525,.F.);
#1540 = CYLINDRICAL_SURFACE('',#1541,2.);
#1541 = AXIS2_PLACEMENT_3D('',#1542,#1543,#1544);
#1542 = CARTESIAN_POINT('',(29.9,-14.9,9.7));
#1543 = DIRECTION('',(0.,0.,1.));
#1544 = DIRECTION('',(1.,0.,0.));
#1545 = ADVANCED_FACE('',(#1546),#1565,.F.);
#1546 = FACE_BOUND('',#1547,.F.);
#1547 = EDGE_LOOP('',(#1548,#1549,#1557,#1564));
#1548 = ORIENTED_EDGE('',*,*,#915,.F.);
#1549 = ORIENTED_EDGE('',*,*,#1550,.T.);
#1550 = EDGE_CURVE('',#916,#1551,#1553,.T.);
#1551 = VERTEX_POINT('',#1552);
#1552 = CARTESIAN_POINT('',(-27.9,14.9,0.));
#1553 = LINE('',#1554,#1555);
#1554 = CARTESIAN_POINT('',(-27.9,14.9,9.7));
#1555 = VECTOR('',#1556,1.);
#1556 = DIRECTION('',(-0.,-0.,-1.));
#1557 = ORIENTED_EDGE('',*,*,#1558,.T.);
#1558 = EDGE_CURVE('',#1551,#1551,#1559,.T.);
#1559 = CIRCLE('',#1560,2.);
#1560 = AXIS2_PLACEMENT_3D('',#1561,#1562,#1563);
#1561 = CARTESIAN_POINT('',(-29.9,14.9,0.));
#1562 = DIRECTION('',(0.,0.,1.));
#1563 = DIRECTION('',(1.,0.,0.));
#1564 = ORIENTED_EDGE('',*,*,#1550,.F.);
#1565 = CYLINDRICAL_SURFACE('',#1566,2.);
#1566 = AXIS2_PLACEMENT_3D('',#1567,#1568,#1569);
#1567 = CARTESIAN_POINT('',(-29.9,14.9,9.7));
#1568 = DIRECTION('',(0.,0.,1.));
#1569 = DIRECTION('',(1.,0.,0.));
#1570 = ADVANCED_FACE('',(#1571),#1590,.F.);
#1571 = FACE_BOUND('',#1572,.F.);
#1572 = EDGE_LOOP('',(#1573,#1574,#1582,#1589));
#1573 = ORIENTED_EDGE('',*,*,#926,.F.);
#1574 = ORIENTED_EDGE('',*,*,#1575,.T.);
#1575 = EDGE_CURVE('',#927,#1576,#1578,.T.);
#1576 = VERTEX_POINT('',#1577);
#1577 = CARTESIAN_POINT('',(-14.9,14.9,0.));
#1578 = LINE('',#1579,#1580);
#1579 = CARTESIAN_POINT('',(-14.9,14.9,9.7));
#1580 = VECTOR('',#1581,1.);
#1581 = DIRECTION('',(-0.,-0.,-1.));
#1582 = ORIENTED_EDGE('',*,*,#1583,.T.);
#1583 = EDGE_CURVE('',#1576,#1576,#1584,.T.);
#1584 = CIRCLE('',#1585,2.);
#1585 = AXIS2_PLACEMENT_3D('',#1586,#1587,#1588);
#1586 = CARTESIAN_POINT('',(-16.9,14.9,0.));
#1587 = DIRECTION('',(0.,0.,1.));
#1588 = DIRECTION('',(1.,0.,0.));
#1589 = ORIENTED_EDGE('',*,*,#1575,.F.);
#1590 = CYLINDRICAL_SURFACE('',#1591,2.);
#1591 = AXIS2_PLACEMENT_3D('',#1592,#1593,#1594);
#1592 = CARTESIAN_POINT('',(-16.9,14.9,9.7));
#1593 = DIRECTION('',(0.,0.,1.));
#1594 = DIRECTION('',(1.,0.,0.));
#1595 = ADVANCED_FACE('',(#1596),#1615,.F.);
#1596 = FACE_BOUND('',#1597,.F.);
#1597 = EDGE_LOOP('',(#1598,#1599,#1607,#1614));
#1598 = ORIENTED_EDGE('',*,*,#937,.F.);
#1599 = ORIENTED_EDGE('',*,*,#1600,.T.);
#1600 = EDGE_CURVE('',#938,#1601,#1603,.T.);
#1601 = VERTEX_POINT('',#1602);
#1602 = CARTESIAN_POINT('',(-2.85,25.75,0.));
#1603 = LINE('',#1604,#1605);
#1604 = CARTESIAN_POINT('',(-2.85,25.75,9.7));
#1605 = VECTOR('',#1606,1.);
#1606 = DIRECTION('',(-0.,-0.,-1.));
#1607 = ORIENTED_EDGE('',*,*,#1608,.T.);
#1608 = EDGE_CURVE('',#1601,#1601,#1609,.T.);
#1609 = CIRCLE('',#1610,2.15);
#1610 = AXIS2_PLACEMENT_3D('',#1611,#1612,#1613);
#1611 = CARTESIAN_POINT('',(-5.,25.75,0.));
#1612 = DIRECTION('',(0.,0.,1.));
#1613 = DIRECTION('',(1.,0.,0.));
#1614 = ORIENTED_EDGE('',*,*,#1600,.F.);
#1615 = CYLINDRICAL_SURFACE('',#1616,2.15);
#1616 = AXIS2_PLACEMENT_3D('',#1617,#1618,#1619);
#1617 = CARTESIAN_POINT('',(-5.,25.75,9.7));
#1618 = DIRECTION('',(0.,0.,1.));
#1619 = DIRECTION('',(1.,0.,0.));
#1620 = ADVANCED_FACE('',(#1621),#1646,.T.);
#1621 = FACE_BOUND('',#1622,.T.);
#1622 = EDGE_LOOP('',(#1623,#1631,#1632,#1640));
#1623 = ORIENTED_EDGE('',*,*,#1624,.T.);
#1624 = EDGE_CURVE('',#1625,#949,#1627,.T.);
#1625 = VERTEX_POINT('',#1626);
#1626 = CARTESIAN_POINT('',(9.9,-19.9,0.));
#1627 = LINE('',#1628,#1629);
#1628 = CARTESIAN_POINT('',(9.9,-19.9,0.));
#1629 = VECTOR('',#1630,1.);
#1630 = DIRECTION('',(0.,0.,1.));
#1631 = ORIENTED_EDGE('',*,*,#948,.T.);
#1632 = ORIENTED_EDGE('',*,*,#1633,.F.);
#1633 = EDGE_CURVE('',#1634,#951,#1636,.T.);
#1634 = VERTEX_POINT('',#1635);
#1635 = CARTESIAN_POINT('',(9.9,19.9,0.));
#1636 = LINE('',#1637,#1638);
#1637 = CARTESIAN_POINT('',(9.9,19.9,0.));
#1638 = VECTOR('',#1639,1.);
#1639 = DIRECTION('',(0.,0.,1.));
#1640 = ORIENTED_EDGE('',*,*,#1641,.F.);
#1641 = EDGE_CURVE('',#1625,#1634,#1642,.T.);
#1642 = LINE('',#1643,#1644);
#1643 = CARTESIAN_POINT('',(9.9,-19.9,0.));
#1644 = VECTOR('',#1645,1.);
#1645 = DIRECTION('',(0.,1.,0.));
#1646 = PLANE('',#1647);
#1647 = AXIS2_PLACEMENT_3D('',#1648,#1649,#1650);
#1648 = CARTESIAN_POINT('',(9.9,-19.9,0.));
#1649 = DIRECTION('',(-1.,0.,0.));
#1650 = DIRECTION('',(0.,1.,0.));
#1651 = ADVANCED_FACE('',(#1652),#1670,.T.);
#1652 = FACE_BOUND('',#1653,.T.);
#1653 = EDGE_LOOP('',(#1654,#1662,#1663,#1664));
#1654 = ORIENTED_EDGE('',*,*,#1655,.T.);
#1655 = EDGE_CURVE('',#1656,#959,#1658,.T.);
#1656 = VERTEX_POINT('',#1657);
#1657 = CARTESIAN_POINT('',(-9.9,-19.9,0.));
#1658 = LINE('',#1659,#1660);
#1659 = CARTESIAN_POINT('',(-9.9,-19.9,0.));
#1660 = VECTOR('',#1661,1.);
#1661 = DIRECTION('',(0.,0.,1.));
#1662 = ORIENTED_EDGE('',*,*,#958,.T.);
#1663 = ORIENTED_EDGE('',*,*,#1624,.F.);
#1664 = ORIENTED_EDGE('',*,*,#1665,.F.);
#1665 = EDGE_CURVE('',#1656,#1625,#1666,.T.);
#1666 = LINE('',#1667,#1668);
#1667 = CARTESIAN_POINT('',(-9.9,-19.9,0.));
#1668 = VECTOR('',#1669,1.);
#1669 = DIRECTION('',(1.,0.,0.));
#1670 = PLANE('',#1671);
#1671 = AXIS2_PLACEMENT_3D('',#1672,#1673,#1674);
#1672 = CARTESIAN_POINT('',(-9.9,-19.9,0.));
#1673 = DIRECTION('',(0.,1.,0.));
#1674 = DIRECTION('',(1.,0.,0.));
#1675 = ADVANCED_FACE('',(#1676),#1694,.T.);
#1676 = FACE_BOUND('',#1677,.T.);
#1677 = EDGE_LOOP('',(#1678,#1679,#1680,#1688));
#1678 = ORIENTED_EDGE('',*,*,#1633,.T.);
#1679 = ORIENTED_EDGE('',*,*,#974,.T.);
#1680 = ORIENTED_EDGE('',*,*,#1681,.F.);
#1681 = EDGE_CURVE('',#1682,#967,#1684,.T.);
#1682 = VERTEX_POINT('',#1683);
#1683 = CARTESIAN_POINT('',(-9.9,19.9,0.));
#1684 = LINE('',#1685,#1686);
#1685 = CARTESIAN_POINT('',(-9.9,19.9,0.));
#1686 = VECTOR('',#1687,1.);
#1687 = DIRECTION('',(0.,0.,1.));
#1688 = ORIENTED_EDGE('',*,*,#1689,.F.);
#1689 = EDGE_CURVE('',#1634,#1682,#1690,.T.);
#1690 = LINE('',#1691,#1692);
#1691 = CARTESIAN_POINT('',(9.9,19.9,0.));
#1692 = VECTOR('',#1693,1.);
#1693 = DIRECTION('',(-1.,0.,0.));
#1694 = PLANE('',#1695);
#1695 = AXIS2_PLACEMENT_3D('',#1696,#1697,#1698);
#1696 = CARTESIAN_POINT('',(9.9,19.9,0.));
#1697 = DIRECTION('',(0.,-1.,0.));
#1698 = DIRECTION('',(-1.,0.,0.));
#1699 = ADVANCED_FACE('',(#1700),#1711,.T.);
#1700 = FACE_BOUND('',#1701,.T.);
#1701 = EDGE_LOOP('',(#1702,#1703,#1704,#1705));
#1702 = ORIENTED_EDGE('',*,*,#1681,.T.);
#1703 = ORIENTED_EDGE('',*,*,#966,.T.);
#1704 = ORIENTED_EDGE('',*,*,#1655,.F.);
#1705 = ORIENTED_EDGE('',*,*,#1706,.F.);
#1706 = EDGE_CURVE('',#1682,#1656,#1707,.T.);
#1707 = LINE('',#1708,#1709);
#1708 = CARTESIAN_POINT('',(-9.9,19.9,0.));
#1709 = VECTOR('',#1710,1.);
#1710 = DIRECTION('',(0.,-1.,0.));
#1711 = PLANE('',#1712);
#1712 = AXIS2_PLACEMENT_3D('',#1713,#1714,#1715);
#1713 = CARTESIAN_POINT('',(-9.9,19.9,0.));
#1714 = DIRECTION('',(1.,0.,0.));
#1715 = DIRECTION('',(0.,-1.,0.));
#1716 = ADVANCED_FACE('',(#1717),#1736,.F.);
#1717 = FACE_BOUND('',#1718,.F.);
#1718 = EDGE_LOOP('',(#1719,#1720,#1728,#1735));
#1719 = ORIENTED_EDGE('',*,*,#982,.F.);
#1720 = ORIENTED_EDGE('',*,*,#1721,.T.);
#1721 = EDGE_CURVE('',#983,#1722,#1724,.T.);
#1722 = VERTEX_POINT('',#1723);
#1723 = CARTESIAN_POINT('',(7.15,25.75,0.));
#1724 = LINE('',#1725,#1726);
#1725 = CARTESIAN_POINT('',(7.15,25.75,9.7));
#1726 = VECTOR('',#1727,1.);
#1727 = DIRECTION('',(-0.,-0.,-1.));
#1728 = ORIENTED_EDGE('',*,*,#1729,.T.);
#1729 = EDGE_CURVE('',#1722,#1722,#1730,.T.);
#1730 = CIRCLE('',#1731,2.15);
#1731 = AXIS2_PLACEMENT_3D('',#1732,#1733,#1734);
#1732 = CARTESIAN_POINT('',(5.,25.75,0.));
#1733 = DIRECTION('',(0.,0.,1.));
#1734 = DIRECTION('',(1.,0.,0.));
#1735 = ORIENTED_EDGE('',*,*,#1721,.F.);
#1736 = CYLINDRICAL_SURFACE('',#1737,2.15);
#1737 = AXIS2_PLACEMENT_3D('',#1738,#1739,#1740);
#1738 = CARTESIAN_POINT('',(5.,25.75,9.7));
#1739 = DIRECTION('',(0.,0.,1.));
#1740 = DIRECTION('',(1.,0.,0.));
#1741 = ADVANCED_FACE('',(#1742),#1761,.F.);
#1742 = FACE_BOUND('',#1743,.F.);
#1743 = EDGE_LOOP('',(#1744,#1745,#1753,#1760));
#1744 = ORIENTED_EDGE('',*,*,#993,.F.);
#1745 = ORIENTED_EDGE('',*,*,#1746,.T.);
#1746 = EDGE_CURVE('',#994,#1747,#1749,.T.);
#1747 = VERTEX_POINT('',#1748);
#1748 = CARTESIAN_POINT('',(18.9,14.9,0.));
#1749 = LINE('',#1750,#1751);
#1750 = CARTESIAN_POINT('',(18.9,14.9,9.7));
#1751 = VECTOR('',#1752,1.);
#1752 = DIRECTION('',(-0.,-0.,-1.));
#1753 = ORIENTED_EDGE('',*,*,#1754,.T.);
#1754 = EDGE_CURVE('',#1747,#1747,#1755,.T.);
#1755 = CIRCLE('',#1756,2.);
#1756 = AXIS2_PLACEMENT_3D('',#1757,#1758,#1759);
#1757 = CARTESIAN_POINT('',(16.9,14.9,0.));
#1758 = DIRECTION('',(0.,0.,1.));
#1759 = DIRECTION('',(1.,0.,0.));
#1760 = ORIENTED_EDGE('',*,*,#1746,.F.);
#1761 = CYLINDRICAL_SURFACE('',#1762,2.);
#1762 = AXIS2_PLACEMENT_3D('',#1763,#1764,#1765);
#1763 = CARTESIAN_POINT('',(16.9,14.9,9.7));
#1764 = DIRECTION('',(0.,0.,1.));
#1765 = DIRECTION('',(1.,0.,0.));
#1766 = ADVANCED_FACE('',(#1767),#1786,.F.);
#1767 = FACE_BOUND('',#1768,.F.);
#1768 = EDGE_LOOP('',(#1769,#1770,#1778,#1785));
#1769 = ORIENTED_EDGE('',*,*,#1004,.F.);
#1770 = ORIENTED_EDGE('',*,*,#1771,.T.);
#1771 = EDGE_CURVE('',#1005,#1772,#1774,.T.);
#1772 = VERTEX_POINT('',#1773);
#1773 = CARTESIAN_POINT('',(31.9,14.9,0.));
#1774 = LINE('',#1775,#1776);
#1775 = CARTESIAN_POINT('',(31.9,14.9,9.7));
#1776 = VECTOR('',#1777,1.);
#1777 = DIRECTION('',(-0.,-0.,-1.));
#1778 = ORIENTED_EDGE('',*,*,#1779,.T.);
#1779 = EDGE_CURVE('',#1772,#1772,#1780,.T.);
#1780 = CIRCLE('',#1781,2.);
#1781 = AXIS2_PLACEMENT_3D('',#1782,#1783,#1784);
#1782 = CARTESIAN_POINT('',(29.9,14.9,0.));
#1783 = DIRECTION('',(0.,0.,1.));
#1784 = DIRECTION('',(1.,0.,0.));
#1785 = ORIENTED_EDGE('',*,*,#1771,.F.);
#1786 = CYLINDRICAL_SURFACE('',#1787,2.);
#1787 = AXIS2_PLACEMENT_3D('',#1788,#1789,#1790);
#1788 = CARTESIAN_POINT('',(29.9,14.9,9.7));
#1789 = DIRECTION('',(0.,0.,1.));
#1790 = DIRECTION('',(1.,0.,0.));
#1791 = ADVANCED_FACE('',(#1792,#1802,#1805,#1808,#1811,#1814,#1817,
    #1820,#1823,#1826,#1829,#1835,#1838,#1841),#1844,.F.);
#1792 = FACE_BOUND('',#1793,.F.);
#1793 = EDGE_LOOP('',(#1794,#1795,#1796,#1797,#1798,#1799,#1800,#1801));
#1794 = ORIENTED_EDGE('',*,*,#1368,.T.);
#1795 = ORIENTED_EDGE('',*,*,#1344,.T.);
#1796 = ORIENTED_EDGE('',*,*,#1177,.T.);
#1797 = ORIENTED_EDGE('',*,*,#1146,.T.);
#1798 = ORIENTED_EDGE('',*,*,#1122,.T.);
#1799 = ORIENTED_EDGE('',*,*,#1098,.T.);
#1800 = ORIENTED_EDGE('',*,*,#1074,.T.);
#1801 = ORIENTED_EDGE('',*,*,#1385,.T.);
#1802 = FACE_BOUND('',#1803,.F.);
#1803 = EDGE_LOOP('',(#1804));
#1804 = ORIENTED_EDGE('',*,*,#1408,.F.);
#1805 = FACE_BOUND('',#1806,.F.);
#1806 = EDGE_LOOP('',(#1807));
#1807 = ORIENTED_EDGE('',*,*,#1433,.F.);
#1808 = FACE_BOUND('',#1809,.F.);
#1809 = EDGE_LOOP('',(#1810));
#1810 = ORIENTED_EDGE('',*,*,#1458,.F.);
#1811 = FACE_BOUND('',#1812,.F.);
#1812 = EDGE_LOOP('',(#1813));
#1813 = ORIENTED_EDGE('',*,*,#1483,.F.);
#1814 = FACE_BOUND('',#1815,.F.);
#1815 = EDGE_LOOP('',(#1816));
#1816 = ORIENTED_EDGE('',*,*,#1508,.F.);
#1817 = FACE_BOUND('',#1818,.F.);
#1818 = EDGE_LOOP('',(#1819));
#1819 = ORIENTED_EDGE('',*,*,#1533,.F.);
#1820 = FACE_BOUND('',#1821,.F.);
#1821 = EDGE_LOOP('',(#1822));
#1822 = ORIENTED_EDGE('',*,*,#1558,.F.);
#1823 = FACE_BOUND('',#1824,.F.);
#1824 = EDGE_LOOP('',(#1825));
#1825 = ORIENTED_EDGE('',*,*,#1583,.F.);
#1826 = FACE_BOUND('',#1827,.F.);
#1827 = EDGE_LOOP('',(#1828));
#1828 = ORIENTED_EDGE('',*,*,#1608,.F.);
#1829 = FACE_BOUND('',#1830,.F.);
#1830 = EDGE_LOOP('',(#1831,#1832,#1833,#1834));
#1831 = ORIENTED_EDGE('',*,*,#1641,.F.);
#1832 = ORIENTED_EDGE('',*,*,#1665,.F.);
#1833 = ORIENTED_EDGE('',*,*,#1706,.F.);
#1834 = ORIENTED_EDGE('',*,*,#1689,.F.);
#1835 = FACE_BOUND('',#1836,.F.);
#1836 = EDGE_LOOP('',(#1837));
#1837 = ORIENTED_EDGE('',*,*,#1729,.F.);
#1838 = FACE_BOUND('',#1839,.F.);
#1839 = EDGE_LOOP('',(#1840));
#1840 = ORIENTED_EDGE('',*,*,#1754,.F.);
#1841 = FACE_BOUND('',#1842,.F.);
#1842 = EDGE_LOOP('',(#1843));
#1843 = ORIENTED_EDGE('',*,*,#1779,.F.);
#1844 = PLANE('',#1845);
#1845 = AXIS2_PLACEMENT_3D('',#1846,#1847,#1848);
#1846 = CARTESIAN_POINT('',(-4.485048386107E-16,-2.032944722958E-15,0.)
  );
#1847 = DIRECTION('',(0.,0.,1.));
#1848 = DIRECTION('',(1.,0.,0.));
#1849 = ADVANCED_FACE('',(#1850),#1861,.F.);
#1850 = FACE_BOUND('',#1851,.F.);
#1851 = EDGE_LOOP('',(#1852,#1853,#1854,#1855));
#1852 = ORIENTED_EDGE('',*,*,#1225,.T.);
#1853 = ORIENTED_EDGE('',*,*,#1169,.F.);
#1854 = ORIENTED_EDGE('',*,*,#1296,.T.);
#1855 = ORIENTED_EDGE('',*,*,#1856,.T.);
#1856 = EDGE_CURVE('',#1297,#1218,#1857,.T.);
#1857 = LINE('',#1858,#1859);
#1858 = CARTESIAN_POINT('',(35.,-6.,9.7));
#1859 = VECTOR('',#1860,1.);
#1860 = DIRECTION('',(0.,1.,0.));
#1861 = PLANE('',#1862);
#1862 = AXIS2_PLACEMENT_3D('',#1863,#1864,#1865);
#1863 = CARTESIAN_POINT('',(51.45,5.141409086542E-17,9.7));
#1864 = DIRECTION('',(0.,0.,1.));
#1865 = DIRECTION('',(1.,0.,0.));
#1866 = ADVANCED_FACE('',(#1867,#1883,#1894),#1905,.T.);
#1867 = FACE_BOUND('',#1868,.T.);
#1868 = EDGE_LOOP('',(#1869,#1870,#1876,#1877));
#1869 = ORIENTED_EDGE('',*,*,#1278,.T.);
#1870 = ORIENTED_EDGE('',*,*,#1871,.F.);
#1871 = EDGE_CURVE('',#1192,#1281,#1872,.T.);
#1872 = LINE('',#1873,#1874);
#1873 = CARTESIAN_POINT('',(118.,6.,49.7));
#1874 = VECTOR('',#1875,1.);
#1875 = DIRECTION('',(0.,-1.,0.));
#1876 = ORIENTED_EDGE('',*,*,#1191,.T.);
#1877 = ORIENTED_EDGE('',*,*,#1878,.T.);
#1878 = EDGE_CURVE('',#1194,#1279,#1879,.T.);
#1879 = LINE('',#1880,#1881);
#1880 = CARTESIAN_POINT('',(79.9,6.,49.7));
#1881 = VECTOR('',#1882,1.);
#1882 = DIRECTION('',(0.,-1.,0.));
#1883 = FACE_BOUND('',#1884,.T.);
#1884 = EDGE_LOOP('',(#1885));
#1885 = ORIENTED_EDGE('',*,*,#1886,.T.);
#1886 = EDGE_CURVE('',#1887,#1887,#1889,.T.);
#1887 = VERTEX_POINT('',#1888);
#1888 = CARTESIAN_POINT('',(89.,0.,49.7));
#1889 = CIRCLE('',#1890,2.);
#1890 = AXIS2_PLACEMENT_3D('',#1891,#1892,#1893);
#1891 = CARTESIAN_POINT('',(87.,0.,49.7));
#1892 = DIRECTION('',(0.,0.,-1.));
#1893 = DIRECTION('',(1.,0.,0.));
#1894 = FACE_BOUND('',#1895,.T.);
#1895 = EDGE_LOOP('',(#1896));
#1896 = ORIENTED_EDGE('',*,*,#1897,.T.);
#1897 = EDGE_CURVE('',#1898,#1898,#1900,.T.);
#1898 = VERTEX_POINT('',#1899);
#1899 = CARTESIAN_POINT('',(113.,0.,49.7));
#1900 = CIRCLE('',#1901,2.);
#1901 = AXIS2_PLACEMENT_3D('',#1902,#1903,#1904);
#1902 = CARTESIAN_POINT('',(111.,0.,49.7));
#1903 = DIRECTION('',(0.,0.,-1.));
#1904 = DIRECTION('',(1.,0.,0.));
#1905 = PLANE('',#1906);
#1906 = AXIS2_PLACEMENT_3D('',#1907,#1908,#1909);
#1907 = CARTESIAN_POINT('',(98.95,0.,49.7));
#1908 = DIRECTION('',(0.,0.,1.));
#1909 = DIRECTION('',(1.,0.,0.));
#1910 = ADVANCED_FACE('',(#1911),#1922,.T.);
#1911 = FACE_BOUND('',#1912,.T.);
#1912 = EDGE_LOOP('',(#1913,#1914,#1920,#1921));
#1913 = ORIENTED_EDGE('',*,*,#1320,.T.);
#1914 = ORIENTED_EDGE('',*,*,#1915,.T.);
#1915 = EDGE_CURVE('',#1313,#1202,#1916,.T.);
#1916 = LINE('',#1917,#1918);
#1917 = CARTESIAN_POINT('',(118.,-6.,39.7));
#1918 = VECTOR('',#1919,1.);
#1919 = DIRECTION('',(0.,1.,0.));
#1920 = ORIENTED_EDGE('',*,*,#1201,.T.);
#1921 = ORIENTED_EDGE('',*,*,#1871,.T.);
#1922 = PLANE('',#1923);
#1923 = AXIS2_PLACEMENT_3D('',#1924,#1925,#1926);
#1924 = CARTESIAN_POINT('',(118.,0.,44.7));
#1925 = DIRECTION('',(1.,0.,0.));
#1926 = DIRECTION('',(0.,0.,1.));
#1927 = ADVANCED_FACE('',(#1928,#1939,#1950),#1961,.F.);
#1928 = FACE_BOUND('',#1929,.F.);
#1929 = EDGE_LOOP('',(#1930,#1931,#1932,#1933));
#1930 = ORIENTED_EDGE('',*,*,#1312,.T.);
#1931 = ORIENTED_EDGE('',*,*,#1915,.T.);
#1932 = ORIENTED_EDGE('',*,*,#1209,.F.);
#1933 = ORIENTED_EDGE('',*,*,#1934,.F.);
#1934 = EDGE_CURVE('',#1305,#1210,#1935,.T.);
#1935 = LINE('',#1936,#1937);
#1936 = CARTESIAN_POINT('',(80.,-6.,39.7));
#1937 = VECTOR('',#1938,1.);
#1938 = DIRECTION('',(0.,1.,0.));
#1939 = FACE_BOUND('',#1940,.F.);
#1940 = EDGE_LOOP('',(#1941));
#1941 = ORIENTED_EDGE('',*,*,#1942,.T.);
#1942 = EDGE_CURVE('',#1943,#1943,#1945,.T.);
#1943 = VERTEX_POINT('',#1944);
#1944 = CARTESIAN_POINT('',(113.,0.,39.7));
#1945 = CIRCLE('',#1946,2.);
#1946 = AXIS2_PLACEMENT_3D('',#1947,#1948,#1949);
#1947 = CARTESIAN_POINT('',(111.,0.,39.7));
#1948 = DIRECTION('',(0.,0.,-1.));
#1949 = DIRECTION('',(1.,0.,0.));
#1950 = FACE_BOUND('',#1951,.F.);
#1951 = EDGE_LOOP('',(#1952));
#1952 = ORIENTED_EDGE('',*,*,#1953,.T.);
#1953 = EDGE_CURVE('',#1954,#1954,#1956,.T.);
#1954 = VERTEX_POINT('',#1955);
#1955 = CARTESIAN_POINT('',(89.,0.,39.7));
#1956 = CIRCLE('',#1957,2.);
#1957 = AXIS2_PLACEMENT_3D('',#1958,#1959,#1960);
#1958 = CARTESIAN_POINT('',(87.,0.,39.7));
#1959 = DIRECTION('',(0.,0.,-1.));
#1960 = DIRECTION('',(1.,0.,0.));
#1961 = PLANE('',#1962);
#1962 = AXIS2_PLACEMENT_3D('',#1963,#1964,#1965);
#1963 = CARTESIAN_POINT('',(80.,-6.,39.7));
#1964 = DIRECTION('',(0.,0.,1.));
#1965 = DIRECTION('',(0.,1.,0.));
#1966 = ADVANCED_FACE('',(#1967),#1973,.T.);
#1967 = FACE_BOUND('',#1968,.T.);
#1968 = EDGE_LOOP('',(#1969,#1970,#1971,#1972));
#1969 = ORIENTED_EDGE('',*,*,#1304,.F.);
#1970 = ORIENTED_EDGE('',*,*,#1856,.T.);
#1971 = ORIENTED_EDGE('',*,*,#1217,.T.);
#1972 = ORIENTED_EDGE('',*,*,#1934,.F.);
#1973 = PLANE('',#1974);
#1974 = AXIS2_PLACEMENT_3D('',#1975,#1976,#1977);
#1975 = CARTESIAN_POINT('',(57.5,-6.,24.7));
#1976 = DIRECTION('',(0.554700196225,-9.583994813732E-17,-0.832050294338
    ));
#1977 = DIRECTION('',(5.316243803799E-17,1.,-7.974365705698E-17));
#1978 = ADVANCED_FACE('',(#1979),#1985,.F.);
#1979 = FACE_BOUND('',#1980,.F.);
#1980 = EDGE_LOOP('',(#1981,#1982,#1983,#1984));
#1981 = ORIENTED_EDGE('',*,*,#1240,.F.);
#1982 = ORIENTED_EDGE('',*,*,#1878,.T.);
#1983 = ORIENTED_EDGE('',*,*,#1288,.T.);
#1984 = ORIENTED_EDGE('',*,*,#1255,.F.);
#1985 = PLANE('',#1986);
#1986 = AXIS2_PLACEMENT_3D('',#1987,#1988,#1989);
#1987 = CARTESIAN_POINT('',(51.4,6.,29.75));
#1988 = DIRECTION('',(0.573462344363,6.01708859876E-16,-0.819231920519)
  );
#1989 = DIRECTION('',(3.450573734087E-16,-1.,-4.929391048695E-16));
#1990 = ADVANCED_FACE('',(#1991),#2002,.F.);
#1991 = FACE_BOUND('',#1992,.F.);
#1992 = EDGE_LOOP('',(#1993,#1994,#2000,#2001));
#1993 = ORIENTED_EDGE('',*,*,#1953,.F.);
#1994 = ORIENTED_EDGE('',*,*,#1995,.T.);
#1995 = EDGE_CURVE('',#1954,#1887,#1996,.T.);
#1996 = LINE('',#1997,#1998);
#1997 = CARTESIAN_POINT('',(89.,0.,39.7));
#1998 = VECTOR('',#1999,1.);
#1999 = DIRECTION('',(0.,0.,1.));
#2000 = ORIENTED_EDGE('',*,*,#1886,.T.);
#2001 = ORIENTED_EDGE('',*,*,#1995,.F.);
#2002 = CYLINDRICAL_SURFACE('',#2003,2.);
#2003 = AXIS2_PLACEMENT_3D('',#2004,#2005,#2006);
#2004 = CARTESIAN_POINT('',(87.,0.,39.7));
#2005 = DIRECTION('',(0.,0.,-1.));
#2006 = DIRECTION('',(1.,0.,0.));
#2007 = ADVANCED_FACE('',(#2008),#2019,.F.);
#2008 = FACE_BOUND('',#2009,.F.);
#2009 = EDGE_LOOP('',(#2010,#2011,#2017,#2018));
#2010 = ORIENTED_EDGE('',*,*,#1942,.F.);
#2011 = ORIENTED_EDGE('',*,*,#2012,.T.);
#2012 = EDGE_CURVE('',#1943,#1898,#2013,.T.);
#2013 = LINE('',#2014,#2015);
#2014 = CARTESIAN_POINT('',(113.,0.,39.7));
#2015 = VECTOR('',#2016,1.);
#2016 = DIRECTION('',(0.,0.,1.));
#2017 = ORIENTED_EDGE('',*,*,#1897,.T.);
#2018 = ORIENTED_EDGE('',*,*,#2012,.F.);
#2019 = CYLINDRICAL_SURFACE('',#2020,2.);
#2020 = AXIS2_PLACEMENT_3D('',#2021,#2022,#2023);
#2021 = CARTESIAN_POINT('',(111.,0.,39.7));
#2022 = DIRECTION('',(0.,0.,-1.));
#2023 = DIRECTION('',(1.,0.,0.));
#2024 = ( GEOMETRIC_REPRESENTATION_CONTEXT(3) 
GLOBAL_UNCERTAINTY_ASSIGNED_CONTEXT((#2028)) 
GLOBAL_UNIT_ASSIGNED_CONTEXT((#2025,#2026,#2027)) REPRESENTATION_CONTEXT
('Context #1','3D Context with UNIT and UNCERTAINTY') );
#2025 = ( LENGTH_UNIT() NAMED_UNIT(*) SI_UNIT(.MILLI.,.METRE.) );
#2026 = ( NAMED_UNIT(*) PLANE_ANGLE_UNIT() SI_UNIT($,.RADIAN.) );
#2027 = ( NAMED_UNIT(*) SI_UNIT($,.STERADIAN.) SOLID_ANGLE_UNIT() );
#2028 = UNCERTAINTY_MEASURE_WITH_UNIT(LENGTH_MEASURE(1.E-05),#2025,
  'distance_accuracy_value','confusion accuracy');
#2029 = CONTEXT_DEPENDENT_SHAPE_REPRESENTATION(#2030,#2032);
#2030 = ( REPRESENTATION_RELATIONSHIP('','',#423,#400) 
REPRESENTATION_RELATIONSHIP_WITH_TRANSFORMATION(#2031) 
SHAPE_REPRESENTATION_RELATIONSHIP() );
#2031 = ITEM_DEFINED_TRANSFORMATION('','',#11,#401);
#2032 = PRODUCT_DEFINITION_SHAPE('Placement','Placement of an item',
  #2033);
#2033 = NEXT_ASSEMBLY_USAGE_OCCURRENCE('3','Body006','',#395,#418,$);
#2034 = PRODUCT_RELATED_PRODUCT_CATEGORY('part',$,(#420));
#2035 = SHAPE_DEFINITION_REPRESENTATION(#2036,#2042);
#2036 = PRODUCT_DEFINITION_SHAPE('','',#2037);
#2037 = PRODUCT_DEFINITION('design','',#2038,#2041);
#2038 = PRODUCT_DEFINITION_FORMATION('','',#2039);
#2039 = PRODUCT('coulisseur002','coulisseur002','',(#2040));
#2040 = PRODUCT_CONTEXT('',#2,'mechanical');
#2041 = PRODUCT_DEFINITION_CONTEXT('part definition',#2,'design');
#2042 = SHAPE_REPRESENTATION('',(#11,#2043),#2047);
#2043 = AXIS2_PLACEMENT_3D('',#2044,#2045,#2046);
#2044 = CARTESIAN_POINT('',(0.,0.,0.));
#2045 = DIRECTION('',(0.,0.,1.));
#2046 = DIRECTION('',(1.,0.,0.));
#2047 = ( GEOMETRIC_REPRESENTATION_CONTEXT(3) 
GLOBAL_UNCERTAINTY_ASSIGNED_CONTEXT((#2051)) 
GLOBAL_UNIT_ASSIGNED_CONTEXT((#2048,#2049,#2050)) REPRESENTATION_CONTEXT
('Context #1','3D Context with UNIT and UNCERTAINTY') );
#2048 = ( LENGTH_UNIT() NAMED_UNIT(*) SI_UNIT(.MILLI.,.METRE.) );
#2049 = ( NAMED_UNIT(*) PLANE_ANGLE_UNIT() SI_UNIT($,.RADIAN.) );
#2050 = ( NAMED_UNIT(*) SI_UNIT($,.STERADIAN.) SOLID_ANGLE_UNIT() );
#2051 = UNCERTAINTY_MEASURE_WITH_UNIT(LENGTH_MEASURE(1.E-07),#2048,
  'distance_accuracy_value','confusion accuracy');
#2052 = CONTEXT_DEPENDENT_SHAPE_REPRESENTATION(#2053,#2055);
#2053 = ( REPRESENTATION_RELATIONSHIP('','',#2042,#10) 
REPRESENTATION_RELATIONSHIP_WITH_TRANSFORMATION(#2054) 
SHAPE_REPRESENTATION_RELATIONSHIP() );
#2054 = ITEM_DEFINED_TRANSFORMATION('','',#11,#23);
#2055 = PRODUCT_DEFINITION_SHAPE('Placement','Placement of an item',
  #2056);
#2056 = NEXT_ASSEMBLY_USAGE_OCCURRENCE('6','coulisseur002','',#5,#2037,$
  );
#2057 = PRODUCT_RELATED_PRODUCT_CATEGORY('part',$,(#2039));
#2058 = SHAPE_DEFINITION_REPRESENTATION(#2059,#2065);
#2059 = PRODUCT_DEFINITION_SHAPE('','',#2060);
#2060 = PRODUCT_DEFINITION('design','',#2061,#2064);
#2061 = PRODUCT_DEFINITION_FORMATION('','',#2062);
#2062 = PRODUCT('Body005','Body005','',(#2063));
#2063 = PRODUCT_CONTEXT('',#2,'mechanical');
#2064 = PRODUCT_DEFINITION_CONTEXT('part definition',#2,'design');
#2065 = ADVANCED_BREP_SHAPE_REPRESENTATION('',(#11,#2066),#2792);
#2066 = MANIFOLD_SOLID_BREP('',#2067);
#2067 = CLOSED_SHELL('',(#2068,#2108,#2139,#2259,#2283,#2396,#2413,#2479
    ,#2496,#2513,#2530,#2547,#2559,#2576,#2593,#2610,#2627,#2644,#2656,
    #2681,#2706,#2731,#2756,#2765,#2774,#2783));
#2068 = ADVANCED_FACE('',(#2069),#2103,.T.);
#2069 = FACE_BOUND('',#2070,.T.);
#2070 = EDGE_LOOP('',(#2071,#2081,#2089,#2097));
#2071 = ORIENTED_EDGE('',*,*,#2072,.F.);
#2072 = EDGE_CURVE('',#2073,#2075,#2077,.T.);
#2073 = VERTEX_POINT('',#2074);
#2074 = CARTESIAN_POINT('',(-15.,5.,5.));
#2075 = VERTEX_POINT('',#2076);
#2076 = CARTESIAN_POINT('',(15.,5.,5.));
#2077 = LINE('',#2078,#2079);
#2078 = CARTESIAN_POINT('',(-15.,5.,5.));
#2079 = VECTOR('',#2080,1.);
#2080 = DIRECTION('',(1.,0.,0.));
#2081 = ORIENTED_EDGE('',*,*,#2082,.T.);
#2082 = EDGE_CURVE('',#2073,#2083,#2085,.T.);
#2083 = VERTEX_POINT('',#2084);
#2084 = CARTESIAN_POINT('',(-15.,-5.,5.));
#2085 = LINE('',#2086,#2087);
#2086 = CARTESIAN_POINT('',(-15.,20.,5.));
#2087 = VECTOR('',#2088,1.);
#2088 = DIRECTION('',(0.,-1.,0.));
#2089 = ORIENTED_EDGE('',*,*,#2090,.F.);
#2090 = EDGE_CURVE('',#2091,#2083,#2093,.T.);
#2091 = VERTEX_POINT('',#2092);
#2092 = CARTESIAN_POINT('',(15.,-5.,5.));
#2093 = LINE('',#2094,#2095);
#2094 = CARTESIAN_POINT('',(15.,-5.,5.));
#2095 = VECTOR('',#2096,1.);
#2096 = DIRECTION('',(-1.,0.,0.));
#2097 = ORIENTED_EDGE('',*,*,#2098,.T.);
#2098 = EDGE_CURVE('',#2091,#2075,#2099,.T.);
#2099 = LINE('',#2100,#2101);
#2100 = CARTESIAN_POINT('',(15.,-20.,5.));
#2101 = VECTOR('',#2102,1.);
#2102 = DIRECTION('',(0.,1.,0.));
#2103 = PLANE('',#2104);
#2104 = AXIS2_PLACEMENT_3D('',#2105,#2106,#2107);
#2105 = CARTESIAN_POINT('',(0.,0.,5.));
#2106 = DIRECTION('',(0.,0.,1.));
#2107 = DIRECTION('',(1.,0.,0.));
#2108 = ADVANCED_FACE('',(#2109),#2134,.F.);
#2109 = FACE_BOUND('',#2110,.F.);
#2110 = EDGE_LOOP('',(#2111,#2119,#2127,#2133));
#2111 = ORIENTED_EDGE('',*,*,#2112,.T.);
#2112 = EDGE_CURVE('',#2073,#2113,#2115,.T.);
#2113 = VERTEX_POINT('',#2114);
#2114 = CARTESIAN_POINT('',(-15.,5.,10.8));
#2115 = LINE('',#2116,#2117);
#2116 = CARTESIAN_POINT('',(-15.,5.,5.));
#2117 = VECTOR('',#2118,1.);
#2118 = DIRECTION('',(0.,0.,1.));
#2119 = ORIENTED_EDGE('',*,*,#2120,.T.);
#2120 = EDGE_CURVE('',#2113,#2121,#2123,.T.);
#2121 = VERTEX_POINT('',#2122);
#2122 = CARTESIAN_POINT('',(15.,5.,10.8));
#2123 = LINE('',#2124,#2125);
#2124 = CARTESIAN_POINT('',(-15.,5.,10.8));
#2125 = VECTOR('',#2126,1.);
#2126 = DIRECTION('',(1.,0.,0.));
#2127 = ORIENTED_EDGE('',*,*,#2128,.F.);
#2128 = EDGE_CURVE('',#2075,#2121,#2129,.T.);
#2129 = LINE('',#2130,#2131);
#2130 = CARTESIAN_POINT('',(15.,5.,5.));
#2131 = VECTOR('',#2132,1.);
#2132 = DIRECTION('',(0.,0.,1.));
#2133 = ORIENTED_EDGE('',*,*,#2072,.F.);
#2134 = PLANE('',#2135);
#2135 = AXIS2_PLACEMENT_3D('',#2136,#2137,#2138);
#2136 = CARTESIAN_POINT('',(-15.,5.,5.));
#2137 = DIRECTION('',(0.,1.,0.));
#2138 = DIRECTION('',(1.,0.,0.));
#2139 = ADVANCED_FACE('',(#2140),#2254,.T.);
#2140 = FACE_BOUND('',#2141,.T.);
#2141 = EDGE_LOOP('',(#2142,#2152,#2160,#2168,#2176,#2184,#2192,#2198,
    #2199,#2200,#2208,#2216,#2224,#2232,#2240,#2248));
#2142 = ORIENTED_EDGE('',*,*,#2143,.T.);
#2143 = EDGE_CURVE('',#2144,#2146,#2148,.T.);
#2144 = VERTEX_POINT('',#2145);
#2145 = CARTESIAN_POINT('',(15.,-20.,0.));
#2146 = VERTEX_POINT('',#2147);
#2147 = CARTESIAN_POINT('',(15.,20.,0.));
#2148 = LINE('',#2149,#2150);
#2149 = CARTESIAN_POINT('',(15.,-20.,0.));
#2150 = VECTOR('',#2151,1.);
#2151 = DIRECTION('',(0.,1.,0.));
#2152 = ORIENTED_EDGE('',*,*,#2153,.T.);
#2153 = EDGE_CURVE('',#2146,#2154,#2156,.T.);
#2154 = VERTEX_POINT('',#2155);
#2155 = CARTESIAN_POINT('',(15.,20.,20.));
#2156 = LINE('',#2157,#2158);
#2157 = CARTESIAN_POINT('',(15.,20.,0.));
#2158 = VECTOR('',#2159,1.);
#2159 = DIRECTION('',(0.,0.,1.));
#2160 = ORIENTED_EDGE('',*,*,#2161,.T.);
#2161 = EDGE_CURVE('',#2154,#2162,#2164,.T.);
#2162 = VERTEX_POINT('',#2163);
#2163 = CARTESIAN_POINT('',(15.,10.,20.));
#2164 = LINE('',#2165,#2166);
#2165 = CARTESIAN_POINT('',(15.,15.,20.));
#2166 = VECTOR('',#2167,1.);
#2167 = DIRECTION('',(0.,-1.,2.22044604925E-16));
#2168 = ORIENTED_EDGE('',*,*,#2169,.F.);
#2169 = EDGE_CURVE('',#2170,#2162,#2172,.T.);
#2170 = VERTEX_POINT('',#2171);
#2171 = CARTESIAN_POINT('',(15.,10.,15.));
#2172 = LINE('',#2173,#2174);
#2173 = CARTESIAN_POINT('',(15.,10.,15.));
#2174 = VECTOR('',#2175,1.);
#2175 = DIRECTION('',(0.,2.22044604925E-16,1.));
#2176 = ORIENTED_EDGE('',*,*,#2177,.F.);
#2177 = EDGE_CURVE('',#2178,#2170,#2180,.T.);
#2178 = VERTEX_POINT('',#2179);
#2179 = CARTESIAN_POINT('',(15.,15.,15.));
#2180 = LINE('',#2181,#2182);
#2181 = CARTESIAN_POINT('',(15.,15.,15.));
#2182 = VECTOR('',#2183,1.);
#2183 = DIRECTION('',(0.,-1.,2.22044604925E-16));
#2184 = ORIENTED_EDGE('',*,*,#2185,.F.);
#2185 = EDGE_CURVE('',#2186,#2178,#2188,.T.);
#2186 = VERTEX_POINT('',#2187);
#2187 = CARTESIAN_POINT('',(15.,15.,10.8));
#2188 = LINE('',#2189,#2190);
#2189 = CARTESIAN_POINT('',(15.,15.,0.));
#2190 = VECTOR('',#2191,1.);
#2191 = DIRECTION('',(0.,0.,1.));
#2192 = ORIENTED_EDGE('',*,*,#2193,.F.);
#2193 = EDGE_CURVE('',#2121,#2186,#2194,.T.);
#2194 = LINE('',#2195,#2196);
#2195 = CARTESIAN_POINT('',(15.,5.,10.8));
#2196 = VECTOR('',#2197,1.);
#2197 = DIRECTION('',(0.,1.,0.));
#2198 = ORIENTED_EDGE('',*,*,#2128,.F.);
#2199 = ORIENTED_EDGE('',*,*,#2098,.F.);
#2200 = ORIENTED_EDGE('',*,*,#2201,.T.);
#2201 = EDGE_CURVE('',#2091,#2202,#2204,.T.);
#2202 = VERTEX_POINT('',#2203);
#2203 = CARTESIAN_POINT('',(15.,-5.,10.8));
#2204 = LINE('',#2205,#2206);
#2205 = CARTESIAN_POINT('',(15.,-5.,5.));
#2206 = VECTOR('',#2207,1.);
#2207 = DIRECTION('',(0.,0.,1.));
#2208 = ORIENTED_EDGE('',*,*,#2209,.F.);
#2209 = EDGE_CURVE('',#2210,#2202,#2212,.T.);
#2210 = VERTEX_POINT('',#2211);
#2211 = CARTESIAN_POINT('',(15.,-15.,10.8));
#2212 = LINE('',#2213,#2214);
#2213 = CARTESIAN_POINT('',(15.,-15.,10.8));
#2214 = VECTOR('',#2215,1.);
#2215 = DIRECTION('',(0.,1.,0.));
#2216 = ORIENTED_EDGE('',*,*,#2217,.T.);
#2217 = EDGE_CURVE('',#2210,#2218,#2220,.T.);
#2218 = VERTEX_POINT('',#2219);
#2219 = CARTESIAN_POINT('',(15.,-15.,15.));
#2220 = LINE('',#2221,#2222);
#2221 = CARTESIAN_POINT('',(15.,-15.,0.));
#2222 = VECTOR('',#2223,1.);
#2223 = DIRECTION('',(0.,0.,1.));
#2224 = ORIENTED_EDGE('',*,*,#2225,.T.);
#2225 = EDGE_CURVE('',#2218,#2226,#2228,.T.);
#2226 = VERTEX_POINT('',#2227);
#2227 = CARTESIAN_POINT('',(15.,-10.,15.));
#2228 = LINE('',#2229,#2230);
#2229 = CARTESIAN_POINT('',(15.,-15.,15.));
#2230 = VECTOR('',#2231,1.);
#2231 = DIRECTION('',(0.,1.,-2.22044604925E-16));
#2232 = ORIENTED_EDGE('',*,*,#2233,.F.);
#2233 = EDGE_CURVE('',#2234,#2226,#2236,.T.);
#2234 = VERTEX_POINT('',#2235);
#2235 = CARTESIAN_POINT('',(15.,-10.,20.));
#2236 = LINE('',#2237,#2238);
#2237 = CARTESIAN_POINT('',(15.,-10.,20.));
#2238 = VECTOR('',#2239,1.);
#2239 = DIRECTION('',(0.,-2.22044604925E-16,-1.));
#2240 = ORIENTED_EDGE('',*,*,#2241,.F.);
#2241 = EDGE_CURVE('',#2242,#2234,#2244,.T.);
#2242 = VERTEX_POINT('',#2243);
#2243 = CARTESIAN_POINT('',(15.,-20.,20.));
#2244 = LINE('',#2245,#2246);
#2245 = CARTESIAN_POINT('',(15.,-15.,20.));
#2246 = VECTOR('',#2247,1.);
#2247 = DIRECTION('',(0.,1.,-2.22044604925E-16));
#2248 = ORIENTED_EDGE('',*,*,#2249,.F.);
#2249 = EDGE_CURVE('',#2144,#2242,#2250,.T.);
#2250 = LINE('',#2251,#2252);
#2251 = CARTESIAN_POINT('',(15.,-20.,0.));
#2252 = VECTOR('',#2253,1.);
#2253 = DIRECTION('',(0.,0.,1.));
#2254 = PLANE('',#2255);
#2255 = AXIS2_PLACEMENT_3D('',#2256,#2257,#2258);
#2256 = CARTESIAN_POINT('',(15.,-1.003119156367E-15,9.358823529412));
#2257 = DIRECTION('',(1.,0.,0.));
#2258 = DIRECTION('',(0.,0.,1.));
#2259 = ADVANCED_FACE('',(#2260),#2278,.F.);
#2260 = FACE_BOUND('',#2261,.F.);
#2261 = EDGE_LOOP('',(#2262,#2263,#2271,#2277));
#2262 = ORIENTED_EDGE('',*,*,#2201,.T.);
#2263 = ORIENTED_EDGE('',*,*,#2264,.T.);
#2264 = EDGE_CURVE('',#2202,#2265,#2267,.T.);
#2265 = VERTEX_POINT('',#2266);
#2266 = CARTESIAN_POINT('',(-15.,-5.,10.8));
#2267 = LINE('',#2268,#2269);
#2268 = CARTESIAN_POINT('',(15.,-5.,10.8));
#2269 = VECTOR('',#2270,1.);
#2270 = DIRECTION('',(-1.,0.,0.));
#2271 = ORIENTED_EDGE('',*,*,#2272,.F.);
#2272 = EDGE_CURVE('',#2083,#2265,#2273,.T.);
#2273 = LINE('',#2274,#2275);
#2274 = CARTESIAN_POINT('',(-15.,-5.,5.));
#2275 = VECTOR('',#2276,1.);
#2276 = DIRECTION('',(0.,0.,1.));
#2277 = ORIENTED_EDGE('',*,*,#2090,.F.);
#2278 = PLANE('',#2279);
#2279 = AXIS2_PLACEMENT_3D('',#2280,#2281,#2282);
#2280 = CARTESIAN_POINT('',(15.,-5.,5.));
#2281 = DIRECTION('',(0.,-1.,0.));
#2282 = DIRECTION('',(-1.,0.,0.));
#2283 = ADVANCED_FACE('',(#2284),#2391,.T.);
#2284 = FACE_BOUND('',#2285,.T.);
#2285 = EDGE_LOOP('',(#2286,#2296,#2304,#2312,#2320,#2328,#2334,#2335,
    #2336,#2337,#2345,#2353,#2361,#2369,#2377,#2385));
#2286 = ORIENTED_EDGE('',*,*,#2287,.T.);
#2287 = EDGE_CURVE('',#2288,#2290,#2292,.T.);
#2288 = VERTEX_POINT('',#2289);
#2289 = CARTESIAN_POINT('',(-15.,-20.,0.));
#2290 = VERTEX_POINT('',#2291);
#2291 = CARTESIAN_POINT('',(-15.,-20.,20.));
#2292 = LINE('',#2293,#2294);
#2293 = CARTESIAN_POINT('',(-15.,-20.,0.));
#2294 = VECTOR('',#2295,1.);
#2295 = DIRECTION('',(0.,0.,1.));
#2296 = ORIENTED_EDGE('',*,*,#2297,.F.);
#2297 = EDGE_CURVE('',#2298,#2290,#2300,.T.);
#2298 = VERTEX_POINT('',#2299);
#2299 = CARTESIAN_POINT('',(-15.,-10.,20.));
#2300 = LINE('',#2301,#2302);
#2301 = CARTESIAN_POINT('',(-15.,-15.,20.));
#2302 = VECTOR('',#2303,1.);
#2303 = DIRECTION('',(0.,-1.,0.));
#2304 = ORIENTED_EDGE('',*,*,#2305,.F.);
#2305 = EDGE_CURVE('',#2306,#2298,#2308,.T.);
#2306 = VERTEX_POINT('',#2307);
#2307 = CARTESIAN_POINT('',(-15.,-10.,15.));
#2308 = LINE('',#2309,#2310);
#2309 = CARTESIAN_POINT('',(-15.,-10.,15.));
#2310 = VECTOR('',#2311,1.);
#2311 = DIRECTION('',(0.,2.22044604925E-16,1.));
#2312 = ORIENTED_EDGE('',*,*,#2313,.F.);
#2313 = EDGE_CURVE('',#2314,#2306,#2316,.T.);
#2314 = VERTEX_POINT('',#2315);
#2315 = CARTESIAN_POINT('',(-15.,-15.,15.));
#2316 = LINE('',#2317,#2318);
#2317 = CARTESIAN_POINT('',(-15.,-15.,15.));
#2318 = VECTOR('',#2319,1.);
#2319 = DIRECTION('',(0.,1.,-2.22044604925E-16));
#2320 = ORIENTED_EDGE('',*,*,#2321,.F.);
#2321 = EDGE_CURVE('',#2322,#2314,#2324,.T.);
#2322 = VERTEX_POINT('',#2323);
#2323 = CARTESIAN_POINT('',(-15.,-15.,10.8));
#2324 = LINE('',#2325,#2326);
#2325 = CARTESIAN_POINT('',(-15.,-15.,0.));
#2326 = VECTOR('',#2327,1.);
#2327 = DIRECTION('',(0.,0.,1.));
#2328 = ORIENTED_EDGE('',*,*,#2329,.F.);
#2329 = EDGE_CURVE('',#2265,#2322,#2330,.T.);
#2330 = LINE('',#2331,#2332);
#2331 = CARTESIAN_POINT('',(-15.,-5.,10.8));
#2332 = VECTOR('',#2333,1.);
#2333 = DIRECTION('',(0.,-1.,0.));
#2334 = ORIENTED_EDGE('',*,*,#2272,.F.);
#2335 = ORIENTED_EDGE('',*,*,#2082,.F.);
#2336 = ORIENTED_EDGE('',*,*,#2112,.T.);
#2337 = ORIENTED_EDGE('',*,*,#2338,.F.);
#2338 = EDGE_CURVE('',#2339,#2113,#2341,.T.);
#2339 = VERTEX_POINT('',#2340);
#2340 = CARTESIAN_POINT('',(-15.,15.,10.8));
#2341 = LINE('',#2342,#2343);
#2342 = CARTESIAN_POINT('',(-15.,15.,10.8));
#2343 = VECTOR('',#2344,1.);
#2344 = DIRECTION('',(0.,-1.,0.));
#2345 = ORIENTED_EDGE('',*,*,#2346,.T.);
#2346 = EDGE_CURVE('',#2339,#2347,#2349,.T.);
#2347 = VERTEX_POINT('',#2348);
#2348 = CARTESIAN_POINT('',(-15.,15.,15.));
#2349 = LINE('',#2350,#2351);
#2350 = CARTESIAN_POINT('',(-15.,15.,0.));
#2351 = VECTOR('',#2352,1.);
#2352 = DIRECTION('',(0.,0.,1.));
#2353 = ORIENTED_EDGE('',*,*,#2354,.T.);
#2354 = EDGE_CURVE('',#2347,#2355,#2357,.T.);
#2355 = VERTEX_POINT('',#2356);
#2356 = CARTESIAN_POINT('',(-15.,10.,15.));
#2357 = LINE('',#2358,#2359);
#2358 = CARTESIAN_POINT('',(-15.,15.,15.));
#2359 = VECTOR('',#2360,1.);
#2360 = DIRECTION('',(0.,-1.,2.22044604925E-16));
#2361 = ORIENTED_EDGE('',*,*,#2362,.F.);
#2362 = EDGE_CURVE('',#2363,#2355,#2365,.T.);
#2363 = VERTEX_POINT('',#2364);
#2364 = CARTESIAN_POINT('',(-15.,10.,20.));
#2365 = LINE('',#2366,#2367);
#2366 = CARTESIAN_POINT('',(-15.,10.,20.));
#2367 = VECTOR('',#2368,1.);
#2368 = DIRECTION('',(0.,-2.22044604925E-16,-1.));
#2369 = ORIENTED_EDGE('',*,*,#2370,.F.);
#2370 = EDGE_CURVE('',#2371,#2363,#2373,.T.);
#2371 = VERTEX_POINT('',#2372);
#2372 = CARTESIAN_POINT('',(-15.,20.,20.));
#2373 = LINE('',#2374,#2375);
#2374 = CARTESIAN_POINT('',(-15.,20.,20.));
#2375 = VECTOR('',#2376,1.);
#2376 = DIRECTION('',(0.,-1.,0.));
#2377 = ORIENTED_EDGE('',*,*,#2378,.F.);
#2378 = EDGE_CURVE('',#2379,#2371,#2381,.T.);
#2379 = VERTEX_POINT('',#2380);
#2380 = CARTESIAN_POINT('',(-15.,20.,0.));
#2381 = LINE('',#2382,#2383);
#2382 = CARTESIAN_POINT('',(-15.,20.,0.));
#2383 = VECTOR('',#2384,1.);
#2384 = DIRECTION('',(0.,0.,1.));
#2385 = ORIENTED_EDGE('',*,*,#2386,.T.);
#2386 = EDGE_CURVE('',#2379,#2288,#2387,.T.);
#2387 = LINE('',#2388,#2389);
#2388 = CARTESIAN_POINT('',(-15.,20.,0.));
#2389 = VECTOR('',#2390,1.);
#2390 = DIRECTION('',(0.,-1.,0.));
#2391 = PLANE('',#2392);
#2392 = AXIS2_PLACEMENT_3D('',#2393,#2394,#2395);
#2393 = CARTESIAN_POINT('',(-15.,-1.003119156367E-15,9.358823529412));
#2394 = DIRECTION('',(-1.,-0.,-0.));
#2395 = DIRECTION('',(0.,0.,-1.));
#2396 = ADVANCED_FACE('',(#2397),#2408,.T.);
#2397 = FACE_BOUND('',#2398,.T.);
#2398 = EDGE_LOOP('',(#2399,#2405,#2406,#2407));
#2399 = ORIENTED_EDGE('',*,*,#2400,.T.);
#2400 = EDGE_CURVE('',#2186,#2339,#2401,.T.);
#2401 = LINE('',#2402,#2403);
#2402 = CARTESIAN_POINT('',(15.,15.,10.8));
#2403 = VECTOR('',#2404,1.);
#2404 = DIRECTION('',(-1.,0.,0.));
#2405 = ORIENTED_EDGE('',*,*,#2338,.T.);
#2406 = ORIENTED_EDGE('',*,*,#2120,.T.);
#2407 = ORIENTED_EDGE('',*,*,#2193,.T.);
#2408 = PLANE('',#2409);
#2409 = AXIS2_PLACEMENT_3D('',#2410,#2411,#2412);
#2410 = CARTESIAN_POINT('',(0.,1.054711873394E-15,10.8));
#2411 = DIRECTION('',(0.,0.,1.));
#2412 = DIRECTION('',(1.,0.,0.));
#2413 = ADVANCED_FACE('',(#2414,#2430,#2441,#2452,#2463),#2474,.T.);
#2414 = FACE_BOUND('',#2415,.T.);
#2415 = EDGE_LOOP('',(#2416,#2417,#2423,#2424));
#2416 = ORIENTED_EDGE('',*,*,#2386,.F.);
#2417 = ORIENTED_EDGE('',*,*,#2418,.F.);
#2418 = EDGE_CURVE('',#2146,#2379,#2419,.T.);
#2419 = LINE('',#2420,#2421);
#2420 = CARTESIAN_POINT('',(15.,20.,0.));
#2421 = VECTOR('',#2422,1.);
#2422 = DIRECTION('',(-1.,0.,0.));
#2423 = ORIENTED_EDGE('',*,*,#2143,.F.);
#2424 = ORIENTED_EDGE('',*,*,#2425,.F.);
#2425 = EDGE_CURVE('',#2288,#2144,#2426,.T.);
#2426 = LINE('',#2427,#2428);
#2427 = CARTESIAN_POINT('',(-15.,-20.,0.));
#2428 = VECTOR('',#2429,1.);
#2429 = DIRECTION('',(1.,0.,0.));
#2430 = FACE_BOUND('',#2431,.T.);
#2431 = EDGE_LOOP('',(#2432));
#2432 = ORIENTED_EDGE('',*,*,#2433,.F.);
#2433 = EDGE_CURVE('',#2434,#2434,#2436,.T.);
#2434 = VERTEX_POINT('',#2435);
#2435 = CARTESIAN_POINT('',(10.,-11.,0.));
#2436 = CIRCLE('',#2437,2.);
#2437 = AXIS2_PLACEMENT_3D('',#2438,#2439,#2440);
#2438 = CARTESIAN_POINT('',(8.,-11.,0.));
#2439 = DIRECTION('',(0.,0.,-1.));
#2440 = DIRECTION('',(1.,0.,0.));
#2441 = FACE_BOUND('',#2442,.T.);
#2442 = EDGE_LOOP('',(#2443));
#2443 = ORIENTED_EDGE('',*,*,#2444,.F.);
#2444 = EDGE_CURVE('',#2445,#2445,#2447,.T.);
#2445 = VERTEX_POINT('',#2446);
#2446 = CARTESIAN_POINT('',(-6.,-11.,0.));
#2447 = CIRCLE('',#2448,2.);
#2448 = AXIS2_PLACEMENT_3D('',#2449,#2450,#2451);
#2449 = CARTESIAN_POINT('',(-8.,-11.,0.));
#2450 = DIRECTION('',(0.,0.,-1.));
#2451 = DIRECTION('',(1.,0.,0.));
#2452 = FACE_BOUND('',#2453,.T.);
#2453 = EDGE_LOOP('',(#2454));
#2454 = ORIENTED_EDGE('',*,*,#2455,.F.);
#2455 = EDGE_CURVE('',#2456,#2456,#2458,.T.);
#2456 = VERTEX_POINT('',#2457);
#2457 = CARTESIAN_POINT('',(10.,11.,0.));
#2458 = CIRCLE('',#2459,2.);
#2459 = AXIS2_PLACEMENT_3D('',#2460,#2461,#2462);
#2460 = CARTESIAN_POINT('',(8.,11.,0.));
#2461 = DIRECTION('',(0.,0.,-1.));
#2462 = DIRECTION('',(1.,0.,0.));
#2463 = FACE_BOUND('',#2464,.T.);
#2464 = EDGE_LOOP('',(#2465));
#2465 = ORIENTED_EDGE('',*,*,#2466,.F.);
#2466 = EDGE_CURVE('',#2467,#2467,#2469,.T.);
#2467 = VERTEX_POINT('',#2468);
#2468 = CARTESIAN_POINT('',(-6.,11.,0.));
#2469 = CIRCLE('',#2470,2.);
#2470 = AXIS2_PLACEMENT_3D('',#2471,#2472,#2473);
#2471 = CARTESIAN_POINT('',(-8.,11.,0.));
#2472 = DIRECTION('',(0.,0.,-1.));
#2473 = DIRECTION('',(1.,0.,0.));
#2474 = PLANE('',#2475);
#2475 = AXIS2_PLACEMENT_3D('',#2476,#2477,#2478);
#2476 = CARTESIAN_POINT('',(2.030122102172E-16,0.,0.));
#2477 = DIRECTION('',(-0.,-0.,-1.));
#2478 = DIRECTION('',(-1.,0.,0.));
#2479 = ADVANCED_FACE('',(#2480),#2491,.T.);
#2480 = FACE_BOUND('',#2481,.T.);
#2481 = EDGE_LOOP('',(#2482,#2483,#2484,#2485));
#2482 = ORIENTED_EDGE('',*,*,#2153,.F.);
#2483 = ORIENTED_EDGE('',*,*,#2418,.T.);
#2484 = ORIENTED_EDGE('',*,*,#2378,.T.);
#2485 = ORIENTED_EDGE('',*,*,#2486,.F.);
#2486 = EDGE_CURVE('',#2154,#2371,#2487,.T.);
#2487 = LINE('',#2488,#2489);
#2488 = CARTESIAN_POINT('',(15.,20.,20.));
#2489 = VECTOR('',#2490,1.);
#2490 = DIRECTION('',(-1.,0.,0.));
#2491 = PLANE('',#2492);
#2492 = AXIS2_PLACEMENT_3D('',#2493,#2494,#2495);
#2493 = CARTESIAN_POINT('',(0.,20.,10.));
#2494 = DIRECTION('',(0.,1.,0.));
#2495 = DIRECTION('',(0.,0.,1.));
#2496 = ADVANCED_FACE('',(#2497),#2508,.T.);
#2497 = FACE_BOUND('',#2498,.T.);
#2498 = EDGE_LOOP('',(#2499,#2500,#2506,#2507));
#2499 = ORIENTED_EDGE('',*,*,#2370,.T.);
#2500 = ORIENTED_EDGE('',*,*,#2501,.F.);
#2501 = EDGE_CURVE('',#2162,#2363,#2502,.T.);
#2502 = LINE('',#2503,#2504);
#2503 = CARTESIAN_POINT('',(15.,10.,20.));
#2504 = VECTOR('',#2505,1.);
#2505 = DIRECTION('',(-1.,0.,0.));
#2506 = ORIENTED_EDGE('',*,*,#2161,.F.);
#2507 = ORIENTED_EDGE('',*,*,#2486,.T.);
#2508 = PLANE('',#2509);
#2509 = AXIS2_PLACEMENT_3D('',#2510,#2511,#2512);
#2510 = CARTESIAN_POINT('',(0.,15.,20.));
#2511 = DIRECTION('',(0.,0.,1.));
#2512 = DIRECTION('',(1.,0.,0.));
#2513 = ADVANCED_FACE('',(#2514),#2525,.F.);
#2514 = FACE_BOUND('',#2515,.T.);
#2515 = EDGE_LOOP('',(#2516,#2517,#2523,#2524));
#2516 = ORIENTED_EDGE('',*,*,#2362,.T.);
#2517 = ORIENTED_EDGE('',*,*,#2518,.T.);
#2518 = EDGE_CURVE('',#2355,#2170,#2519,.T.);
#2519 = LINE('',#2520,#2521);
#2520 = CARTESIAN_POINT('',(-15.,10.,15.));
#2521 = VECTOR('',#2522,1.);
#2522 = DIRECTION('',(1.,0.,0.));
#2523 = ORIENTED_EDGE('',*,*,#2169,.T.);
#2524 = ORIENTED_EDGE('',*,*,#2501,.T.);
#2525 = PLANE('',#2526);
#2526 = AXIS2_PLACEMENT_3D('',#2527,#2528,#2529);
#2527 = CARTESIAN_POINT('',(0.,10.,17.5));
#2528 = DIRECTION('',(0.,1.,0.));
#2529 = DIRECTION('',(0.,0.,1.));
#2530 = ADVANCED_FACE('',(#2531),#2542,.F.);
#2531 = FACE_BOUND('',#2532,.F.);
#2532 = EDGE_LOOP('',(#2533,#2534,#2535,#2536));
#2533 = ORIENTED_EDGE('',*,*,#2354,.T.);
#2534 = ORIENTED_EDGE('',*,*,#2518,.T.);
#2535 = ORIENTED_EDGE('',*,*,#2177,.F.);
#2536 = ORIENTED_EDGE('',*,*,#2537,.F.);
#2537 = EDGE_CURVE('',#2347,#2178,#2538,.T.);
#2538 = LINE('',#2539,#2540);
#2539 = CARTESIAN_POINT('',(-15.,15.,15.));
#2540 = VECTOR('',#2541,1.);
#2541 = DIRECTION('',(1.,0.,0.));
#2542 = PLANE('',#2543);
#2543 = AXIS2_PLACEMENT_3D('',#2544,#2545,#2546);
#2544 = CARTESIAN_POINT('',(-15.,15.,15.));
#2545 = DIRECTION('',(0.,2.22044604925E-16,1.));
#2546 = DIRECTION('',(1.,0.,0.));
#2547 = ADVANCED_FACE('',(#2548),#2554,.F.);
#2548 = FACE_BOUND('',#2549,.F.);
#2549 = EDGE_LOOP('',(#2550,#2551,#2552,#2553));
#2550 = ORIENTED_EDGE('',*,*,#2185,.F.);
#2551 = ORIENTED_EDGE('',*,*,#2400,.T.);
#2552 = ORIENTED_EDGE('',*,*,#2346,.T.);
#2553 = ORIENTED_EDGE('',*,*,#2537,.T.);
#2554 = PLANE('',#2555);
#2555 = AXIS2_PLACEMENT_3D('',#2556,#2557,#2558);
#2556 = CARTESIAN_POINT('',(-15.,15.,0.));
#2557 = DIRECTION('',(0.,1.,0.));
#2558 = DIRECTION('',(1.,0.,0.));
#2559 = ADVANCED_FACE('',(#2560),#2571,.T.);
#2560 = FACE_BOUND('',#2561,.T.);
#2561 = EDGE_LOOP('',(#2562,#2563,#2564,#2565));
#2562 = ORIENTED_EDGE('',*,*,#2209,.T.);
#2563 = ORIENTED_EDGE('',*,*,#2264,.T.);
#2564 = ORIENTED_EDGE('',*,*,#2329,.T.);
#2565 = ORIENTED_EDGE('',*,*,#2566,.T.);
#2566 = EDGE_CURVE('',#2322,#2210,#2567,.T.);
#2567 = LINE('',#2568,#2569);
#2568 = CARTESIAN_POINT('',(-15.,-15.,10.8));
#2569 = VECTOR('',#2570,1.);
#2570 = DIRECTION('',(1.,0.,0.));
#2571 = PLANE('',#2572);
#2572 = AXIS2_PLACEMENT_3D('',#2573,#2574,#2575);
#2573 = CARTESIAN_POINT('',(0.,1.054711873394E-15,10.8));
#2574 = DIRECTION('',(0.,0.,1.));
#2575 = DIRECTION('',(1.,0.,0.));
#2576 = ADVANCED_FACE('',(#2577),#2588,.F.);
#2577 = FACE_BOUND('',#2578,.F.);
#2578 = EDGE_LOOP('',(#2579,#2580,#2581,#2582));
#2579 = ORIENTED_EDGE('',*,*,#2321,.F.);
#2580 = ORIENTED_EDGE('',*,*,#2566,.T.);
#2581 = ORIENTED_EDGE('',*,*,#2217,.T.);
#2582 = ORIENTED_EDGE('',*,*,#2583,.T.);
#2583 = EDGE_CURVE('',#2218,#2314,#2584,.T.);
#2584 = LINE('',#2585,#2586);
#2585 = CARTESIAN_POINT('',(15.,-15.,15.));
#2586 = VECTOR('',#2587,1.);
#2587 = DIRECTION('',(-1.,0.,0.));
#2588 = PLANE('',#2589);
#2589 = AXIS2_PLACEMENT_3D('',#2590,#2591,#2592);
#2590 = CARTESIAN_POINT('',(15.,-15.,0.));
#2591 = DIRECTION('',(0.,-1.,0.));
#2592 = DIRECTION('',(-1.,0.,0.));
#2593 = ADVANCED_FACE('',(#2594),#2605,.F.);
#2594 = FACE_BOUND('',#2595,.F.);
#2595 = EDGE_LOOP('',(#2596,#2597,#2603,#2604));
#2596 = ORIENTED_EDGE('',*,*,#2225,.T.);
#2597 = ORIENTED_EDGE('',*,*,#2598,.T.);
#2598 = EDGE_CURVE('',#2226,#2306,#2599,.T.);
#2599 = LINE('',#2600,#2601);
#2600 = CARTESIAN_POINT('',(15.,-10.,15.));
#2601 = VECTOR('',#2602,1.);
#2602 = DIRECTION('',(-1.,0.,0.));
#2603 = ORIENTED_EDGE('',*,*,#2313,.F.);
#2604 = ORIENTED_EDGE('',*,*,#2583,.F.);
#2605 = PLANE('',#2606);
#2606 = AXIS2_PLACEMENT_3D('',#2607,#2608,#2609);
#2607 = CARTESIAN_POINT('',(15.,-15.,15.));
#2608 = DIRECTION('',(0.,2.22044604925E-16,1.));
#2609 = DIRECTION('',(-1.,0.,0.));
#2610 = ADVANCED_FACE('',(#2611),#2622,.T.);
#2611 = FACE_BOUND('',#2612,.T.);
#2612 = EDGE_LOOP('',(#2613,#2614,#2615,#2616));
#2613 = ORIENTED_EDGE('',*,*,#2233,.T.);
#2614 = ORIENTED_EDGE('',*,*,#2598,.T.);
#2615 = ORIENTED_EDGE('',*,*,#2305,.T.);
#2616 = ORIENTED_EDGE('',*,*,#2617,.T.);
#2617 = EDGE_CURVE('',#2298,#2234,#2618,.T.);
#2618 = LINE('',#2619,#2620);
#2619 = CARTESIAN_POINT('',(-15.,-10.,20.));
#2620 = VECTOR('',#2621,1.);
#2621 = DIRECTION('',(1.,0.,0.));
#2622 = PLANE('',#2623);
#2623 = AXIS2_PLACEMENT_3D('',#2624,#2625,#2626);
#2624 = CARTESIAN_POINT('',(0.,-10.,17.5));
#2625 = DIRECTION('',(0.,1.,-3.552713678801E-16));
#2626 = DIRECTION('',(0.,3.552713678801E-16,1.));
#2627 = ADVANCED_FACE('',(#2628),#2639,.T.);
#2628 = FACE_BOUND('',#2629,.T.);
#2629 = EDGE_LOOP('',(#2630,#2636,#2637,#2638));
#2630 = ORIENTED_EDGE('',*,*,#2631,.T.);
#2631 = EDGE_CURVE('',#2290,#2242,#2632,.T.);
#2632 = LINE('',#2633,#2634);
#2633 = CARTESIAN_POINT('',(-15.,-20.,20.));
#2634 = VECTOR('',#2635,1.);
#2635 = DIRECTION('',(1.,0.,0.));
#2636 = ORIENTED_EDGE('',*,*,#2241,.T.);
#2637 = ORIENTED_EDGE('',*,*,#2617,.F.);
#2638 = ORIENTED_EDGE('',*,*,#2297,.T.);
#2639 = PLANE('',#2640);
#2640 = AXIS2_PLACEMENT_3D('',#2641,#2642,#2643);
#2641 = CARTESIAN_POINT('',(1.110223024625E-17,-15.,20.));
#2642 = DIRECTION('',(0.,0.,1.));
#2643 = DIRECTION('',(1.,0.,0.));
#2644 = ADVANCED_FACE('',(#2645),#2651,.T.);
#2645 = FACE_BOUND('',#2646,.T.);
#2646 = EDGE_LOOP('',(#2647,#2648,#2649,#2650));
#2647 = ORIENTED_EDGE('',*,*,#2425,.T.);
#2648 = ORIENTED_EDGE('',*,*,#2249,.T.);
#2649 = ORIENTED_EDGE('',*,*,#2631,.F.);
#2650 = ORIENTED_EDGE('',*,*,#2287,.F.);
#2651 = PLANE('',#2652);
#2652 = AXIS2_PLACEMENT_3D('',#2653,#2654,#2655);
#2653 = CARTESIAN_POINT('',(0.,-20.,10.));
#2654 = DIRECTION('',(-0.,-1.,-0.));
#2655 = DIRECTION('',(0.,0.,-1.));
#2656 = ADVANCED_FACE('',(#2657),#2676,.F.);
#2657 = FACE_BOUND('',#2658,.F.);
#2658 = EDGE_LOOP('',(#2659,#2667,#2674,#2675));
#2659 = ORIENTED_EDGE('',*,*,#2660,.T.);
#2660 = EDGE_CURVE('',#2434,#2661,#2663,.T.);
#2661 = VERTEX_POINT('',#2662);
#2662 = CARTESIAN_POINT('',(10.,-11.,5.));
#2663 = LINE('',#2664,#2665);
#2664 = CARTESIAN_POINT('',(10.,-11.,0.));
#2665 = VECTOR('',#2666,1.);
#2666 = DIRECTION('',(0.,0.,1.));
#2667 = ORIENTED_EDGE('',*,*,#2668,.T.);
#2668 = EDGE_CURVE('',#2661,#2661,#2669,.T.);
#2669 = CIRCLE('',#2670,2.);
#2670 = AXIS2_PLACEMENT_3D('',#2671,#2672,#2673);
#2671 = CARTESIAN_POINT('',(8.,-11.,5.));
#2672 = DIRECTION('',(0.,0.,-1.));
#2673 = DIRECTION('',(1.,0.,0.));
#2674 = ORIENTED_EDGE('',*,*,#2660,.F.);
#2675 = ORIENTED_EDGE('',*,*,#2433,.F.);
#2676 = CYLINDRICAL_SURFACE('',#2677,2.);
#2677 = AXIS2_PLACEMENT_3D('',#2678,#2679,#2680);
#2678 = CARTESIAN_POINT('',(8.,-11.,0.));
#2679 = DIRECTION('',(0.,0.,-1.));
#2680 = DIRECTION('',(1.,0.,0.));
#2681 = ADVANCED_FACE('',(#2682),#2701,.F.);
#2682 = FACE_BOUND('',#2683,.F.);
#2683 = EDGE_LOOP('',(#2684,#2692,#2699,#2700));
#2684 = ORIENTED_EDGE('',*,*,#2685,.T.);
#2685 = EDGE_CURVE('',#2445,#2686,#2688,.T.);
#2686 = VERTEX_POINT('',#2687);
#2687 = CARTESIAN_POINT('',(-6.,-11.,5.));
#2688 = LINE('',#2689,#2690);
#2689 = CARTESIAN_POINT('',(-6.,-11.,0.));
#2690 = VECTOR('',#2691,1.);
#2691 = DIRECTION('',(0.,0.,1.));
#2692 = ORIENTED_EDGE('',*,*,#2693,.T.);
#2693 = EDGE_CURVE('',#2686,#2686,#2694,.T.);
#2694 = CIRCLE('',#2695,2.);
#2695 = AXIS2_PLACEMENT_3D('',#2696,#2697,#2698);
#2696 = CARTESIAN_POINT('',(-8.,-11.,5.));
#2697 = DIRECTION('',(0.,0.,-1.));
#2698 = DIRECTION('',(1.,0.,0.));
#2699 = ORIENTED_EDGE('',*,*,#2685,.F.);
#2700 = ORIENTED_EDGE('',*,*,#2444,.F.);
#2701 = CYLINDRICAL_SURFACE('',#2702,2.);
#2702 = AXIS2_PLACEMENT_3D('',#2703,#2704,#2705);
#2703 = CARTESIAN_POINT('',(-8.,-11.,0.));
#2704 = DIRECTION('',(0.,0.,-1.));
#2705 = DIRECTION('',(1.,0.,0.));
#2706 = ADVANCED_FACE('',(#2707),#2726,.F.);
#2707 = FACE_BOUND('',#2708,.F.);
#2708 = EDGE_LOOP('',(#2709,#2717,#2724,#2725));
#2709 = ORIENTED_EDGE('',*,*,#2710,.T.);
#2710 = EDGE_CURVE('',#2456,#2711,#2713,.T.);
#2711 = VERTEX_POINT('',#2712);
#2712 = CARTESIAN_POINT('',(10.,11.,5.));
#2713 = LINE('',#2714,#2715);
#2714 = CARTESIAN_POINT('',(10.,11.,0.));
#2715 = VECTOR('',#2716,1.);
#2716 = DIRECTION('',(0.,0.,1.));
#2717 = ORIENTED_EDGE('',*,*,#2718,.T.);
#2718 = EDGE_CURVE('',#2711,#2711,#2719,.T.);
#2719 = CIRCLE('',#2720,2.);
#2720 = AXIS2_PLACEMENT_3D('',#2721,#2722,#2723);
#2721 = CARTESIAN_POINT('',(8.,11.,5.));
#2722 = DIRECTION('',(0.,0.,-1.));
#2723 = DIRECTION('',(1.,0.,0.));
#2724 = ORIENTED_EDGE('',*,*,#2710,.F.);
#2725 = ORIENTED_EDGE('',*,*,#2455,.F.);
#2726 = CYLINDRICAL_SURFACE('',#2727,2.);
#2727 = AXIS2_PLACEMENT_3D('',#2728,#2729,#2730);
#2728 = CARTESIAN_POINT('',(8.,11.,0.));
#2729 = DIRECTION('',(0.,0.,-1.));
#2730 = DIRECTION('',(1.,0.,0.));
#2731 = ADVANCED_FACE('',(#2732),#2751,.F.);
#2732 = FACE_BOUND('',#2733,.F.);
#2733 = EDGE_LOOP('',(#2734,#2742,#2749,#2750));
#2734 = ORIENTED_EDGE('',*,*,#2735,.T.);
#2735 = EDGE_CURVE('',#2467,#2736,#2738,.T.);
#2736 = VERTEX_POINT('',#2737);
#2737 = CARTESIAN_POINT('',(-6.,11.,5.));
#2738 = LINE('',#2739,#2740);
#2739 = CARTESIAN_POINT('',(-6.,11.,0.));
#2740 = VECTOR('',#2741,1.);
#2741 = DIRECTION('',(0.,0.,1.));
#2742 = ORIENTED_EDGE('',*,*,#2743,.T.);
#2743 = EDGE_CURVE('',#2736,#2736,#2744,.T.);
#2744 = CIRCLE('',#2745,2.);
#2745 = AXIS2_PLACEMENT_3D('',#2746,#2747,#2748);
#2746 = CARTESIAN_POINT('',(-8.,11.,5.));
#2747 = DIRECTION('',(0.,0.,-1.));
#2748 = DIRECTION('',(1.,0.,0.));
#2749 = ORIENTED_EDGE('',*,*,#2735,.F.);
#2750 = ORIENTED_EDGE('',*,*,#2466,.F.);
#2751 = CYLINDRICAL_SURFACE('',#2752,2.);
#2752 = AXIS2_PLACEMENT_3D('',#2753,#2754,#2755);
#2753 = CARTESIAN_POINT('',(-8.,11.,0.));
#2754 = DIRECTION('',(0.,0.,-1.));
#2755 = DIRECTION('',(1.,0.,0.));
#2756 = ADVANCED_FACE('',(#2757),#2760,.F.);
#2757 = FACE_BOUND('',#2758,.T.);
#2758 = EDGE_LOOP('',(#2759));
#2759 = ORIENTED_EDGE('',*,*,#2668,.T.);
#2760 = PLANE('',#2761);
#2761 = AXIS2_PLACEMENT_3D('',#2762,#2763,#2764);
#2762 = CARTESIAN_POINT('',(6.409875621279E-16,-2.136625207093E-17,5.));
#2763 = DIRECTION('',(0.,0.,1.));
#2764 = DIRECTION('',(1.,0.,0.));
#2765 = ADVANCED_FACE('',(#2766),#2769,.F.);
#2766 = FACE_BOUND('',#2767,.T.);
#2767 = EDGE_LOOP('',(#2768));
#2768 = ORIENTED_EDGE('',*,*,#2693,.T.);
#2769 = PLANE('',#2770);
#2770 = AXIS2_PLACEMENT_3D('',#2771,#2772,#2773);
#2771 = CARTESIAN_POINT('',(6.409875621279E-16,-2.136625207093E-17,5.));
#2772 = DIRECTION('',(0.,0.,1.));
#2773 = DIRECTION('',(1.,0.,0.));
#2774 = ADVANCED_FACE('',(#2775),#2778,.F.);
#2775 = FACE_BOUND('',#2776,.T.);
#2776 = EDGE_LOOP('',(#2777));
#2777 = ORIENTED_EDGE('',*,*,#2718,.T.);
#2778 = PLANE('',#2779);
#2779 = AXIS2_PLACEMENT_3D('',#2780,#2781,#2782);
#2780 = CARTESIAN_POINT('',(6.409875621279E-16,-2.136625207093E-17,5.));
#2781 = DIRECTION('',(0.,0.,1.));
#2782 = DIRECTION('',(1.,0.,0.));
#2783 = ADVANCED_FACE('',(#2784),#2787,.F.);
#2784 = FACE_BOUND('',#2785,.T.);
#2785 = EDGE_LOOP('',(#2786));
#2786 = ORIENTED_EDGE('',*,*,#2743,.T.);
#2787 = PLANE('',#2788);
#2788 = AXIS2_PLACEMENT_3D('',#2789,#2790,#2791);
#2789 = CARTESIAN_POINT('',(6.409875621279E-16,-2.136625207093E-17,5.));
#2790 = DIRECTION('',(0.,0.,1.));
#2791 = DIRECTION('',(1.,0.,0.));
#2792 = ( GEOMETRIC_REPRESENTATION_CONTEXT(3) 
GLOBAL_UNCERTAINTY_ASSIGNED_CONTEXT((#2796)) 
GLOBAL_UNIT_ASSIGNED_CONTEXT((#2793,#2794,#2795)) REPRESENTATION_CONTEXT
('Context #1','3D Context with UNIT and UNCERTAINTY') );
#2793 = ( LENGTH_UNIT() NAMED_UNIT(*) SI_UNIT(.MILLI.,.METRE.) );
#2794 = ( NAMED_UNIT(*) PLANE_ANGLE_UNIT() SI_UNIT($,.RADIAN.) );
#2795 = ( NAMED_UNIT(*) SI_UNIT($,.STERADIAN.) SOLID_ANGLE_UNIT() );
#2796 = UNCERTAINTY_MEASURE_WITH_UNIT(LENGTH_MEASURE(1.E-07),#2793,
  'distance_accuracy_value','confusion accuracy');
#2797 = CONTEXT_DEPENDENT_SHAPE_REPRESENTATION(#2798,#2800);
#2798 = ( REPRESENTATION_RELATIONSHIP('','',#2065,#2042) 
REPRESENTATION_RELATIONSHIP_WITH_TRANSFORMATION(#2799) 
SHAPE_REPRESENTATION_RELATIONSHIP() );
#2799 = ITEM_DEFINED_TRANSFORMATION('','',#11,#2043);
#2800 = PRODUCT_DEFINITION_SHAPE('Placement','Placement of an item',
  #2801);
#2801 = NEXT_ASSEMBLY_USAGE_OCCURRENCE('5','Body005','',#2037,#2060,$);
#2802 = PRODUCT_RELATED_PRODUCT_CATEGORY('part',$,(#2062));
#2803 = SHAPE_DEFINITION_REPRESENTATION(#2804,#2810);
#2804 = PRODUCT_DEFINITION_SHAPE('','',#2805);
#2805 = PRODUCT_DEFINITION('design','',#2806,#2809);
#2806 = PRODUCT_DEFINITION_FORMATION('','',#2807);
#2807 = PRODUCT('coulisseur1','coulisseur1','',(#2808));
#2808 = PRODUCT_CONTEXT('',#2,'mechanical');
#2809 = PRODUCT_DEFINITION_CONTEXT('part definition',#2,'design');
#2810 = SHAPE_REPRESENTATION('',(#11,#2811),#2815);
#2811 = AXIS2_PLACEMENT_3D('',#2812,#2813,#2814);
#2812 = CARTESIAN_POINT('',(0.,0.,0.));
#2813 = DIRECTION('',(0.,0.,1.));
#2814 = DIRECTION('',(1.,0.,0.));
#2815 = ( GEOMETRIC_REPRESENTATION_CONTEXT(3) 
GLOBAL_UNCERTAINTY_ASSIGNED_CONTEXT((#2819)) 
GLOBAL_UNIT_ASSIGNED_CONTEXT((#2816,#2817,#2818)) REPRESENTATION_CONTEXT
('Context #1','3D Context with UNIT and UNCERTAINTY') );
#2816 = ( LENGTH_UNIT() NAMED_UNIT(*) SI_UNIT(.MILLI.,.METRE.) );
#2817 = ( NAMED_UNIT(*) PLANE_ANGLE_UNIT() SI_UNIT($,.RADIAN.) );
#2818 = ( NAMED_UNIT(*) SI_UNIT($,.STERADIAN.) SOLID_ANGLE_UNIT() );
#2819 = UNCERTAINTY_MEASURE_WITH_UNIT(LENGTH_MEASURE(1.E-07),#2816,
  'distance_accuracy_value','confusion accuracy');
#2820 = CONTEXT_DEPENDENT_SHAPE_REPRESENTATION(#2821,#2823);
#2821 = ( REPRESENTATION_RELATIONSHIP('','',#2810,#10) 
REPRESENTATION_RELATIONSHIP_WITH_TRANSFORMATION(#2822) 
SHAPE_REPRESENTATION_RELATIONSHIP() );
#2822 = ITEM_DEFINED_TRANSFORMATION('','',#11,#27);
#2823 = PRODUCT_DEFINITION_SHAPE('Placement','Placement of an item',
  #2824);
#2824 = NEXT_ASSEMBLY_USAGE_OCCURRENCE('8','coulisseur1','',#5,#2805,$);
#2825 = PRODUCT_RELATED_PRODUCT_CATEGORY('part',$,(#2807));
#2826 = SHAPE_DEFINITION_REPRESENTATION(#2827,#2833);
#2827 = PRODUCT_DEFINITION_SHAPE('','',#2828);
#2828 = PRODUCT_DEFINITION('design','',#2829,#2832);
#2829 = PRODUCT_DEFINITION_FORMATION('','',#2830);
#2830 = PRODUCT('Body001','Body001','',(#2831));
#2831 = PRODUCT_CONTEXT('',#2,'mechanical');
#2832 = PRODUCT_DEFINITION_CONTEXT('part definition',#2,'design');
#2833 = ADVANCED_BREP_SHAPE_REPRESENTATION('',(#11,#2834),#3560);
#2834 = MANIFOLD_SOLID_BREP('',#2835);
#2835 = CLOSED_SHELL('',(#2836,#2876,#2907,#3027,#3051,#3164,#3181,#3247
    ,#3264,#3281,#3298,#3315,#3327,#3344,#3361,#3378,#3395,#3412,#3424,
    #3449,#3474,#3499,#3524,#3533,#3542,#3551));
#2836 = ADVANCED_FACE('',(#2837),#2871,.T.);
#2837 = FACE_BOUND('',#2838,.T.);
#2838 = EDGE_LOOP('',(#2839,#2849,#2857,#2865));
#2839 = ORIENTED_EDGE('',*,*,#2840,.F.);
#2840 = EDGE_CURVE('',#2841,#2843,#2845,.T.);
#2841 = VERTEX_POINT('',#2842);
#2842 = CARTESIAN_POINT('',(-15.,5.,5.));
#2843 = VERTEX_POINT('',#2844);
#2844 = CARTESIAN_POINT('',(15.,5.,5.));
#2845 = LINE('',#2846,#2847);
#2846 = CARTESIAN_POINT('',(-15.,5.,5.));
#2847 = VECTOR('',#2848,1.);
#2848 = DIRECTION('',(1.,0.,0.));
#2849 = ORIENTED_EDGE('',*,*,#2850,.T.);
#2850 = EDGE_CURVE('',#2841,#2851,#2853,.T.);
#2851 = VERTEX_POINT('',#2852);
#2852 = CARTESIAN_POINT('',(-15.,-5.,5.));
#2853 = LINE('',#2854,#2855);
#2854 = CARTESIAN_POINT('',(-15.,20.,5.));
#2855 = VECTOR('',#2856,1.);
#2856 = DIRECTION('',(0.,-1.,0.));
#2857 = ORIENTED_EDGE('',*,*,#2858,.F.);
#2858 = EDGE_CURVE('',#2859,#2851,#2861,.T.);
#2859 = VERTEX_POINT('',#2860);
#2860 = CARTESIAN_POINT('',(15.,-5.,5.));
#2861 = LINE('',#2862,#2863);
#2862 = CARTESIAN_POINT('',(15.,-5.,5.));
#2863 = VECTOR('',#2864,1.);
#2864 = DIRECTION('',(-1.,0.,0.));
#2865 = ORIENTED_EDGE('',*,*,#2866,.T.);
#2866 = EDGE_CURVE('',#2859,#2843,#2867,.T.);
#2867 = LINE('',#2868,#2869);
#2868 = CARTESIAN_POINT('',(15.,-20.,5.));
#2869 = VECTOR('',#2870,1.);
#2870 = DIRECTION('',(0.,1.,0.));
#2871 = PLANE('',#2872);
#2872 = AXIS2_PLACEMENT_3D('',#2873,#2874,#2875);
#2873 = CARTESIAN_POINT('',(0.,0.,5.));
#2874 = DIRECTION('',(0.,0.,1.));
#2875 = DIRECTION('',(1.,0.,0.));
#2876 = ADVANCED_FACE('',(#2877),#2902,.F.);
#2877 = FACE_BOUND('',#2878,.F.);
#2878 = EDGE_LOOP('',(#2879,#2887,#2895,#2901));
#2879 = ORIENTED_EDGE('',*,*,#2880,.T.);
#2880 = EDGE_CURVE('',#2841,#2881,#2883,.T.);
#2881 = VERTEX_POINT('',#2882);
#2882 = CARTESIAN_POINT('',(-15.,5.,10.8));
#2883 = LINE('',#2884,#2885);
#2884 = CARTESIAN_POINT('',(-15.,5.,5.));
#2885 = VECTOR('',#2886,1.);
#2886 = DIRECTION('',(0.,0.,1.));
#2887 = ORIENTED_EDGE('',*,*,#2888,.T.);
#2888 = EDGE_CURVE('',#2881,#2889,#2891,.T.);
#2889 = VERTEX_POINT('',#2890);
#2890 = CARTESIAN_POINT('',(15.,5.,10.8));
#2891 = LINE('',#2892,#2893);
#2892 = CARTESIAN_POINT('',(-15.,5.,10.8));
#2893 = VECTOR('',#2894,1.);
#2894 = DIRECTION('',(1.,0.,0.));
#2895 = ORIENTED_EDGE('',*,*,#2896,.F.);
#2896 = EDGE_CURVE('',#2843,#2889,#2897,.T.);
#2897 = LINE('',#2898,#2899);
#2898 = CARTESIAN_POINT('',(15.,5.,5.));
#2899 = VECTOR('',#2900,1.);
#2900 = DIRECTION('',(0.,0.,1.));
#2901 = ORIENTED_EDGE('',*,*,#2840,.F.);
#2902 = PLANE('',#2903);
#2903 = AXIS2_PLACEMENT_3D('',#2904,#2905,#2906);
#2904 = CARTESIAN_POINT('',(-15.,5.,5.));
#2905 = DIRECTION('',(0.,1.,0.));
#2906 = DIRECTION('',(1.,0.,0.));
#2907 = ADVANCED_FACE('',(#2908),#3022,.T.);
#2908 = FACE_BOUND('',#2909,.T.);
#2909 = EDGE_LOOP('',(#2910,#2920,#2928,#2936,#2944,#2952,#2960,#2966,
    #2967,#2968,#2976,#2984,#2992,#3000,#3008,#3016));
#2910 = ORIENTED_EDGE('',*,*,#2911,.T.);
#2911 = EDGE_CURVE('',#2912,#2914,#2916,.T.);
#2912 = VERTEX_POINT('',#2913);
#2913 = CARTESIAN_POINT('',(15.,-20.,0.));
#2914 = VERTEX_POINT('',#2915);
#2915 = CARTESIAN_POINT('',(15.,20.,0.));
#2916 = LINE('',#2917,#2918);
#2917 = CARTESIAN_POINT('',(15.,-20.,0.));
#2918 = VECTOR('',#2919,1.);
#2919 = DIRECTION('',(0.,1.,0.));
#2920 = ORIENTED_EDGE('',*,*,#2921,.T.);
#2921 = EDGE_CURVE('',#2914,#2922,#2924,.T.);
#2922 = VERTEX_POINT('',#2923);
#2923 = CARTESIAN_POINT('',(15.,20.,20.));
#2924 = LINE('',#2925,#2926);
#2925 = CARTESIAN_POINT('',(15.,20.,0.));
#2926 = VECTOR('',#2927,1.);
#2927 = DIRECTION('',(0.,0.,1.));
#2928 = ORIENTED_EDGE('',*,*,#2929,.T.);
#2929 = EDGE_CURVE('',#2922,#2930,#2932,.T.);
#2930 = VERTEX_POINT('',#2931);
#2931 = CARTESIAN_POINT('',(15.,10.,20.));
#2932 = LINE('',#2933,#2934);
#2933 = CARTESIAN_POINT('',(15.,15.,20.));
#2934 = VECTOR('',#2935,1.);
#2935 = DIRECTION('',(0.,-1.,2.22044604925E-16));
#2936 = ORIENTED_EDGE('',*,*,#2937,.F.);
#2937 = EDGE_CURVE('',#2938,#2930,#2940,.T.);
#2938 = VERTEX_POINT('',#2939);
#2939 = CARTESIAN_POINT('',(15.,10.,15.));
#2940 = LINE('',#2941,#2942);
#2941 = CARTESIAN_POINT('',(15.,10.,15.));
#2942 = VECTOR('',#2943,1.);
#2943 = DIRECTION('',(0.,2.22044604925E-16,1.));
#2944 = ORIENTED_EDGE('',*,*,#2945,.F.);
#2945 = EDGE_CURVE('',#2946,#2938,#2948,.T.);
#2946 = VERTEX_POINT('',#2947);
#2947 = CARTESIAN_POINT('',(15.,15.,15.));
#2948 = LINE('',#2949,#2950);
#2949 = CARTESIAN_POINT('',(15.,15.,15.));
#2950 = VECTOR('',#2951,1.);
#2951 = DIRECTION('',(0.,-1.,2.22044604925E-16));
#2952 = ORIENTED_EDGE('',*,*,#2953,.F.);
#2953 = EDGE_CURVE('',#2954,#2946,#2956,.T.);
#2954 = VERTEX_POINT('',#2955);
#2955 = CARTESIAN_POINT('',(15.,15.,10.8));
#2956 = LINE('',#2957,#2958);
#2957 = CARTESIAN_POINT('',(15.,15.,0.));
#2958 = VECTOR('',#2959,1.);
#2959 = DIRECTION('',(0.,0.,1.));
#2960 = ORIENTED_EDGE('',*,*,#2961,.F.);
#2961 = EDGE_CURVE('',#2889,#2954,#2962,.T.);
#2962 = LINE('',#2963,#2964);
#2963 = CARTESIAN_POINT('',(15.,5.,10.8));
#2964 = VECTOR('',#2965,1.);
#2965 = DIRECTION('',(0.,1.,0.));
#2966 = ORIENTED_EDGE('',*,*,#2896,.F.);
#2967 = ORIENTED_EDGE('',*,*,#2866,.F.);
#2968 = ORIENTED_EDGE('',*,*,#2969,.T.);
#2969 = EDGE_CURVE('',#2859,#2970,#2972,.T.);
#2970 = VERTEX_POINT('',#2971);
#2971 = CARTESIAN_POINT('',(15.,-5.,10.8));
#2972 = LINE('',#2973,#2974);
#2973 = CARTESIAN_POINT('',(15.,-5.,5.));
#2974 = VECTOR('',#2975,1.);
#2975 = DIRECTION('',(0.,0.,1.));
#2976 = ORIENTED_EDGE('',*,*,#2977,.F.);
#2977 = EDGE_CURVE('',#2978,#2970,#2980,.T.);
#2978 = VERTEX_POINT('',#2979);
#2979 = CARTESIAN_POINT('',(15.,-15.,10.8));
#2980 = LINE('',#2981,#2982);
#2981 = CARTESIAN_POINT('',(15.,-15.,10.8));
#2982 = VECTOR('',#2983,1.);
#2983 = DIRECTION('',(0.,1.,0.));
#2984 = ORIENTED_EDGE('',*,*,#2985,.T.);
#2985 = EDGE_CURVE('',#2978,#2986,#2988,.T.);
#2986 = VERTEX_POINT('',#2987);
#2987 = CARTESIAN_POINT('',(15.,-15.,15.));
#2988 = LINE('',#2989,#2990);
#2989 = CARTESIAN_POINT('',(15.,-15.,0.));
#2990 = VECTOR('',#2991,1.);
#2991 = DIRECTION('',(0.,0.,1.));
#2992 = ORIENTED_EDGE('',*,*,#2993,.T.);
#2993 = EDGE_CURVE('',#2986,#2994,#2996,.T.);
#2994 = VERTEX_POINT('',#2995);
#2995 = CARTESIAN_POINT('',(15.,-10.,15.));
#2996 = LINE('',#2997,#2998);
#2997 = CARTESIAN_POINT('',(15.,-15.,15.));
#2998 = VECTOR('',#2999,1.);
#2999 = DIRECTION('',(0.,1.,-2.22044604925E-16));
#3000 = ORIENTED_EDGE('',*,*,#3001,.F.);
#3001 = EDGE_CURVE('',#3002,#2994,#3004,.T.);
#3002 = VERTEX_POINT('',#3003);
#3003 = CARTESIAN_POINT('',(15.,-10.,20.));
#3004 = LINE('',#3005,#3006);
#3005 = CARTESIAN_POINT('',(15.,-10.,20.));
#3006 = VECTOR('',#3007,1.);
#3007 = DIRECTION('',(0.,-2.22044604925E-16,-1.));
#3008 = ORIENTED_EDGE('',*,*,#3009,.F.);
#3009 = EDGE_CURVE('',#3010,#3002,#3012,.T.);
#3010 = VERTEX_POINT('',#3011);
#3011 = CARTESIAN_POINT('',(15.,-20.,20.));
#3012 = LINE('',#3013,#3014);
#3013 = CARTESIAN_POINT('',(15.,-15.,20.));
#3014 = VECTOR('',#3015,1.);
#3015 = DIRECTION('',(0.,1.,-2.22044604925E-16));
#3016 = ORIENTED_EDGE('',*,*,#3017,.F.);
#3017 = EDGE_CURVE('',#2912,#3010,#3018,.T.);
#3018 = LINE('',#3019,#3020);
#3019 = CARTESIAN_POINT('',(15.,-20.,0.));
#3020 = VECTOR('',#3021,1.);
#3021 = DIRECTION('',(0.,0.,1.));
#3022 = PLANE('',#3023);
#3023 = AXIS2_PLACEMENT_3D('',#3024,#3025,#3026);
#3024 = CARTESIAN_POINT('',(15.,-1.003119156367E-15,9.358823529412));
#3025 = DIRECTION('',(1.,0.,0.));
#3026 = DIRECTION('',(0.,0.,1.));
#3027 = ADVANCED_FACE('',(#3028),#3046,.F.);
#3028 = FACE_BOUND('',#3029,.F.);
#3029 = EDGE_LOOP('',(#3030,#3031,#3039,#3045));
#3030 = ORIENTED_EDGE('',*,*,#2969,.T.);
#3031 = ORIENTED_EDGE('',*,*,#3032,.T.);
#3032 = EDGE_CURVE('',#2970,#3033,#3035,.T.);
#3033 = VERTEX_POINT('',#3034);
#3034 = CARTESIAN_POINT('',(-15.,-5.,10.8));
#3035 = LINE('',#3036,#3037);
#3036 = CARTESIAN_POINT('',(15.,-5.,10.8));
#3037 = VECTOR('',#3038,1.);
#3038 = DIRECTION('',(-1.,0.,0.));
#3039 = ORIENTED_EDGE('',*,*,#3040,.F.);
#3040 = EDGE_CURVE('',#2851,#3033,#3041,.T.);
#3041 = LINE('',#3042,#3043);
#3042 = CARTESIAN_POINT('',(-15.,-5.,5.));
#3043 = VECTOR('',#3044,1.);
#3044 = DIRECTION('',(0.,0.,1.));
#3045 = ORIENTED_EDGE('',*,*,#2858,.F.);
#3046 = PLANE('',#3047);
#3047 = AXIS2_PLACEMENT_3D('',#3048,#3049,#3050);
#3048 = CARTESIAN_POINT('',(15.,-5.,5.));
#3049 = DIRECTION('',(0.,-1.,0.));
#3050 = DIRECTION('',(-1.,0.,0.));
#3051 = ADVANCED_FACE('',(#3052),#3159,.T.);
#3052 = FACE_BOUND('',#3053,.T.);
#3053 = EDGE_LOOP('',(#3054,#3064,#3072,#3080,#3088,#3096,#3102,#3103,
    #3104,#3105,#3113,#3121,#3129,#3137,#3145,#3153));
#3054 = ORIENTED_EDGE('',*,*,#3055,.T.);
#3055 = EDGE_CURVE('',#3056,#3058,#3060,.T.);
#3056 = VERTEX_POINT('',#3057);
#3057 = CARTESIAN_POINT('',(-15.,-20.,0.));
#3058 = VERTEX_POINT('',#3059);
#3059 = CARTESIAN_POINT('',(-15.,-20.,20.));
#3060 = LINE('',#3061,#3062);
#3061 = CARTESIAN_POINT('',(-15.,-20.,0.));
#3062 = VECTOR('',#3063,1.);
#3063 = DIRECTION('',(0.,0.,1.));
#3064 = ORIENTED_EDGE('',*,*,#3065,.F.);
#3065 = EDGE_CURVE('',#3066,#3058,#3068,.T.);
#3066 = VERTEX_POINT('',#3067);
#3067 = CARTESIAN_POINT('',(-15.,-10.,20.));
#3068 = LINE('',#3069,#3070);
#3069 = CARTESIAN_POINT('',(-15.,-15.,20.));
#3070 = VECTOR('',#3071,1.);
#3071 = DIRECTION('',(0.,-1.,0.));
#3072 = ORIENTED_EDGE('',*,*,#3073,.F.);
#3073 = EDGE_CURVE('',#3074,#3066,#3076,.T.);
#3074 = VERTEX_POINT('',#3075);
#3075 = CARTESIAN_POINT('',(-15.,-10.,15.));
#3076 = LINE('',#3077,#3078);
#3077 = CARTESIAN_POINT('',(-15.,-10.,15.));
#3078 = VECTOR('',#3079,1.);
#3079 = DIRECTION('',(0.,2.22044604925E-16,1.));
#3080 = ORIENTED_EDGE('',*,*,#3081,.F.);
#3081 = EDGE_CURVE('',#3082,#3074,#3084,.T.);
#3082 = VERTEX_POINT('',#3083);
#3083 = CARTESIAN_POINT('',(-15.,-15.,15.));
#3084 = LINE('',#3085,#3086);
#3085 = CARTESIAN_POINT('',(-15.,-15.,15.));
#3086 = VECTOR('',#3087,1.);
#3087 = DIRECTION('',(0.,1.,-2.22044604925E-16));
#3088 = ORIENTED_EDGE('',*,*,#3089,.F.);
#3089 = EDGE_CURVE('',#3090,#3082,#3092,.T.);
#3090 = VERTEX_POINT('',#3091);
#3091 = CARTESIAN_POINT('',(-15.,-15.,10.8));
#3092 = LINE('',#3093,#3094);
#3093 = CARTESIAN_POINT('',(-15.,-15.,0.));
#3094 = VECTOR('',#3095,1.);
#3095 = DIRECTION('',(0.,0.,1.));
#3096 = ORIENTED_EDGE('',*,*,#3097,.F.);
#3097 = EDGE_CURVE('',#3033,#3090,#3098,.T.);
#3098 = LINE('',#3099,#3100);
#3099 = CARTESIAN_POINT('',(-15.,-5.,10.8));
#3100 = VECTOR('',#3101,1.);
#3101 = DIRECTION('',(0.,-1.,0.));
#3102 = ORIENTED_EDGE('',*,*,#3040,.F.);
#3103 = ORIENTED_EDGE('',*,*,#2850,.F.);
#3104 = ORIENTED_EDGE('',*,*,#2880,.T.);
#3105 = ORIENTED_EDGE('',*,*,#3106,.F.);
#3106 = EDGE_CURVE('',#3107,#2881,#3109,.T.);
#3107 = VERTEX_POINT('',#3108);
#3108 = CARTESIAN_POINT('',(-15.,15.,10.8));
#3109 = LINE('',#3110,#3111);
#3110 = CARTESIAN_POINT('',(-15.,15.,10.8));
#3111 = VECTOR('',#3112,1.);
#3112 = DIRECTION('',(0.,-1.,0.));
#3113 = ORIENTED_EDGE('',*,*,#3114,.T.);
#3114 = EDGE_CURVE('',#3107,#3115,#3117,.T.);
#3115 = VERTEX_POINT('',#3116);
#3116 = CARTESIAN_POINT('',(-15.,15.,15.));
#3117 = LINE('',#3118,#3119);
#3118 = CARTESIAN_POINT('',(-15.,15.,0.));
#3119 = VECTOR('',#3120,1.);
#3120 = DIRECTION('',(0.,0.,1.));
#3121 = ORIENTED_EDGE('',*,*,#3122,.T.);
#3122 = EDGE_CURVE('',#3115,#3123,#3125,.T.);
#3123 = VERTEX_POINT('',#3124);
#3124 = CARTESIAN_POINT('',(-15.,10.,15.));
#3125 = LINE('',#3126,#3127);
#3126 = CARTESIAN_POINT('',(-15.,15.,15.));
#3127 = VECTOR('',#3128,1.);
#3128 = DIRECTION('',(0.,-1.,2.22044604925E-16));
#3129 = ORIENTED_EDGE('',*,*,#3130,.F.);
#3130 = EDGE_CURVE('',#3131,#3123,#3133,.T.);
#3131 = VERTEX_POINT('',#3132);
#3132 = CARTESIAN_POINT('',(-15.,10.,20.));
#3133 = LINE('',#3134,#3135);
#3134 = CARTESIAN_POINT('',(-15.,10.,20.));
#3135 = VECTOR('',#3136,1.);
#3136 = DIRECTION('',(0.,-2.22044604925E-16,-1.));
#3137 = ORIENTED_EDGE('',*,*,#3138,.F.);
#3138 = EDGE_CURVE('',#3139,#3131,#3141,.T.);
#3139 = VERTEX_POINT('',#3140);
#3140 = CARTESIAN_POINT('',(-15.,20.,20.));
#3141 = LINE('',#3142,#3143);
#3142 = CARTESIAN_POINT('',(-15.,20.,20.));
#3143 = VECTOR('',#3144,1.);
#3144 = DIRECTION('',(0.,-1.,0.));
#3145 = ORIENTED_EDGE('',*,*,#3146,.F.);
#3146 = EDGE_CURVE('',#3147,#3139,#3149,.T.);
#3147 = VERTEX_POINT('',#3148);
#3148 = CARTESIAN_POINT('',(-15.,20.,0.));
#3149 = LINE('',#3150,#3151);
#3150 = CARTESIAN_POINT('',(-15.,20.,0.));
#3151 = VECTOR('',#3152,1.);
#3152 = DIRECTION('',(0.,0.,1.));
#3153 = ORIENTED_EDGE('',*,*,#3154,.T.);
#3154 = EDGE_CURVE('',#3147,#3056,#3155,.T.);
#3155 = LINE('',#3156,#3157);
#3156 = CARTESIAN_POINT('',(-15.,20.,0.));
#3157 = VECTOR('',#3158,1.);
#3158 = DIRECTION('',(0.,-1.,0.));
#3159 = PLANE('',#3160);
#3160 = AXIS2_PLACEMENT_3D('',#3161,#3162,#3163);
#3161 = CARTESIAN_POINT('',(-15.,-1.003119156367E-15,9.358823529412));
#3162 = DIRECTION('',(-1.,-0.,-0.));
#3163 = DIRECTION('',(0.,0.,-1.));
#3164 = ADVANCED_FACE('',(#3165),#3176,.T.);
#3165 = FACE_BOUND('',#3166,.T.);
#3166 = EDGE_LOOP('',(#3167,#3173,#3174,#3175));
#3167 = ORIENTED_EDGE('',*,*,#3168,.T.);
#3168 = EDGE_CURVE('',#2954,#3107,#3169,.T.);
#3169 = LINE('',#3170,#3171);
#3170 = CARTESIAN_POINT('',(15.,15.,10.8));
#3171 = VECTOR('',#3172,1.);
#3172 = DIRECTION('',(-1.,0.,0.));
#3173 = ORIENTED_EDGE('',*,*,#3106,.T.);
#3174 = ORIENTED_EDGE('',*,*,#2888,.T.);
#3175 = ORIENTED_EDGE('',*,*,#2961,.T.);
#3176 = PLANE('',#3177);
#3177 = AXIS2_PLACEMENT_3D('',#3178,#3179,#3180);
#3178 = CARTESIAN_POINT('',(0.,1.054711873394E-15,10.8));
#3179 = DIRECTION('',(0.,0.,1.));
#3180 = DIRECTION('',(1.,0.,0.));
#3181 = ADVANCED_FACE('',(#3182,#3198,#3209,#3220,#3231),#3242,.T.);
#3182 = FACE_BOUND('',#3183,.T.);
#3183 = EDGE_LOOP('',(#3184,#3185,#3191,#3192));
#3184 = ORIENTED_EDGE('',*,*,#3154,.F.);
#3185 = ORIENTED_EDGE('',*,*,#3186,.F.);
#3186 = EDGE_CURVE('',#2914,#3147,#3187,.T.);
#3187 = LINE('',#3188,#3189);
#3188 = CARTESIAN_POINT('',(15.,20.,0.));
#3189 = VECTOR('',#3190,1.);
#3190 = DIRECTION('',(-1.,0.,0.));
#3191 = ORIENTED_EDGE('',*,*,#2911,.F.);
#3192 = ORIENTED_EDGE('',*,*,#3193,.F.);
#3193 = EDGE_CURVE('',#3056,#2912,#3194,.T.);
#3194 = LINE('',#3195,#3196);
#3195 = CARTESIAN_POINT('',(-15.,-20.,0.));
#3196 = VECTOR('',#3197,1.);
#3197 = DIRECTION('',(1.,0.,0.));
#3198 = FACE_BOUND('',#3199,.T.);
#3199 = EDGE_LOOP('',(#3200));
#3200 = ORIENTED_EDGE('',*,*,#3201,.F.);
#3201 = EDGE_CURVE('',#3202,#3202,#3204,.T.);
#3202 = VERTEX_POINT('',#3203);
#3203 = CARTESIAN_POINT('',(10.,-11.,0.));
#3204 = CIRCLE('',#3205,2.);
#3205 = AXIS2_PLACEMENT_3D('',#3206,#3207,#3208);
#3206 = CARTESIAN_POINT('',(8.,-11.,0.));
#3207 = DIRECTION('',(0.,0.,-1.));
#3208 = DIRECTION('',(1.,0.,0.));
#3209 = FACE_BOUND('',#3210,.T.);
#3210 = EDGE_LOOP('',(#3211));
#3211 = ORIENTED_EDGE('',*,*,#3212,.F.);
#3212 = EDGE_CURVE('',#3213,#3213,#3215,.T.);
#3213 = VERTEX_POINT('',#3214);
#3214 = CARTESIAN_POINT('',(-6.,-11.,0.));
#3215 = CIRCLE('',#3216,2.);
#3216 = AXIS2_PLACEMENT_3D('',#3217,#3218,#3219);
#3217 = CARTESIAN_POINT('',(-8.,-11.,0.));
#3218 = DIRECTION('',(0.,0.,-1.));
#3219 = DIRECTION('',(1.,0.,0.));
#3220 = FACE_BOUND('',#3221,.T.);
#3221 = EDGE_LOOP('',(#3222));
#3222 = ORIENTED_EDGE('',*,*,#3223,.F.);
#3223 = EDGE_CURVE('',#3224,#3224,#3226,.T.);
#3224 = VERTEX_POINT('',#3225);
#3225 = CARTESIAN_POINT('',(10.,11.,0.));
#3226 = CIRCLE('',#3227,2.);
#3227 = AXIS2_PLACEMENT_3D('',#3228,#3229,#3230);
#3228 = CARTESIAN_POINT('',(8.,11.,0.));
#3229 = DIRECTION('',(0.,0.,-1.));
#3230 = DIRECTION('',(1.,0.,0.));
#3231 = FACE_BOUND('',#3232,.T.);
#3232 = EDGE_LOOP('',(#3233));
#3233 = ORIENTED_EDGE('',*,*,#3234,.F.);
#3234 = EDGE_CURVE('',#3235,#3235,#3237,.T.);
#3235 = VERTEX_POINT('',#3236);
#3236 = CARTESIAN_POINT('',(-6.,11.,0.));
#3237 = CIRCLE('',#3238,2.);
#3238 = AXIS2_PLACEMENT_3D('',#3239,#3240,#3241);
#3239 = CARTESIAN_POINT('',(-8.,11.,0.));
#3240 = DIRECTION('',(0.,0.,-1.));
#3241 = DIRECTION('',(1.,0.,0.));
#3242 = PLANE('',#3243);
#3243 = AXIS2_PLACEMENT_3D('',#3244,#3245,#3246);
#3244 = CARTESIAN_POINT('',(2.E-16,0.,0.));
#3245 = DIRECTION('',(-0.,-0.,-1.));
#3246 = DIRECTION('',(-1.,0.,0.));
#3247 = ADVANCED_FACE('',(#3248),#3259,.T.);
#3248 = FACE_BOUND('',#3249,.T.);
#3249 = EDGE_LOOP('',(#3250,#3251,#3252,#3253));
#3250 = ORIENTED_EDGE('',*,*,#2921,.F.);
#3251 = ORIENTED_EDGE('',*,*,#3186,.T.);
#3252 = ORIENTED_EDGE('',*,*,#3146,.T.);
#3253 = ORIENTED_EDGE('',*,*,#3254,.F.);
#3254 = EDGE_CURVE('',#2922,#3139,#3255,.T.);
#3255 = LINE('',#3256,#3257);
#3256 = CARTESIAN_POINT('',(15.,20.,20.));
#3257 = VECTOR('',#3258,1.);
#3258 = DIRECTION('',(-1.,0.,0.));
#3259 = PLANE('',#3260);
#3260 = AXIS2_PLACEMENT_3D('',#3261,#3262,#3263);
#3261 = CARTESIAN_POINT('',(0.,20.,10.));
#3262 = DIRECTION('',(0.,1.,0.));
#3263 = DIRECTION('',(0.,0.,1.));
#3264 = ADVANCED_FACE('',(#3265),#3276,.T.);
#3265 = FACE_BOUND('',#3266,.T.);
#3266 = EDGE_LOOP('',(#3267,#3268,#3274,#3275));
#3267 = ORIENTED_EDGE('',*,*,#3138,.T.);
#3268 = ORIENTED_EDGE('',*,*,#3269,.F.);
#3269 = EDGE_CURVE('',#2930,#3131,#3270,.T.);
#3270 = LINE('',#3271,#3272);
#3271 = CARTESIAN_POINT('',(15.,10.,20.));
#3272 = VECTOR('',#3273,1.);
#3273 = DIRECTION('',(-1.,0.,0.));
#3274 = ORIENTED_EDGE('',*,*,#2929,.F.);
#3275 = ORIENTED_EDGE('',*,*,#3254,.T.);
#3276 = PLANE('',#3277);
#3277 = AXIS2_PLACEMENT_3D('',#3278,#3279,#3280);
#3278 = CARTESIAN_POINT('',(0.,15.,20.));
#3279 = DIRECTION('',(0.,0.,1.));
#3280 = DIRECTION('',(1.,0.,0.));
#3281 = ADVANCED_FACE('',(#3282),#3293,.F.);
#3282 = FACE_BOUND('',#3283,.T.);
#3283 = EDGE_LOOP('',(#3284,#3285,#3291,#3292));
#3284 = ORIENTED_EDGE('',*,*,#3130,.T.);
#3285 = ORIENTED_EDGE('',*,*,#3286,.T.);
#3286 = EDGE_CURVE('',#3123,#2938,#3287,.T.);
#3287 = LINE('',#3288,#3289);
#3288 = CARTESIAN_POINT('',(-15.,10.,15.));
#3289 = VECTOR('',#3290,1.);
#3290 = DIRECTION('',(1.,0.,0.));
#3291 = ORIENTED_EDGE('',*,*,#2937,.T.);
#3292 = ORIENTED_EDGE('',*,*,#3269,.T.);
#3293 = PLANE('',#3294);
#3294 = AXIS2_PLACEMENT_3D('',#3295,#3296,#3297);
#3295 = CARTESIAN_POINT('',(0.,10.,17.5));
#3296 = DIRECTION('',(0.,1.,0.));
#3297 = DIRECTION('',(0.,0.,1.));
#3298 = ADVANCED_FACE('',(#3299),#3310,.F.);
#3299 = FACE_BOUND('',#3300,.F.);
#3300 = EDGE_LOOP('',(#3301,#3302,#3303,#3304));
#3301 = ORIENTED_EDGE('',*,*,#3122,.T.);
#3302 = ORIENTED_EDGE('',*,*,#3286,.T.);
#3303 = ORIENTED_EDGE('',*,*,#2945,.F.);
#3304 = ORIENTED_EDGE('',*,*,#3305,.F.);
#3305 = EDGE_CURVE('',#3115,#2946,#3306,.T.);
#3306 = LINE('',#3307,#3308);
#3307 = CARTESIAN_POINT('',(-15.,15.,15.));
#3308 = VECTOR('',#3309,1.);
#3309 = DIRECTION('',(1.,0.,0.));
#3310 = PLANE('',#3311);
#3311 = AXIS2_PLACEMENT_3D('',#3312,#3313,#3314);
#3312 = CARTESIAN_POINT('',(-15.,15.,15.));
#3313 = DIRECTION('',(0.,2.22044604925E-16,1.));
#3314 = DIRECTION('',(1.,0.,0.));
#3315 = ADVANCED_FACE('',(#3316),#3322,.F.);
#3316 = FACE_BOUND('',#3317,.F.);
#3317 = EDGE_LOOP('',(#3318,#3319,#3320,#3321));
#3318 = ORIENTED_EDGE('',*,*,#2953,.F.);
#3319 = ORIENTED_EDGE('',*,*,#3168,.T.);
#3320 = ORIENTED_EDGE('',*,*,#3114,.T.);
#3321 = ORIENTED_EDGE('',*,*,#3305,.T.);
#3322 = PLANE('',#3323);
#3323 = AXIS2_PLACEMENT_3D('',#3324,#3325,#3326);
#3324 = CARTESIAN_POINT('',(-15.,15.,0.));
#3325 = DIRECTION('',(0.,1.,0.));
#3326 = DIRECTION('',(1.,0.,0.));
#3327 = ADVANCED_FACE('',(#3328),#3339,.T.);
#3328 = FACE_BOUND('',#3329,.T.);
#3329 = EDGE_LOOP('',(#3330,#3331,#3332,#3333));
#3330 = ORIENTED_EDGE('',*,*,#2977,.T.);
#3331 = ORIENTED_EDGE('',*,*,#3032,.T.);
#3332 = ORIENTED_EDGE('',*,*,#3097,.T.);
#3333 = ORIENTED_EDGE('',*,*,#3334,.T.);
#3334 = EDGE_CURVE('',#3090,#2978,#3335,.T.);
#3335 = LINE('',#3336,#3337);
#3336 = CARTESIAN_POINT('',(-15.,-15.,10.8));
#3337 = VECTOR('',#3338,1.);
#3338 = DIRECTION('',(1.,0.,0.));
#3339 = PLANE('',#3340);
#3340 = AXIS2_PLACEMENT_3D('',#3341,#3342,#3343);
#3341 = CARTESIAN_POINT('',(0.,1.054711873394E-15,10.8));
#3342 = DIRECTION('',(0.,0.,1.));
#3343 = DIRECTION('',(1.,0.,0.));
#3344 = ADVANCED_FACE('',(#3345),#3356,.F.);
#3345 = FACE_BOUND('',#3346,.F.);
#3346 = EDGE_LOOP('',(#3347,#3348,#3349,#3350));
#3347 = ORIENTED_EDGE('',*,*,#3089,.F.);
#3348 = ORIENTED_EDGE('',*,*,#3334,.T.);
#3349 = ORIENTED_EDGE('',*,*,#2985,.T.);
#3350 = ORIENTED_EDGE('',*,*,#3351,.T.);
#3351 = EDGE_CURVE('',#2986,#3082,#3352,.T.);
#3352 = LINE('',#3353,#3354);
#3353 = CARTESIAN_POINT('',(15.,-15.,15.));
#3354 = VECTOR('',#3355,1.);
#3355 = DIRECTION('',(-1.,0.,0.));
#3356 = PLANE('',#3357);
#3357 = AXIS2_PLACEMENT_3D('',#3358,#3359,#3360);
#3358 = CARTESIAN_POINT('',(15.,-15.,0.));
#3359 = DIRECTION('',(0.,-1.,0.));
#3360 = DIRECTION('',(-1.,0.,0.));
#3361 = ADVANCED_FACE('',(#3362),#3373,.F.);
#3362 = FACE_BOUND('',#3363,.F.);
#3363 = EDGE_LOOP('',(#3364,#3365,#3371,#3372));
#3364 = ORIENTED_EDGE('',*,*,#2993,.T.);
#3365 = ORIENTED_EDGE('',*,*,#3366,.T.);
#3366 = EDGE_CURVE('',#2994,#3074,#3367,.T.);
#3367 = LINE('',#3368,#3369);
#3368 = CARTESIAN_POINT('',(15.,-10.,15.));
#3369 = VECTOR('',#3370,1.);
#3370 = DIRECTION('',(-1.,0.,0.));
#3371 = ORIENTED_EDGE('',*,*,#3081,.F.);
#3372 = ORIENTED_EDGE('',*,*,#3351,.F.);
#3373 = PLANE('',#3374);
#3374 = AXIS2_PLACEMENT_3D('',#3375,#3376,#3377);
#3375 = CARTESIAN_POINT('',(15.,-15.,15.));
#3376 = DIRECTION('',(0.,2.22044604925E-16,1.));
#3377 = DIRECTION('',(-1.,0.,0.));
#3378 = ADVANCED_FACE('',(#3379),#3390,.T.);
#3379 = FACE_BOUND('',#3380,.T.);
#3380 = EDGE_LOOP('',(#3381,#3382,#3383,#3384));
#3381 = ORIENTED_EDGE('',*,*,#3001,.T.);
#3382 = ORIENTED_EDGE('',*,*,#3366,.T.);
#3383 = ORIENTED_EDGE('',*,*,#3073,.T.);
#3384 = ORIENTED_EDGE('',*,*,#3385,.T.);
#3385 = EDGE_CURVE('',#3066,#3002,#3386,.T.);
#3386 = LINE('',#3387,#3388);
#3387 = CARTESIAN_POINT('',(-15.,-10.,20.));
#3388 = VECTOR('',#3389,1.);
#3389 = DIRECTION('',(1.,0.,0.));
#3390 = PLANE('',#3391);
#3391 = AXIS2_PLACEMENT_3D('',#3392,#3393,#3394);
#3392 = CARTESIAN_POINT('',(0.,-10.,17.5));
#3393 = DIRECTION('',(0.,1.,-3.552713678801E-16));
#3394 = DIRECTION('',(0.,3.552713678801E-16,1.));
#3395 = ADVANCED_FACE('',(#3396),#3407,.T.);
#3396 = FACE_BOUND('',#3397,.T.);
#3397 = EDGE_LOOP('',(#3398,#3404,#3405,#3406));
#3398 = ORIENTED_EDGE('',*,*,#3399,.T.);
#3399 = EDGE_CURVE('',#3058,#3010,#3400,.T.);
#3400 = LINE('',#3401,#3402);
#3401 = CARTESIAN_POINT('',(-15.,-20.,20.));
#3402 = VECTOR('',#3403,1.);
#3403 = DIRECTION('',(1.,0.,0.));
#3404 = ORIENTED_EDGE('',*,*,#3009,.T.);
#3405 = ORIENTED_EDGE('',*,*,#3385,.F.);
#3406 = ORIENTED_EDGE('',*,*,#3065,.T.);
#3407 = PLANE('',#3408);
#3408 = AXIS2_PLACEMENT_3D('',#3409,#3410,#3411);
#3409 = CARTESIAN_POINT('',(1.110223024625E-17,-15.,20.));
#3410 = DIRECTION('',(0.,0.,1.));
#3411 = DIRECTION('',(1.,0.,0.));
#3412 = ADVANCED_FACE('',(#3413),#3419,.T.);
#3413 = FACE_BOUND('',#3414,.T.);
#3414 = EDGE_LOOP('',(#3415,#3416,#3417,#3418));
#3415 = ORIENTED_EDGE('',*,*,#3193,.T.);
#3416 = ORIENTED_EDGE('',*,*,#3017,.T.);
#3417 = ORIENTED_EDGE('',*,*,#3399,.F.);
#3418 = ORIENTED_EDGE('',*,*,#3055,.F.);
#3419 = PLANE('',#3420);
#3420 = AXIS2_PLACEMENT_3D('',#3421,#3422,#3423);
#3421 = CARTESIAN_POINT('',(0.,-20.,10.));
#3422 = DIRECTION('',(-0.,-1.,-0.));
#3423 = DIRECTION('',(0.,0.,-1.));
#3424 = ADVANCED_FACE('',(#3425),#3444,.F.);
#3425 = FACE_BOUND('',#3426,.F.);
#3426 = EDGE_LOOP('',(#3427,#3435,#3442,#3443));
#3427 = ORIENTED_EDGE('',*,*,#3428,.T.);
#3428 = EDGE_CURVE('',#3202,#3429,#3431,.T.);
#3429 = VERTEX_POINT('',#3430);
#3430 = CARTESIAN_POINT('',(10.,-11.,5.));
#3431 = LINE('',#3432,#3433);
#3432 = CARTESIAN_POINT('',(10.,-11.,0.));
#3433 = VECTOR('',#3434,1.);
#3434 = DIRECTION('',(0.,0.,1.));
#3435 = ORIENTED_EDGE('',*,*,#3436,.T.);
#3436 = EDGE_CURVE('',#3429,#3429,#3437,.T.);
#3437 = CIRCLE('',#3438,2.);
#3438 = AXIS2_PLACEMENT_3D('',#3439,#3440,#3441);
#3439 = CARTESIAN_POINT('',(8.,-11.,5.));
#3440 = DIRECTION('',(0.,0.,-1.));
#3441 = DIRECTION('',(1.,0.,0.));
#3442 = ORIENTED_EDGE('',*,*,#3428,.F.);
#3443 = ORIENTED_EDGE('',*,*,#3201,.F.);
#3444 = CYLINDRICAL_SURFACE('',#3445,2.);
#3445 = AXIS2_PLACEMENT_3D('',#3446,#3447,#3448);
#3446 = CARTESIAN_POINT('',(8.,-11.,0.));
#3447 = DIRECTION('',(0.,0.,-1.));
#3448 = DIRECTION('',(1.,0.,0.));
#3449 = ADVANCED_FACE('',(#3450),#3469,.F.);
#3450 = FACE_BOUND('',#3451,.F.);
#3451 = EDGE_LOOP('',(#3452,#3460,#3467,#3468));
#3452 = ORIENTED_EDGE('',*,*,#3453,.T.);
#3453 = EDGE_CURVE('',#3213,#3454,#3456,.T.);
#3454 = VERTEX_POINT('',#3455);
#3455 = CARTESIAN_POINT('',(-6.,-11.,5.));
#3456 = LINE('',#3457,#3458);
#3457 = CARTESIAN_POINT('',(-6.,-11.,0.));
#3458 = VECTOR('',#3459,1.);
#3459 = DIRECTION('',(0.,0.,1.));
#3460 = ORIENTED_EDGE('',*,*,#3461,.T.);
#3461 = EDGE_CURVE('',#3454,#3454,#3462,.T.);
#3462 = CIRCLE('',#3463,2.);
#3463 = AXIS2_PLACEMENT_3D('',#3464,#3465,#3466);
#3464 = CARTESIAN_POINT('',(-8.,-11.,5.));
#3465 = DIRECTION('',(0.,0.,-1.));
#3466 = DIRECTION('',(1.,0.,0.));
#3467 = ORIENTED_EDGE('',*,*,#3453,.F.);
#3468 = ORIENTED_EDGE('',*,*,#3212,.F.);
#3469 = CYLINDRICAL_SURFACE('',#3470,2.);
#3470 = AXIS2_PLACEMENT_3D('',#3471,#3472,#3473);
#3471 = CARTESIAN_POINT('',(-8.,-11.,0.));
#3472 = DIRECTION('',(0.,0.,-1.));
#3473 = DIRECTION('',(1.,0.,0.));
#3474 = ADVANCED_FACE('',(#3475),#3494,.F.);
#3475 = FACE_BOUND('',#3476,.F.);
#3476 = EDGE_LOOP('',(#3477,#3485,#3492,#3493));
#3477 = ORIENTED_EDGE('',*,*,#3478,.T.);
#3478 = EDGE_CURVE('',#3224,#3479,#3481,.T.);
#3479 = VERTEX_POINT('',#3480);
#3480 = CARTESIAN_POINT('',(10.,11.,5.));
#3481 = LINE('',#3482,#3483);
#3482 = CARTESIAN_POINT('',(10.,11.,0.));
#3483 = VECTOR('',#3484,1.);
#3484 = DIRECTION('',(0.,0.,1.));
#3485 = ORIENTED_EDGE('',*,*,#3486,.T.);
#3486 = EDGE_CURVE('',#3479,#3479,#3487,.T.);
#3487 = CIRCLE('',#3488,2.);
#3488 = AXIS2_PLACEMENT_3D('',#3489,#3490,#3491);
#3489 = CARTESIAN_POINT('',(8.,11.,5.));
#3490 = DIRECTION('',(0.,0.,-1.));
#3491 = DIRECTION('',(1.,0.,0.));
#3492 = ORIENTED_EDGE('',*,*,#3478,.F.);
#3493 = ORIENTED_EDGE('',*,*,#3223,.F.);
#3494 = CYLINDRICAL_SURFACE('',#3495,2.);
#3495 = AXIS2_PLACEMENT_3D('',#3496,#3497,#3498);
#3496 = CARTESIAN_POINT('',(8.,11.,0.));
#3497 = DIRECTION('',(0.,0.,-1.));
#3498 = DIRECTION('',(1.,0.,0.));
#3499 = ADVANCED_FACE('',(#3500),#3519,.F.);
#3500 = FACE_BOUND('',#3501,.F.);
#3501 = EDGE_LOOP('',(#3502,#3510,#3517,#3518));
#3502 = ORIENTED_EDGE('',*,*,#3503,.T.);
#3503 = EDGE_CURVE('',#3235,#3504,#3506,.T.);
#3504 = VERTEX_POINT('',#3505);
#3505 = CARTESIAN_POINT('',(-6.,11.,5.));
#3506 = LINE('',#3507,#3508);
#3507 = CARTESIAN_POINT('',(-6.,11.,0.));
#3508 = VECTOR('',#3509,1.);
#3509 = DIRECTION('',(0.,0.,1.));
#3510 = ORIENTED_EDGE('',*,*,#3511,.T.);
#3511 = EDGE_CURVE('',#3504,#3504,#3512,.T.);
#3512 = CIRCLE('',#3513,2.);
#3513 = AXIS2_PLACEMENT_3D('',#3514,#3515,#3516);
#3514 = CARTESIAN_POINT('',(-8.,11.,5.));
#3515 = DIRECTION('',(0.,0.,-1.));
#3516 = DIRECTION('',(1.,0.,0.));
#3517 = ORIENTED_EDGE('',*,*,#3503,.F.);
#3518 = ORIENTED_EDGE('',*,*,#3234,.F.);
#3519 = CYLINDRICAL_SURFACE('',#3520,2.);
#3520 = AXIS2_PLACEMENT_3D('',#3521,#3522,#3523);
#3521 = CARTESIAN_POINT('',(-8.,11.,0.));
#3522 = DIRECTION('',(0.,0.,-1.));
#3523 = DIRECTION('',(1.,0.,0.));
#3524 = ADVANCED_FACE('',(#3525),#3528,.F.);
#3525 = FACE_BOUND('',#3526,.T.);
#3526 = EDGE_LOOP('',(#3527));
#3527 = ORIENTED_EDGE('',*,*,#3436,.T.);
#3528 = PLANE('',#3529);
#3529 = AXIS2_PLACEMENT_3D('',#3530,#3531,#3532);
#3530 = CARTESIAN_POINT('',(6.409875621279E-16,-2.136625207093E-17,5.));
#3531 = DIRECTION('',(0.,0.,1.));
#3532 = DIRECTION('',(1.,0.,0.));
#3533 = ADVANCED_FACE('',(#3534),#3537,.F.);
#3534 = FACE_BOUND('',#3535,.T.);
#3535 = EDGE_LOOP('',(#3536));
#3536 = ORIENTED_EDGE('',*,*,#3461,.T.);
#3537 = PLANE('',#3538);
#3538 = AXIS2_PLACEMENT_3D('',#3539,#3540,#3541);
#3539 = CARTESIAN_POINT('',(6.409875621279E-16,-2.136625207093E-17,5.));
#3540 = DIRECTION('',(0.,0.,1.));
#3541 = DIRECTION('',(1.,0.,0.));
#3542 = ADVANCED_FACE('',(#3543),#3546,.F.);
#3543 = FACE_BOUND('',#3544,.T.);
#3544 = EDGE_LOOP('',(#3545));
#3545 = ORIENTED_EDGE('',*,*,#3486,.T.);
#3546 = PLANE('',#3547);
#3547 = AXIS2_PLACEMENT_3D('',#3548,#3549,#3550);
#3548 = CARTESIAN_POINT('',(6.409875621279E-16,-2.136625207093E-17,5.));
#3549 = DIRECTION('',(0.,0.,1.));
#3550 = DIRECTION('',(1.,0.,0.));
#3551 = ADVANCED_FACE('',(#3552),#3555,.F.);
#3552 = FACE_BOUND('',#3553,.T.);
#3553 = EDGE_LOOP('',(#3554));
#3554 = ORIENTED_EDGE('',*,*,#3511,.T.);
#3555 = PLANE('',#3556);
#3556 = AXIS2_PLACEMENT_3D('',#3557,#3558,#3559);
#3557 = CARTESIAN_POINT('',(6.409875621279E-16,-2.136625207093E-17,5.));
#3558 = DIRECTION('',(0.,0.,1.));
#3559 = DIRECTION('',(1.,0.,0.));
#3560 = ( GEOMETRIC_REPRESENTATION_CONTEXT(3) 
GLOBAL_UNCERTAINTY_ASSIGNED_CONTEXT((#3564)) 
GLOBAL_UNIT_ASSIGNED_CONTEXT((#3561,#3562,#3563)) REPRESENTATION_CONTEXT
('Context #1','3D Context with UNIT and UNCERTAINTY') );
#3561 = ( LENGTH_UNIT() NAMED_UNIT(*) SI_UNIT(.MILLI.,.METRE.) );
#3562 = ( NAMED_UNIT(*) PLANE_ANGLE_UNIT() SI_UNIT($,.RADIAN.) );
#3563 = ( NAMED_UNIT(*) SI_UNIT($,.STERADIAN.) SOLID_ANGLE_UNIT() );
#3564 = UNCERTAINTY_MEASURE_WITH_UNIT(LENGTH_MEASURE(1.E-07),#3561,
  'distance_accuracy_value','confusion accuracy');
#3565 = CONTEXT_DEPENDENT_SHAPE_REPRESENTATION(#3566,#3568);
#3566 = ( REPRESENTATION_RELATIONSHIP('','',#2833,#2810) 
REPRESENTATION_RELATIONSHIP_WITH_TRANSFORMATION(#3567) 
SHAPE_REPRESENTATION_RELATIONSHIP() );
#3567 = ITEM_DEFINED_TRANSFORMATION('','',#11,#2811);
#3568 = PRODUCT_DEFINITION_SHAPE('Placement','Placement of an item',
  #3569);
#3569 = NEXT_ASSEMBLY_USAGE_OCCURRENCE('7','Body001','',#2805,#2828,$);
#3570 = PRODUCT_RELATED_PRODUCT_CATEGORY('part',$,(#2830));
#3571 = SHAPE_DEFINITION_REPRESENTATION(#3572,#3578);
#3572 = PRODUCT_DEFINITION_SHAPE('','',#3573);
#3573 = PRODUCT_DEFINITION('design','',#3574,#3577);
#3574 = PRODUCT_DEFINITION_FORMATION('','',#3575);
#3575 = PRODUCT('claw1','claw1','',(#3576));
#3576 = PRODUCT_CONTEXT('',#2,'mechanical');
#3577 = PRODUCT_DEFINITION_CONTEXT('part definition',#2,'design');
#3578 = SHAPE_REPRESENTATION('',(#11,#3579),#3583);
#3579 = AXIS2_PLACEMENT_3D('',#3580,#3581,#3582);
#3580 = CARTESIAN_POINT('',(0.,0.,0.));
#3581 = DIRECTION('',(0.,0.,1.));
#3582 = DIRECTION('',(1.,0.,0.));
#3583 = ( GEOMETRIC_REPRESENTATION_CONTEXT(3) 
GLOBAL_UNCERTAINTY_ASSIGNED_CONTEXT((#3587)) 
GLOBAL_UNIT_ASSIGNED_CONTEXT((#3584,#3585,#3586)) REPRESENTATION_CONTEXT
('Context #1','3D Context with UNIT and UNCERTAINTY') );
#3584 = ( LENGTH_UNIT() NAMED_UNIT(*) SI_UNIT(.MILLI.,.METRE.) );
#3585 = ( NAMED_UNIT(*) PLANE_ANGLE_UNIT() SI_UNIT($,.RADIAN.) );
#3586 = ( NAMED_UNIT(*) SI_UNIT($,.STERADIAN.) SOLID_ANGLE_UNIT() );
#3587 = UNCERTAINTY_MEASURE_WITH_UNIT(LENGTH_MEASURE(5.E-06),#3584,
  'distance_accuracy_value','confusion accuracy');
#3588 = CONTEXT_DEPENDENT_SHAPE_REPRESENTATION(#3589,#3591);
#3589 = ( REPRESENTATION_RELATIONSHIP('','',#3578,#10) 
REPRESENTATION_RELATIONSHIP_WITH_TRANSFORMATION(#3590) 
SHAPE_REPRESENTATION_RELATIONSHIP() );
#3590 = ITEM_DEFINED_TRANSFORMATION('','',#11,#31);
#3591 = PRODUCT_DEFINITION_SHAPE('Placement','Placement of an item',
  #3592);
#3592 = NEXT_ASSEMBLY_USAGE_OCCURRENCE('10','claw1','',#5,#3573,$);
#3593 = PRODUCT_RELATED_PRODUCT_CATEGORY('part',$,(#3575));
#3594 = SHAPE_DEFINITION_REPRESENTATION(#3595,#3601);
#3595 = PRODUCT_DEFINITION_SHAPE('','',#3596);
#3596 = PRODUCT_DEFINITION('design','',#3597,#3600);
#3597 = PRODUCT_DEFINITION_FORMATION('','',#3598);
#3598 = PRODUCT('Body003','Body003','',(#3599));
#3599 = PRODUCT_CONTEXT('',#2,'mechanical');
#3600 = PRODUCT_DEFINITION_CONTEXT('part definition',#2,'design');
#3601 = ADVANCED_BREP_SHAPE_REPRESENTATION('',(#11,#3602),#4937);
#3602 = MANIFOLD_SOLID_BREP('',#3603);
#3603 = CLOSED_SHELL('',(#3604,#3691,#3754,#3779,#3804,#3892,#3916,#3941
    ,#3966,#3999,#4024,#4112,#4131,#4154,#4187,#4211,#4305,#4322,#4364,
    #4488,#4513,#4532,#4550,#4567,#4601,#4618,#4635,#4652,#4669,#4681,
    #4706,#4730,#4755,#4779,#4817,#4834,#4851,#4876,#4894,#4906,#4923));
#3604 = ADVANCED_FACE('',(#3605,#3675),#3686,.T.);
#3605 = FACE_BOUND('',#3606,.T.);
#3606 = EDGE_LOOP('',(#3607,#3617,#3626,#3634,#3643,#3651,#3660,#3668));
#3607 = ORIENTED_EDGE('',*,*,#3608,.T.);
#3608 = EDGE_CURVE('',#3609,#3611,#3613,.T.);
#3609 = VERTEX_POINT('',#3610);
#3610 = CARTESIAN_POINT('',(32.,20.099758109525,20.));
#3611 = VERTEX_POINT('',#3612);
#3612 = CARTESIAN_POINT('',(125.,20.099758109525,20.));
#3613 = LINE('',#3614,#3615);
#3614 = CARTESIAN_POINT('',(30.,20.099758109525,20.));
#3615 = VECTOR('',#3616,1.);
#3616 = DIRECTION('',(1.,0.,0.));
#3617 = ORIENTED_EDGE('',*,*,#3618,.F.);
#3618 = EDGE_CURVE('',#3619,#3611,#3621,.T.);
#3619 = VERTEX_POINT('',#3620);
#3620 = CARTESIAN_POINT('',(130.,25.099758109525,20.));
#3621 = CIRCLE('',#3622,5.);
#3622 = AXIS2_PLACEMENT_3D('',#3623,#3624,#3625);
#3623 = CARTESIAN_POINT('',(125.,25.099758109525,20.));
#3624 = DIRECTION('',(0.,0.,-1.));
#3625 = DIRECTION('',(0.,1.,0.));
#3626 = ORIENTED_EDGE('',*,*,#3627,.F.);
#3627 = EDGE_CURVE('',#3628,#3619,#3630,.T.);
#3628 = VERTEX_POINT('',#3629);
#3629 = CARTESIAN_POINT('',(130.,30.1,20.));
#3630 = LINE('',#3631,#3632);
#3631 = CARTESIAN_POINT('',(130.,40.1,20.));
#3632 = VECTOR('',#3633,1.);
#3633 = DIRECTION('',(0.,-1.,0.));
#3634 = ORIENTED_EDGE('',*,*,#3635,.F.);
#3635 = EDGE_CURVE('',#3636,#3628,#3638,.T.);
#3636 = VERTEX_POINT('',#3637);
#3637 = CARTESIAN_POINT('',(120.,40.1,20.));
#3638 = CIRCLE('',#3639,10.);
#3639 = AXIS2_PLACEMENT_3D('',#3640,#3641,#3642);
#3640 = CARTESIAN_POINT('',(120.,30.1,20.));
#3641 = DIRECTION('',(0.,0.,-1.));
#3642 = DIRECTION('',(0.,1.,0.));
#3643 = ORIENTED_EDGE('',*,*,#3644,.F.);
#3644 = EDGE_CURVE('',#3645,#3636,#3647,.T.);
#3645 = VERTEX_POINT('',#3646);
#3646 = CARTESIAN_POINT('',(40.,40.1,20.));
#3647 = LINE('',#3648,#3649);
#3648 = CARTESIAN_POINT('',(110.,40.1,20.));
#3649 = VECTOR('',#3650,1.);
#3650 = DIRECTION('',(1.,0.,0.));
#3651 = ORIENTED_EDGE('',*,*,#3652,.F.);
#3652 = EDGE_CURVE('',#3653,#3645,#3655,.T.);
#3653 = VERTEX_POINT('',#3654);
#3654 = CARTESIAN_POINT('',(30.,30.1,20.));
#3655 = CIRCLE('',#3656,10.);
#3656 = AXIS2_PLACEMENT_3D('',#3657,#3658,#3659);
#3657 = CARTESIAN_POINT('',(40.,30.1,20.));
#3658 = DIRECTION('',(-0.,-0.,-1.));
#3659 = DIRECTION('',(0.,-1.,0.));
#3660 = ORIENTED_EDGE('',*,*,#3661,.T.);
#3661 = EDGE_CURVE('',#3653,#3662,#3664,.T.);
#3662 = VERTEX_POINT('',#3663);
#3663 = CARTESIAN_POINT('',(30.,22.099758109525,20.));
#3664 = LINE('',#3665,#3666);
#3665 = CARTESIAN_POINT('',(30.,40.1,20.));
#3666 = VECTOR('',#3667,1.);
#3667 = DIRECTION('',(0.,-1.,0.));
#3668 = ORIENTED_EDGE('',*,*,#3669,.F.);
#3669 = EDGE_CURVE('',#3609,#3662,#3670,.T.);
#3670 = CIRCLE('',#3671,2.);
#3671 = AXIS2_PLACEMENT_3D('',#3672,#3673,#3674);
#3672 = CARTESIAN_POINT('',(32.,22.099758109525,20.));
#3673 = DIRECTION('',(-0.,-0.,-1.));
#3674 = DIRECTION('',(0.,-1.,0.));
#3675 = FACE_BOUND('',#3676,.T.);
#3676 = EDGE_LOOP('',(#3677));
#3677 = ORIENTED_EDGE('',*,*,#3678,.F.);
#3678 = EDGE_CURVE('',#3679,#3679,#3681,.T.);
#3679 = VERTEX_POINT('',#3680);
#3680 = CARTESIAN_POINT('',(39.,30.1,20.));
#3681 = CIRCLE('',#3682,2.);
#3682 = AXIS2_PLACEMENT_3D('',#3683,#3684,#3685);
#3683 = CARTESIAN_POINT('',(37.,30.1,20.));
#3684 = DIRECTION('',(0.,0.,1.));
#3685 = DIRECTION('',(1.,0.,0.));
#3686 = PLANE('',#3687);
#3687 = AXIS2_PLACEMENT_3D('',#3688,#3689,#3690);
#3688 = CARTESIAN_POINT('',(80.,30.099879054763,20.));
#3689 = DIRECTION('',(-5.458270493477E-16,0.,1.));
#3690 = DIRECTION('',(1.,0.,5.458270493477E-16));
#3691 = ADVANCED_FACE('',(#3692),#3749,.T.);
#3692 = FACE_BOUND('',#3693,.T.);
#3693 = EDGE_LOOP('',(#3694,#3695,#3703,#3711,#3719,#3727,#3735,#3743));
#3694 = ORIENTED_EDGE('',*,*,#3608,.F.);
#3695 = ORIENTED_EDGE('',*,*,#3696,.F.);
#3696 = EDGE_CURVE('',#3697,#3609,#3699,.T.);
#3697 = VERTEX_POINT('',#3698);
#3698 = CARTESIAN_POINT('',(32.,20.099758109525,10.));
#3699 = LINE('',#3700,#3701);
#3700 = CARTESIAN_POINT('',(32.,20.099758109525,10.));
#3701 = VECTOR('',#3702,1.);
#3702 = DIRECTION('',(0.,0.,1.));
#3703 = ORIENTED_EDGE('',*,*,#3704,.T.);
#3704 = EDGE_CURVE('',#3697,#3705,#3707,.T.);
#3705 = VERTEX_POINT('',#3706);
#3706 = CARTESIAN_POINT('',(60.,20.099758109525,10.));
#3707 = LINE('',#3708,#3709);
#3708 = CARTESIAN_POINT('',(30.,20.099758109525,10.));
#3709 = VECTOR('',#3710,1.);
#3710 = DIRECTION('',(1.,0.,0.));
#3711 = ORIENTED_EDGE('',*,*,#3712,.T.);
#3712 = EDGE_CURVE('',#3705,#3713,#3715,.T.);
#3713 = VERTEX_POINT('',#3714);
#3714 = CARTESIAN_POINT('',(110.,20.099758109525,10.));
#3715 = LINE('',#3716,#3717);
#3716 = CARTESIAN_POINT('',(30.,20.099758109525,10.));
#3717 = VECTOR('',#3718,1.);
#3718 = DIRECTION('',(1.,0.,0.));
#3719 = ORIENTED_EDGE('',*,*,#3720,.F.);
#3720 = EDGE_CURVE('',#3721,#3713,#3723,.T.);
#3721 = VERTEX_POINT('',#3722);
#3722 = CARTESIAN_POINT('',(110.,20.099758109525,2.063697653342E-14));
#3723 = LINE('',#3724,#3725);
#3724 = CARTESIAN_POINT('',(110.,20.099758109525,0.));
#3725 = VECTOR('',#3726,1.);
#3726 = DIRECTION('',(0.,0.,1.));
#3727 = ORIENTED_EDGE('',*,*,#3728,.T.);
#3728 = EDGE_CURVE('',#3721,#3729,#3731,.T.);
#3729 = VERTEX_POINT('',#3730);
#3730 = CARTESIAN_POINT('',(110.,20.099758109525,-30.));
#3731 = LINE('',#3732,#3733);
#3732 = CARTESIAN_POINT('',(110.,20.099758109525,-2.693530522374E-14));
#3733 = VECTOR('',#3734,1.);
#3734 = DIRECTION('',(0.,0.,-1.));
#3735 = ORIENTED_EDGE('',*,*,#3736,.F.);
#3736 = EDGE_CURVE('',#3737,#3729,#3739,.T.);
#3737 = VERTEX_POINT('',#3738);
#3738 = CARTESIAN_POINT('',(125.,20.099758109525,-30.));
#3739 = LINE('',#3740,#3741);
#3740 = CARTESIAN_POINT('',(130.,20.099758109525,-30.));
#3741 = VECTOR('',#3742,1.);
#3742 = DIRECTION('',(-1.,0.,0.));
#3743 = ORIENTED_EDGE('',*,*,#3744,.F.);
#3744 = EDGE_CURVE('',#3611,#3737,#3745,.T.);
#3745 = LINE('',#3746,#3747);
#3746 = CARTESIAN_POINT('',(125.,20.099758109525,20.));
#3747 = VECTOR('',#3748,1.);
#3748 = DIRECTION('',(0.,0.,-1.));
#3749 = PLANE('',#3750);
#3750 = AXIS2_PLACEMENT_3D('',#3751,#3752,#3753);
#3751 = CARTESIAN_POINT('',(90.666666666667,20.099758109525,
    5.666666666667));
#3752 = DIRECTION('',(-0.,-1.,-0.));
#3753 = DIRECTION('',(0.,0.,-1.));
#3754 = ADVANCED_FACE('',(#3755),#3774,.T.);
#3755 = FACE_BOUND('',#3756,.F.);
#3756 = EDGE_LOOP('',(#3757,#3766,#3772,#3773));
#3757 = ORIENTED_EDGE('',*,*,#3758,.T.);
#3758 = EDGE_CURVE('',#3697,#3759,#3761,.T.);
#3759 = VERTEX_POINT('',#3760);
#3760 = CARTESIAN_POINT('',(30.,22.099758109525,10.));
#3761 = CIRCLE('',#3762,2.);
#3762 = AXIS2_PLACEMENT_3D('',#3763,#3764,#3765);
#3763 = CARTESIAN_POINT('',(32.,22.099758109525,10.));
#3764 = DIRECTION('',(-0.,-0.,-1.));
#3765 = DIRECTION('',(0.,-1.,0.));
#3766 = ORIENTED_EDGE('',*,*,#3767,.T.);
#3767 = EDGE_CURVE('',#3759,#3662,#3768,.T.);
#3768 = LINE('',#3769,#3770);
#3769 = CARTESIAN_POINT('',(30.,22.099758109525,10.));
#3770 = VECTOR('',#3771,1.);
#3771 = DIRECTION('',(0.,0.,1.));
#3772 = ORIENTED_EDGE('',*,*,#3669,.F.);
#3773 = ORIENTED_EDGE('',*,*,#3696,.F.);
#3774 = CYLINDRICAL_SURFACE('',#3775,2.);
#3775 = AXIS2_PLACEMENT_3D('',#3776,#3777,#3778);
#3776 = CARTESIAN_POINT('',(32.,22.099758109525,10.));
#3777 = DIRECTION('',(0.,0.,1.));
#3778 = DIRECTION('',(0.,-1.,0.));
#3779 = ADVANCED_FACE('',(#3780),#3799,.T.);
#3780 = FACE_BOUND('',#3781,.T.);
#3781 = EDGE_LOOP('',(#3782,#3783,#3784,#3793));
#3782 = ORIENTED_EDGE('',*,*,#3618,.T.);
#3783 = ORIENTED_EDGE('',*,*,#3744,.T.);
#3784 = ORIENTED_EDGE('',*,*,#3785,.F.);
#3785 = EDGE_CURVE('',#3786,#3737,#3788,.T.);
#3786 = VERTEX_POINT('',#3787);
#3787 = CARTESIAN_POINT('',(130.,25.099758109525,-30.));
#3788 = CIRCLE('',#3789,5.);
#3789 = AXIS2_PLACEMENT_3D('',#3790,#3791,#3792);
#3790 = CARTESIAN_POINT('',(125.,25.099758109525,-30.));
#3791 = DIRECTION('',(0.,0.,-1.));
#3792 = DIRECTION('',(0.,1.,0.));
#3793 = ORIENTED_EDGE('',*,*,#3794,.F.);
#3794 = EDGE_CURVE('',#3619,#3786,#3795,.T.);
#3795 = LINE('',#3796,#3797);
#3796 = CARTESIAN_POINT('',(130.,25.099758109525,20.));
#3797 = VECTOR('',#3798,1.);
#3798 = DIRECTION('',(0.,0.,-1.));
#3799 = CYLINDRICAL_SURFACE('',#3800,5.);
#3800 = AXIS2_PLACEMENT_3D('',#3801,#3802,#3803);
#3801 = CARTESIAN_POINT('',(125.,25.099758109525,20.));
#3802 = DIRECTION('',(0.,0.,-1.));
#3803 = DIRECTION('',(1.,0.,0.));
#3804 = ADVANCED_FACE('',(#3805),#3887,.T.);
#3805 = FACE_BOUND('',#3806,.T.);
#3806 = EDGE_LOOP('',(#3807,#3817,#3825,#3833,#3841,#3847,#3848,#3849,
    #3857,#3865,#3873,#3881));
#3807 = ORIENTED_EDGE('',*,*,#3808,.F.);
#3808 = EDGE_CURVE('',#3809,#3811,#3813,.T.);
#3809 = VERTEX_POINT('',#3810);
#3810 = CARTESIAN_POINT('',(30.,-22.10024189084,20.));
#3811 = VERTEX_POINT('',#3812);
#3812 = CARTESIAN_POINT('',(30.,-30.1,20.));
#3813 = LINE('',#3814,#3815);
#3814 = CARTESIAN_POINT('',(30.,-20.10024189084,20.));
#3815 = VECTOR('',#3816,1.);
#3816 = DIRECTION('',(0.,-1.,0.));
#3817 = ORIENTED_EDGE('',*,*,#3818,.F.);
#3818 = EDGE_CURVE('',#3819,#3809,#3821,.T.);
#3819 = VERTEX_POINT('',#3820);
#3820 = CARTESIAN_POINT('',(30.,-22.10024189084,10.));
#3821 = LINE('',#3822,#3823);
#3822 = CARTESIAN_POINT('',(30.,-22.10024189084,10.));
#3823 = VECTOR('',#3824,1.);
#3824 = DIRECTION('',(0.,0.,1.));
#3825 = ORIENTED_EDGE('',*,*,#3826,.F.);
#3826 = EDGE_CURVE('',#3827,#3819,#3829,.T.);
#3827 = VERTEX_POINT('',#3828);
#3828 = CARTESIAN_POINT('',(30.,-20.10024189084,10.));
#3829 = LINE('',#3830,#3831);
#3830 = CARTESIAN_POINT('',(30.,-6.9613709879E-05,10.));
#3831 = VECTOR('',#3832,1.);
#3832 = DIRECTION('',(-0.,-1.,-0.));
#3833 = ORIENTED_EDGE('',*,*,#3834,.F.);
#3834 = EDGE_CURVE('',#3835,#3827,#3837,.T.);
#3835 = VERTEX_POINT('',#3836);
#3836 = CARTESIAN_POINT('',(30.,20.099758109525,10.));
#3837 = LINE('',#3838,#3839);
#3838 = CARTESIAN_POINT('',(30.,40.1,10.));
#3839 = VECTOR('',#3840,1.);
#3840 = DIRECTION('',(0.,-1.,0.));
#3841 = ORIENTED_EDGE('',*,*,#3842,.T.);
#3842 = EDGE_CURVE('',#3835,#3759,#3843,.T.);
#3843 = LINE('',#3844,#3845);
#3844 = CARTESIAN_POINT('',(30.,-6.9613709879E-05,10.));
#3845 = VECTOR('',#3846,1.);
#3846 = DIRECTION('',(0.,1.,0.));
#3847 = ORIENTED_EDGE('',*,*,#3767,.T.);
#3848 = ORIENTED_EDGE('',*,*,#3661,.F.);
#3849 = ORIENTED_EDGE('',*,*,#3850,.F.);
#3850 = EDGE_CURVE('',#3851,#3653,#3853,.T.);
#3851 = VERTEX_POINT('',#3852);
#3852 = CARTESIAN_POINT('',(30.,30.1,10.));
#3853 = LINE('',#3854,#3855);
#3854 = CARTESIAN_POINT('',(30.,30.1,10.));
#3855 = VECTOR('',#3856,1.);
#3856 = DIRECTION('',(0.,0.,1.));
#3857 = ORIENTED_EDGE('',*,*,#3858,.T.);
#3858 = EDGE_CURVE('',#3851,#3859,#3861,.T.);
#3859 = VERTEX_POINT('',#3860);
#3860 = CARTESIAN_POINT('',(30.,30.099969763645,10.));
#3861 = LINE('',#3862,#3863);
#3862 = CARTESIAN_POINT('',(30.,-3.504319608522E-05,10.));
#3863 = VECTOR('',#3864,1.);
#3864 = DIRECTION('',(-0.,-1.,-0.));
#3865 = ORIENTED_EDGE('',*,*,#3866,.F.);
#3866 = EDGE_CURVE('',#3867,#3859,#3869,.T.);
#3867 = VERTEX_POINT('',#3868);
#3868 = CARTESIAN_POINT('',(30.,30.099969763645,0.));
#3869 = LINE('',#3870,#3871);
#3870 = CARTESIAN_POINT('',(30.,30.099969763645,0.));
#3871 = VECTOR('',#3872,1.);
#3872 = DIRECTION('',(0.,0.,1.));
#3873 = ORIENTED_EDGE('',*,*,#3874,.T.);
#3874 = EDGE_CURVE('',#3867,#3875,#3877,.T.);
#3875 = VERTEX_POINT('',#3876);
#3876 = CARTESIAN_POINT('',(30.,-30.1,0.));
#3877 = LINE('',#3878,#3879);
#3878 = CARTESIAN_POINT('',(30.,40.1,0.));
#3879 = VECTOR('',#3880,1.);
#3880 = DIRECTION('',(0.,-1.,0.));
#3881 = ORIENTED_EDGE('',*,*,#3882,.T.);
#3882 = EDGE_CURVE('',#3875,#3811,#3883,.T.);
#3883 = LINE('',#3884,#3885);
#3884 = CARTESIAN_POINT('',(30.,-30.1,10.));
#3885 = VECTOR('',#3886,1.);
#3886 = DIRECTION('',(0.,0.,1.));
#3887 = PLANE('',#3888);
#3888 = AXIS2_PLACEMENT_3D('',#3889,#3890,#3891);
#3889 = CARTESIAN_POINT('',(30.,-2.195015069642E-05,8.629764065319));
#3890 = DIRECTION('',(-1.,-0.,-0.));
#3891 = DIRECTION('',(0.,0.,-1.));
#3892 = ADVANCED_FACE('',(#3893),#3911,.T.);
#3893 = FACE_BOUND('',#3894,.T.);
#3894 = EDGE_LOOP('',(#3895,#3896,#3897,#3905));
#3895 = ORIENTED_EDGE('',*,*,#3627,.T.);
#3896 = ORIENTED_EDGE('',*,*,#3794,.T.);
#3897 = ORIENTED_EDGE('',*,*,#3898,.F.);
#3898 = EDGE_CURVE('',#3899,#3786,#3901,.T.);
#3899 = VERTEX_POINT('',#3900);
#3900 = CARTESIAN_POINT('',(130.,30.1,-30.));
#3901 = LINE('',#3902,#3903);
#3902 = CARTESIAN_POINT('',(130.,40.1,-30.));
#3903 = VECTOR('',#3904,1.);
#3904 = DIRECTION('',(0.,-1.,0.));
#3905 = ORIENTED_EDGE('',*,*,#3906,.F.);
#3906 = EDGE_CURVE('',#3628,#3899,#3907,.T.);
#3907 = LINE('',#3908,#3909);
#3908 = CARTESIAN_POINT('',(130.,30.1,20.));
#3909 = VECTOR('',#3910,1.);
#3910 = DIRECTION('',(0.,0.,-1.));
#3911 = PLANE('',#3912);
#3912 = AXIS2_PLACEMENT_3D('',#3913,#3914,#3915);
#3913 = CARTESIAN_POINT('',(130.,30.099879054763,-5.));
#3914 = DIRECTION('',(1.,0.,-5.43719788629E-16));
#3915 = DIRECTION('',(5.43719788629E-16,0.,1.));
#3916 = ADVANCED_FACE('',(#3917),#3936,.T.);
#3917 = FACE_BOUND('',#3918,.F.);
#3918 = EDGE_LOOP('',(#3919,#3928,#3934,#3935));
#3919 = ORIENTED_EDGE('',*,*,#3920,.T.);
#3920 = EDGE_CURVE('',#3851,#3921,#3923,.T.);
#3921 = VERTEX_POINT('',#3922);
#3922 = CARTESIAN_POINT('',(40.,40.1,10.));
#3923 = CIRCLE('',#3924,10.);
#3924 = AXIS2_PLACEMENT_3D('',#3925,#3926,#3927);
#3925 = CARTESIAN_POINT('',(40.,30.1,10.));
#3926 = DIRECTION('',(-0.,-0.,-1.));
#3927 = DIRECTION('',(0.,-1.,0.));
#3928 = ORIENTED_EDGE('',*,*,#3929,.T.);
#3929 = EDGE_CURVE('',#3921,#3645,#3930,.T.);
#3930 = LINE('',#3931,#3932);
#3931 = CARTESIAN_POINT('',(40.,40.1,10.));
#3932 = VECTOR('',#3933,1.);
#3933 = DIRECTION('',(0.,0.,1.));
#3934 = ORIENTED_EDGE('',*,*,#3652,.F.);
#3935 = ORIENTED_EDGE('',*,*,#3850,.F.);
#3936 = CYLINDRICAL_SURFACE('',#3937,10.);
#3937 = AXIS2_PLACEMENT_3D('',#3938,#3939,#3940);
#3938 = CARTESIAN_POINT('',(40.,30.1,10.));
#3939 = DIRECTION('',(0.,0.,1.));
#3940 = DIRECTION('',(-1.,0.,0.));
#3941 = ADVANCED_FACE('',(#3942),#3961,.T.);
#3942 = FACE_BOUND('',#3943,.T.);
#3943 = EDGE_LOOP('',(#3944,#3945,#3946,#3955));
#3944 = ORIENTED_EDGE('',*,*,#3635,.T.);
#3945 = ORIENTED_EDGE('',*,*,#3906,.T.);
#3946 = ORIENTED_EDGE('',*,*,#3947,.F.);
#3947 = EDGE_CURVE('',#3948,#3899,#3950,.T.);
#3948 = VERTEX_POINT('',#3949);
#3949 = CARTESIAN_POINT('',(120.,40.1,-30.));
#3950 = CIRCLE('',#3951,10.);
#3951 = AXIS2_PLACEMENT_3D('',#3952,#3953,#3954);
#3952 = CARTESIAN_POINT('',(120.,30.1,-30.));
#3953 = DIRECTION('',(0.,0.,-1.));
#3954 = DIRECTION('',(0.,1.,0.));
#3955 = ORIENTED_EDGE('',*,*,#3956,.F.);
#3956 = EDGE_CURVE('',#3636,#3948,#3957,.T.);
#3957 = LINE('',#3958,#3959);
#3958 = CARTESIAN_POINT('',(120.,40.1,20.));
#3959 = VECTOR('',#3960,1.);
#3960 = DIRECTION('',(0.,0.,-1.));
#3961 = CYLINDRICAL_SURFACE('',#3962,10.);
#3962 = AXIS2_PLACEMENT_3D('',#3963,#3964,#3965);
#3963 = CARTESIAN_POINT('',(120.,30.1,20.));
#3964 = DIRECTION('',(0.,0.,-1.));
#3965 = DIRECTION('',(0.,1.,0.));
#3966 = ADVANCED_FACE('',(#3967),#3994,.T.);
#3967 = FACE_BOUND('',#3968,.T.);
#3968 = EDGE_LOOP('',(#3969,#3970,#3971,#3979,#3987,#3993));
#3969 = ORIENTED_EDGE('',*,*,#3644,.T.);
#3970 = ORIENTED_EDGE('',*,*,#3956,.T.);
#3971 = ORIENTED_EDGE('',*,*,#3972,.F.);
#3972 = EDGE_CURVE('',#3973,#3948,#3975,.T.);
#3973 = VERTEX_POINT('',#3974);
#3974 = CARTESIAN_POINT('',(110.,40.1,-30.));
#3975 = LINE('',#3976,#3977);
#3976 = CARTESIAN_POINT('',(110.,40.1,-30.));
#3977 = VECTOR('',#3978,1.);
#3978 = DIRECTION('',(1.,0.,0.));
#3979 = ORIENTED_EDGE('',*,*,#3980,.T.);
#3980 = EDGE_CURVE('',#3973,#3981,#3983,.T.);
#3981 = VERTEX_POINT('',#3982);
#3982 = CARTESIAN_POINT('',(110.,40.1,10.));
#3983 = LINE('',#3984,#3985);
#3984 = CARTESIAN_POINT('',(110.,40.1,9.118646217076E-14));
#3985 = VECTOR('',#3986,1.);
#3986 = DIRECTION('',(0.,0.,1.));
#3987 = ORIENTED_EDGE('',*,*,#3988,.T.);
#3988 = EDGE_CURVE('',#3981,#3921,#3989,.T.);
#3989 = LINE('',#3990,#3991);
#3990 = CARTESIAN_POINT('',(110.,40.1,10.));
#3991 = VECTOR('',#3992,1.);
#3992 = DIRECTION('',(-1.,0.,0.));
#3993 = ORIENTED_EDGE('',*,*,#3929,.T.);
#3994 = PLANE('',#3995);
#3995 = AXIS2_PLACEMENT_3D('',#3996,#3997,#3998);
#3996 = CARTESIAN_POINT('',(90.666666666667,40.1,5.666666666667));
#3997 = DIRECTION('',(0.,1.,0.));
#3998 = DIRECTION('',(0.,0.,1.));
#3999 = ADVANCED_FACE('',(#4000),#4019,.F.);
#4000 = FACE_BOUND('',#4001,.F.);
#4001 = EDGE_LOOP('',(#4002,#4010,#4017,#4018));
#4002 = ORIENTED_EDGE('',*,*,#4003,.T.);
#4003 = EDGE_CURVE('',#3679,#4004,#4006,.T.);
#4004 = VERTEX_POINT('',#4005);
#4005 = CARTESIAN_POINT('',(39.,30.1,-1.7763568394E-14));
#4006 = LINE('',#4007,#4008);
#4007 = CARTESIAN_POINT('',(39.,30.1,20.));
#4008 = VECTOR('',#4009,1.);
#4009 = DIRECTION('',(-0.,-0.,-1.));
#4010 = ORIENTED_EDGE('',*,*,#4011,.T.);
#4011 = EDGE_CURVE('',#4004,#4004,#4012,.T.);
#4012 = CIRCLE('',#4013,2.);
#4013 = AXIS2_PLACEMENT_3D('',#4014,#4015,#4016);
#4014 = CARTESIAN_POINT('',(37.,30.1,-1.7763568394E-14));
#4015 = DIRECTION('',(0.,0.,1.));
#4016 = DIRECTION('',(1.,0.,0.));
#4017 = ORIENTED_EDGE('',*,*,#4003,.F.);
#4018 = ORIENTED_EDGE('',*,*,#3678,.F.);
#4019 = CYLINDRICAL_SURFACE('',#4020,2.);
#4020 = AXIS2_PLACEMENT_3D('',#4021,#4022,#4023);
#4021 = CARTESIAN_POINT('',(37.,30.1,20.));
#4022 = DIRECTION('',(0.,0.,1.));
#4023 = DIRECTION('',(1.,0.,-0.));
#4024 = ADVANCED_FACE('',(#4025,#4063,#4074,#4085,#4096),#4107,.T.);
#4025 = FACE_BOUND('',#4026,.T.);
#4026 = EDGE_LOOP('',(#4027,#4028,#4029,#4030,#4031,#4032,#4041,#4049,
    #4057));
#4027 = ORIENTED_EDGE('',*,*,#3704,.F.);
#4028 = ORIENTED_EDGE('',*,*,#3758,.T.);
#4029 = ORIENTED_EDGE('',*,*,#3842,.F.);
#4030 = ORIENTED_EDGE('',*,*,#3834,.T.);
#4031 = ORIENTED_EDGE('',*,*,#3826,.T.);
#4032 = ORIENTED_EDGE('',*,*,#4033,.T.);
#4033 = EDGE_CURVE('',#3819,#4034,#4036,.T.);
#4034 = VERTEX_POINT('',#4035);
#4035 = CARTESIAN_POINT('',(32.,-20.10024189084,10.));
#4036 = CIRCLE('',#4037,2.);
#4037 = AXIS2_PLACEMENT_3D('',#4038,#4039,#4040);
#4038 = CARTESIAN_POINT('',(32.,-22.10024189084,10.));
#4039 = DIRECTION('',(-0.,-0.,-1.));
#4040 = DIRECTION('',(0.,-1.,0.));
#4041 = ORIENTED_EDGE('',*,*,#4042,.F.);
#4042 = EDGE_CURVE('',#4043,#4034,#4045,.T.);
#4043 = VERTEX_POINT('',#4044);
#4044 = CARTESIAN_POINT('',(110.,-20.10024189084,10.));
#4045 = LINE('',#4046,#4047);
#4046 = CARTESIAN_POINT('',(110.,-20.10024189084,10.));
#4047 = VECTOR('',#4048,1.);
#4048 = DIRECTION('',(-1.,0.,0.));
#4049 = ORIENTED_EDGE('',*,*,#4050,.F.);
#4050 = EDGE_CURVE('',#4051,#4043,#4053,.T.);
#4051 = VERTEX_POINT('',#4052);
#4052 = CARTESIAN_POINT('',(60.,-20.10009070899,10.));
#4053 = LINE('',#4054,#4055);
#4054 = CARTESIAN_POINT('',(60.,-20.10009070899,10.));
#4055 = VECTOR('',#4056,1.);
#4056 = DIRECTION('',(0.999999999995,-3.023636973069E-06,0.));
#4057 = ORIENTED_EDGE('',*,*,#4058,.F.);
#4058 = EDGE_CURVE('',#3705,#4051,#4059,.T.);
#4059 = LINE('',#4060,#4061);
#4060 = CARTESIAN_POINT('',(60.,20.099909291002,10.));
#4061 = VECTOR('',#4062,1.);
#4062 = DIRECTION('',(0.,-1.,0.));
#4063 = FACE_BOUND('',#4064,.T.);
#4064 = EDGE_LOOP('',(#4065));
#4065 = ORIENTED_EDGE('',*,*,#4066,.F.);
#4066 = EDGE_CURVE('',#4067,#4067,#4069,.T.);
#4067 = VERTEX_POINT('',#4068);
#4068 = CARTESIAN_POINT('',(39.,-11.00024189084,10.));
#4069 = CIRCLE('',#4070,2.);
#4070 = AXIS2_PLACEMENT_3D('',#4071,#4072,#4073);
#4071 = CARTESIAN_POINT('',(37.,-11.00024189084,10.));
#4072 = DIRECTION('',(0.,0.,1.));
#4073 = DIRECTION('',(1.,0.,0.));
#4074 = FACE_BOUND('',#4075,.T.);
#4075 = EDGE_LOOP('',(#4076));
#4076 = ORIENTED_EDGE('',*,*,#4077,.F.);
#4077 = EDGE_CURVE('',#4078,#4078,#4080,.T.);
#4078 = VERTEX_POINT('',#4079);
#4079 = CARTESIAN_POINT('',(55.,-11.00024189084,10.));
#4080 = CIRCLE('',#4081,2.);
#4081 = AXIS2_PLACEMENT_3D('',#4082,#4083,#4084);
#4082 = CARTESIAN_POINT('',(53.,-11.00024189084,10.));
#4083 = DIRECTION('',(0.,0.,1.));
#4084 = DIRECTION('',(1.,0.,0.));
#4085 = FACE_BOUND('',#4086,.T.);
#4086 = EDGE_LOOP('',(#4087));
#4087 = ORIENTED_EDGE('',*,*,#4088,.F.);
#4088 = EDGE_CURVE('',#4089,#4089,#4091,.T.);
#4089 = VERTEX_POINT('',#4090);
#4090 = CARTESIAN_POINT('',(39.,10.999758109525,10.));
#4091 = CIRCLE('',#4092,2.);
#4092 = AXIS2_PLACEMENT_3D('',#4093,#4094,#4095);
#4093 = CARTESIAN_POINT('',(37.,10.999758109525,10.));
#4094 = DIRECTION('',(0.,0.,1.));
#4095 = DIRECTION('',(1.,0.,0.));
#4096 = FACE_BOUND('',#4097,.T.);
#4097 = EDGE_LOOP('',(#4098));
#4098 = ORIENTED_EDGE('',*,*,#4099,.F.);
#4099 = EDGE_CURVE('',#4100,#4100,#4102,.T.);
#4100 = VERTEX_POINT('',#4101);
#4101 = CARTESIAN_POINT('',(55.,10.999758109525,10.));
#4102 = CIRCLE('',#4103,2.);
#4103 = AXIS2_PLACEMENT_3D('',#4104,#4105,#4106);
#4104 = CARTESIAN_POINT('',(53.,10.999758109525,10.));
#4105 = DIRECTION('',(0.,0.,1.));
#4106 = DIRECTION('',(1.,0.,0.));
#4107 = PLANE('',#4108);
#4108 = AXIS2_PLACEMENT_3D('',#4109,#4110,#4111);
#4109 = CARTESIAN_POINT('',(68.786869647974,-1.172772690616E-04,10.));
#4110 = DIRECTION('',(0.,0.,1.));
#4111 = DIRECTION('',(1.,0.,0.));
#4112 = ADVANCED_FACE('',(#4113),#4126,.F.);
#4113 = FACE_BOUND('',#4114,.F.);
#4114 = EDGE_LOOP('',(#4115,#4116,#4117,#4118,#4124,#4125));
#4115 = ORIENTED_EDGE('',*,*,#3898,.F.);
#4116 = ORIENTED_EDGE('',*,*,#3947,.F.);
#4117 = ORIENTED_EDGE('',*,*,#3972,.F.);
#4118 = ORIENTED_EDGE('',*,*,#4119,.F.);
#4119 = EDGE_CURVE('',#3729,#3973,#4120,.T.);
#4120 = LINE('',#4121,#4122);
#4121 = CARTESIAN_POINT('',(110.,20.099758109525,-30.));
#4122 = VECTOR('',#4123,1.);
#4123 = DIRECTION('',(0.,1.,0.));
#4124 = ORIENTED_EDGE('',*,*,#3736,.F.);
#4125 = ORIENTED_EDGE('',*,*,#3785,.F.);
#4126 = PLANE('',#4127);
#4127 = AXIS2_PLACEMENT_3D('',#4128,#4129,#4130);
#4128 = CARTESIAN_POINT('',(120.,-9.040684307951E-05,-30.));
#4129 = DIRECTION('',(0.,0.,1.));
#4130 = DIRECTION('',(1.,0.,0.));
#4131 = ADVANCED_FACE('',(#4132),#4149,.F.);
#4132 = FACE_BOUND('',#4133,.F.);
#4133 = EDGE_LOOP('',(#4134,#4142,#4143));
#4134 = ORIENTED_EDGE('',*,*,#4135,.T.);
#4135 = EDGE_CURVE('',#4136,#3705,#4138,.T.);
#4136 = VERTEX_POINT('',#4137);
#4137 = CARTESIAN_POINT('',(60.,20.099909291002,10.));
#4138 = LINE('',#4139,#4140);
#4139 = CARTESIAN_POINT('',(60.,20.099909291002,10.));
#4140 = VECTOR('',#4141,1.);
#4141 = DIRECTION('',(0.,-1.,0.));
#4142 = ORIENTED_EDGE('',*,*,#3712,.T.);
#4143 = ORIENTED_EDGE('',*,*,#4144,.T.);
#4144 = EDGE_CURVE('',#3713,#4136,#4145,.T.);
#4145 = LINE('',#4146,#4147);
#4146 = CARTESIAN_POINT('',(110.,20.099758109525,10.));
#4147 = VECTOR('',#4148,1.);
#4148 = DIRECTION('',(-0.999999999995,3.023629543918E-06,0.));
#4149 = PLANE('',#4150);
#4150 = AXIS2_PLACEMENT_3D('',#4151,#4152,#4153);
#4151 = CARTESIAN_POINT('',(70.,-4.813624147402E-05,10.));
#4152 = DIRECTION('',(0.,0.,1.));
#4153 = DIRECTION('',(1.,0.,0.));
#4154 = ADVANCED_FACE('',(#4155),#4182,.T.);
#4155 = FACE_BOUND('',#4156,.T.);
#4156 = EDGE_LOOP('',(#4157,#4158,#4166,#4174,#4180,#4181));
#4157 = ORIENTED_EDGE('',*,*,#3728,.F.);
#4158 = ORIENTED_EDGE('',*,*,#4159,.T.);
#4159 = EDGE_CURVE('',#3721,#4160,#4162,.T.);
#4160 = VERTEX_POINT('',#4161);
#4161 = CARTESIAN_POINT('',(110.,40.099758109525,0.));
#4162 = LINE('',#4163,#4164);
#4163 = CARTESIAN_POINT('',(110.,20.099758109525,-2.693530522374E-14));
#4164 = VECTOR('',#4165,1.);
#4165 = DIRECTION('',(0.,1.,0.));
#4166 = ORIENTED_EDGE('',*,*,#4167,.T.);
#4167 = EDGE_CURVE('',#4160,#4168,#4170,.T.);
#4168 = VERTEX_POINT('',#4169);
#4169 = CARTESIAN_POINT('',(110.,40.099758109525,10.));
#4170 = LINE('',#4171,#4172);
#4171 = CARTESIAN_POINT('',(110.,40.099758109525,0.));
#4172 = VECTOR('',#4173,1.);
#4173 = DIRECTION('',(0.,0.,1.));
#4174 = ORIENTED_EDGE('',*,*,#4175,.T.);
#4175 = EDGE_CURVE('',#4168,#3981,#4176,.T.);
#4176 = LINE('',#4177,#4178);
#4177 = CARTESIAN_POINT('',(110.,20.099758109525,10.));
#4178 = VECTOR('',#4179,1.);
#4179 = DIRECTION('',(0.,1.,0.));
#4180 = ORIENTED_EDGE('',*,*,#3980,.F.);
#4181 = ORIENTED_EDGE('',*,*,#4119,.F.);
#4182 = PLANE('',#4183);
#4183 = AXIS2_PLACEMENT_3D('',#4184,#4185,#4186);
#4184 = CARTESIAN_POINT('',(110.,31.766539002276,-11.66665994751));
#4185 = DIRECTION('',(-1.,3.25216961798E-16,2.828015814421E-16));
#4186 = DIRECTION('',(-3.25216961798E-16,-1.,-2.374956137805E-48));
#4187 = ADVANCED_FACE('',(#4188),#4206,.T.);
#4188 = FACE_BOUND('',#4189,.T.);
#4189 = EDGE_LOOP('',(#4190,#4191,#4192,#4200));
#4190 = ORIENTED_EDGE('',*,*,#3720,.T.);
#4191 = ORIENTED_EDGE('',*,*,#4144,.T.);
#4192 = ORIENTED_EDGE('',*,*,#4193,.F.);
#4193 = EDGE_CURVE('',#4194,#4136,#4196,.T.);
#4194 = VERTEX_POINT('',#4195);
#4195 = CARTESIAN_POINT('',(60.,20.099909291002,0.));
#4196 = LINE('',#4197,#4198);
#4197 = CARTESIAN_POINT('',(60.,20.099909291002,0.));
#4198 = VECTOR('',#4199,1.);
#4199 = DIRECTION('',(0.,0.,1.));
#4200 = ORIENTED_EDGE('',*,*,#4201,.F.);
#4201 = EDGE_CURVE('',#3721,#4194,#4202,.T.);
#4202 = LINE('',#4203,#4204);
#4203 = CARTESIAN_POINT('',(110.,20.099758109525,0.));
#4204 = VECTOR('',#4205,1.);
#4205 = DIRECTION('',(-0.999999999995,3.023629543918E-06,0.));
#4206 = PLANE('',#4207);
#4207 = AXIS2_PLACEMENT_3D('',#4208,#4209,#4210);
#4208 = CARTESIAN_POINT('',(110.,20.099758109525,0.));
#4209 = DIRECTION('',(-3.023629543918E-06,-0.999999999995,0.));
#4210 = DIRECTION('',(-0.999999999995,3.023629543918E-06,0.));
#4211 = ADVANCED_FACE('',(#4212,#4289),#4300,.T.);
#4212 = FACE_BOUND('',#4213,.T.);
#4213 = EDGE_LOOP('',(#4214,#4224,#4231,#4232,#4241,#4249,#4257,#4265,
    #4274,#4282));
#4214 = ORIENTED_EDGE('',*,*,#4215,.F.);
#4215 = EDGE_CURVE('',#4216,#4218,#4220,.T.);
#4216 = VERTEX_POINT('',#4217);
#4217 = CARTESIAN_POINT('',(32.,-20.10024189084,20.));
#4218 = VERTEX_POINT('',#4219);
#4219 = CARTESIAN_POINT('',(125.,-20.10024189084,20.));
#4220 = LINE('',#4221,#4222);
#4221 = CARTESIAN_POINT('',(110.,-20.10024189084,20.));
#4222 = VECTOR('',#4223,1.);
#4223 = DIRECTION('',(1.,0.,0.));
#4224 = ORIENTED_EDGE('',*,*,#4225,.F.);
#4225 = EDGE_CURVE('',#3809,#4216,#4226,.T.);
#4226 = CIRCLE('',#4227,2.);
#4227 = AXIS2_PLACEMENT_3D('',#4228,#4229,#4230);
#4228 = CARTESIAN_POINT('',(32.,-22.10024189084,20.));
#4229 = DIRECTION('',(-0.,-0.,-1.));
#4230 = DIRECTION('',(0.,-1.,0.));
#4231 = ORIENTED_EDGE('',*,*,#3808,.T.);
#4232 = ORIENTED_EDGE('',*,*,#4233,.T.);
#4233 = EDGE_CURVE('',#3811,#4234,#4236,.T.);
#4234 = VERTEX_POINT('',#4235);
#4235 = CARTESIAN_POINT('',(40.,-40.1,20.));
#4236 = CIRCLE('',#4237,10.);
#4237 = AXIS2_PLACEMENT_3D('',#4238,#4239,#4240);
#4238 = CARTESIAN_POINT('',(40.,-30.1,20.));
#4239 = DIRECTION('',(-0.,0.,1.));
#4240 = DIRECTION('',(0.,-1.,0.));
#4241 = ORIENTED_EDGE('',*,*,#4242,.T.);
#4242 = EDGE_CURVE('',#4234,#4243,#4245,.T.);
#4243 = VERTEX_POINT('',#4244);
#4244 = CARTESIAN_POINT('',(110.,-40.1,20.));
#4245 = LINE('',#4246,#4247);
#4246 = CARTESIAN_POINT('',(30.,-40.1,20.));
#4247 = VECTOR('',#4248,1.);
#4248 = DIRECTION('',(1.,0.,0.));
#4249 = ORIENTED_EDGE('',*,*,#4250,.T.);
#4250 = EDGE_CURVE('',#4243,#4251,#4253,.T.);
#4251 = VERTEX_POINT('',#4252);
#4252 = CARTESIAN_POINT('',(110.,-40.10024189084,20.));
#4253 = LINE('',#4254,#4255);
#4254 = CARTESIAN_POINT('',(110.,-20.10024189084,20.));
#4255 = VECTOR('',#4256,1.);
#4256 = DIRECTION('',(0.,-1.,0.));
#4257 = ORIENTED_EDGE('',*,*,#4258,.T.);
#4258 = EDGE_CURVE('',#4251,#4259,#4261,.T.);
#4259 = VERTEX_POINT('',#4260);
#4260 = CARTESIAN_POINT('',(120.,-40.10024189084,20.));
#4261 = LINE('',#4262,#4263);
#4262 = CARTESIAN_POINT('',(110.,-40.10024189084,20.));
#4263 = VECTOR('',#4264,1.);
#4264 = DIRECTION('',(1.,0.,0.));
#4265 = ORIENTED_EDGE('',*,*,#4266,.T.);
#4266 = EDGE_CURVE('',#4259,#4267,#4269,.T.);
#4267 = VERTEX_POINT('',#4268);
#4268 = CARTESIAN_POINT('',(130.,-30.10024189084,20.));
#4269 = CIRCLE('',#4270,10.);
#4270 = AXIS2_PLACEMENT_3D('',#4271,#4272,#4273);
#4271 = CARTESIAN_POINT('',(120.,-30.10024189084,20.));
#4272 = DIRECTION('',(0.,-0.,1.));
#4273 = DIRECTION('',(0.,1.,0.));
#4274 = ORIENTED_EDGE('',*,*,#4275,.F.);
#4275 = EDGE_CURVE('',#4276,#4267,#4278,.T.);
#4276 = VERTEX_POINT('',#4277);
#4277 = CARTESIAN_POINT('',(130.,-25.10024189084,20.));
#4278 = LINE('',#4279,#4280);
#4279 = CARTESIAN_POINT('',(130.,-20.10024189084,20.));
#4280 = VECTOR('',#4281,1.);
#4281 = DIRECTION('',(0.,-1.,0.));
#4282 = ORIENTED_EDGE('',*,*,#4283,.T.);
#4283 = EDGE_CURVE('',#4276,#4218,#4284,.T.);
#4284 = CIRCLE('',#4285,5.);
#4285 = AXIS2_PLACEMENT_3D('',#4286,#4287,#4288);
#4286 = CARTESIAN_POINT('',(125.,-25.10024189084,20.));
#4287 = DIRECTION('',(0.,-0.,1.));
#4288 = DIRECTION('',(0.,1.,0.));
#4289 = FACE_BOUND('',#4290,.T.);
#4290 = EDGE_LOOP('',(#4291));
#4291 = ORIENTED_EDGE('',*,*,#4292,.F.);
#4292 = EDGE_CURVE('',#4293,#4293,#4295,.T.);
#4293 = VERTEX_POINT('',#4294);
#4294 = CARTESIAN_POINT('',(39.,-30.1,20.));
#4295 = CIRCLE('',#4296,2.);
#4296 = AXIS2_PLACEMENT_3D('',#4297,#4298,#4299);
#4297 = CARTESIAN_POINT('',(37.,-30.1,20.));
#4298 = DIRECTION('',(0.,0.,1.));
#4299 = DIRECTION('',(1.,0.,0.));
#4300 = PLANE('',#4301);
#4301 = AXIS2_PLACEMENT_3D('',#4302,#4303,#4304);
#4302 = CARTESIAN_POINT('',(80.000080630282,-30.10016126056,20.));
#4303 = DIRECTION('',(-5.458269985531E-16,0.,1.));
#4304 = DIRECTION('',(1.,0.,5.458269985531E-16));
#4305 = ADVANCED_FACE('',(#4306),#4317,.T.);
#4306 = FACE_BOUND('',#4307,.F.);
#4307 = EDGE_LOOP('',(#4308,#4309,#4315,#4316));
#4308 = ORIENTED_EDGE('',*,*,#4033,.T.);
#4309 = ORIENTED_EDGE('',*,*,#4310,.T.);
#4310 = EDGE_CURVE('',#4034,#4216,#4311,.T.);
#4311 = LINE('',#4312,#4313);
#4312 = CARTESIAN_POINT('',(32.,-20.10024189084,10.));
#4313 = VECTOR('',#4314,1.);
#4314 = DIRECTION('',(0.,0.,1.));
#4315 = ORIENTED_EDGE('',*,*,#4225,.F.);
#4316 = ORIENTED_EDGE('',*,*,#3818,.F.);
#4317 = CYLINDRICAL_SURFACE('',#4318,2.);
#4318 = AXIS2_PLACEMENT_3D('',#4319,#4320,#4321);
#4319 = CARTESIAN_POINT('',(32.,-22.10024189084,10.));
#4320 = DIRECTION('',(0.,0.,1.));
#4321 = DIRECTION('',(-1.,0.,0.));
#4322 = ADVANCED_FACE('',(#4323),#4359,.T.);
#4323 = FACE_BOUND('',#4324,.T.);
#4324 = EDGE_LOOP('',(#4325,#4334,#4342,#4351,#4357,#4358));
#4325 = ORIENTED_EDGE('',*,*,#4326,.T.);
#4326 = EDGE_CURVE('',#3875,#4327,#4329,.T.);
#4327 = VERTEX_POINT('',#4328);
#4328 = CARTESIAN_POINT('',(30.000000000011,-30.10001512133,
    -1.7763568394E-15));
#4329 = CIRCLE('',#4330,10.);
#4330 = AXIS2_PLACEMENT_3D('',#4331,#4332,#4333);
#4331 = CARTESIAN_POINT('',(40.,-30.1,-1.7763568394E-15));
#4332 = DIRECTION('',(-0.,0.,1.));
#4333 = DIRECTION('',(0.,-1.,0.));
#4334 = ORIENTED_EDGE('',*,*,#4335,.T.);
#4335 = EDGE_CURVE('',#4327,#4336,#4338,.T.);
#4336 = VERTEX_POINT('',#4337);
#4337 = CARTESIAN_POINT('',(30.000000000011,-30.1000151205,10.));
#4338 = LINE('',#4339,#4340);
#4339 = CARTESIAN_POINT('',(30.000000000011,-30.1000151205,10.));
#4340 = VECTOR('',#4341,1.);
#4341 = DIRECTION('',(0.,0.,1.));
#4342 = ORIENTED_EDGE('',*,*,#4343,.T.);
#4343 = EDGE_CURVE('',#4336,#4344,#4346,.T.);
#4344 = VERTEX_POINT('',#4345);
#4345 = CARTESIAN_POINT('',(40.,-40.1,10.));
#4346 = CIRCLE('',#4347,10.);
#4347 = AXIS2_PLACEMENT_3D('',#4348,#4349,#4350);
#4348 = CARTESIAN_POINT('',(40.,-30.1,10.));
#4349 = DIRECTION('',(-0.,0.,1.));
#4350 = DIRECTION('',(0.,-1.,0.));
#4351 = ORIENTED_EDGE('',*,*,#4352,.T.);
#4352 = EDGE_CURVE('',#4344,#4234,#4353,.T.);
#4353 = LINE('',#4354,#4355);
#4354 = CARTESIAN_POINT('',(40.,-40.1,10.));
#4355 = VECTOR('',#4356,1.);
#4356 = DIRECTION('',(0.,0.,1.));
#4357 = ORIENTED_EDGE('',*,*,#4233,.F.);
#4358 = ORIENTED_EDGE('',*,*,#3882,.F.);
#4359 = CYLINDRICAL_SURFACE('',#4360,10.);
#4360 = AXIS2_PLACEMENT_3D('',#4361,#4362,#4363);
#4361 = CARTESIAN_POINT('',(40.,-30.1,10.));
#4362 = DIRECTION('',(0.,0.,1.));
#4363 = DIRECTION('',(-1.,0.,0.));
#4364 = ADVANCED_FACE('',(#4365,#4425,#4436,#4447,#4458,#4469,#4480),
  #4483,.T.);
#4365 = FACE_BOUND('',#4366,.T.);
#4366 = EDGE_LOOP('',(#4367,#4368,#4377,#4383,#4384,#4385,#4393,#4401,
    #4409,#4417,#4424));
#4367 = ORIENTED_EDGE('',*,*,#3874,.F.);
#4368 = ORIENTED_EDGE('',*,*,#4369,.T.);
#4369 = EDGE_CURVE('',#3867,#4370,#4372,.T.);
#4370 = VERTEX_POINT('',#4371);
#4371 = CARTESIAN_POINT('',(40.000030236309,40.099969763599,0.));
#4372 = CIRCLE('',#4373,10.);
#4373 = AXIS2_PLACEMENT_3D('',#4374,#4375,#4376);
#4374 = CARTESIAN_POINT('',(40.,30.099969763645,-2.090884569877E-15));
#4375 = DIRECTION('',(-0.,-0.,-1.));
#4376 = DIRECTION('',(0.,-1.,0.));
#4377 = ORIENTED_EDGE('',*,*,#4378,.T.);
#4378 = EDGE_CURVE('',#4370,#4160,#4379,.T.);
#4379 = LINE('',#4380,#4381);
#4380 = CARTESIAN_POINT('',(30.,40.1,0.));
#4381 = VECTOR('',#4382,1.);
#4382 = DIRECTION('',(0.999999999995,-3.023630936902E-06,0.));
#4383 = ORIENTED_EDGE('',*,*,#4159,.F.);
#4384 = ORIENTED_EDGE('',*,*,#4201,.T.);
#4385 = ORIENTED_EDGE('',*,*,#4386,.T.);
#4386 = EDGE_CURVE('',#4194,#4387,#4389,.T.);
#4387 = VERTEX_POINT('',#4388);
#4388 = CARTESIAN_POINT('',(60.,-20.10009070899,0.));
#4389 = LINE('',#4390,#4391);
#4390 = CARTESIAN_POINT('',(60.,20.099909291002,0.));
#4391 = VECTOR('',#4392,1.);
#4392 = DIRECTION('',(0.,-1.,0.));
#4393 = ORIENTED_EDGE('',*,*,#4394,.T.);
#4394 = EDGE_CURVE('',#4387,#4395,#4397,.T.);
#4395 = VERTEX_POINT('',#4396);
#4396 = CARTESIAN_POINT('',(110.,-20.10024189084,2.141705231287E-14));
#4397 = LINE('',#4398,#4399);
#4398 = CARTESIAN_POINT('',(60.,-20.10009070899,0.));
#4399 = VECTOR('',#4400,1.);
#4400 = DIRECTION('',(0.999999999995,-3.023636973069E-06,0.));
#4401 = ORIENTED_EDGE('',*,*,#4402,.F.);
#4402 = EDGE_CURVE('',#4403,#4395,#4405,.T.);
#4403 = VERTEX_POINT('',#4404);
#4404 = CARTESIAN_POINT('',(110.,-40.10024189084,2.141705231287E-14));
#4405 = LINE('',#4406,#4407);
#4406 = CARTESIAN_POINT('',(110.,-40.10024189084,-2.693530522374E-14));
#4407 = VECTOR('',#4408,1.);
#4408 = DIRECTION('',(0.,1.,0.));
#4409 = ORIENTED_EDGE('',*,*,#4410,.F.);
#4410 = EDGE_CURVE('',#4411,#4403,#4413,.T.);
#4411 = VERTEX_POINT('',#4412);
#4412 = CARTESIAN_POINT('',(39.999969763644,-40.10003023626,0.));
#4413 = LINE('',#4414,#4415);
#4414 = CARTESIAN_POINT('',(30.,-40.1,0.));
#4415 = VECTOR('',#4416,1.);
#4416 = DIRECTION('',(0.999999999995,-3.023635580121E-06,0.));
#4417 = ORIENTED_EDGE('',*,*,#4418,.F.);
#4418 = EDGE_CURVE('',#4327,#4411,#4419,.T.);
#4419 = CIRCLE('',#4420,10.);
#4420 = AXIS2_PLACEMENT_3D('',#4421,#4422,#4423);
#4421 = CARTESIAN_POINT('',(40.,-30.10003023631,-2.090884569877E-15));
#4422 = DIRECTION('',(-0.,0.,1.));
#4423 = DIRECTION('',(0.,-1.,0.));
#4424 = ORIENTED_EDGE('',*,*,#4326,.F.);
#4425 = FACE_BOUND('',#4426,.T.);
#4426 = EDGE_LOOP('',(#4427));
#4427 = ORIENTED_EDGE('',*,*,#4428,.T.);
#4428 = EDGE_CURVE('',#4429,#4429,#4431,.T.);
#4429 = VERTEX_POINT('',#4430);
#4430 = CARTESIAN_POINT('',(55.,-11.00024189084,0.));
#4431 = CIRCLE('',#4432,2.);
#4432 = AXIS2_PLACEMENT_3D('',#4433,#4434,#4435);
#4433 = CARTESIAN_POINT('',(53.,-11.00024189084,0.));
#4434 = DIRECTION('',(0.,0.,1.));
#4435 = DIRECTION('',(1.,0.,0.));
#4436 = FACE_BOUND('',#4437,.T.);
#4437 = EDGE_LOOP('',(#4438));
#4438 = ORIENTED_EDGE('',*,*,#4439,.T.);
#4439 = EDGE_CURVE('',#4440,#4440,#4442,.T.);
#4440 = VERTEX_POINT('',#4441);
#4441 = CARTESIAN_POINT('',(39.,-30.1,-1.7763568394E-14));
#4442 = CIRCLE('',#4443,2.);
#4443 = AXIS2_PLACEMENT_3D('',#4444,#4445,#4446);
#4444 = CARTESIAN_POINT('',(37.,-30.1,-1.7763568394E-14));
#4445 = DIRECTION('',(0.,0.,1.));
#4446 = DIRECTION('',(1.,0.,0.));
#4447 = FACE_BOUND('',#4448,.T.);
#4448 = EDGE_LOOP('',(#4449));
#4449 = ORIENTED_EDGE('',*,*,#4450,.T.);
#4450 = EDGE_CURVE('',#4451,#4451,#4453,.T.);
#4451 = VERTEX_POINT('',#4452);
#4452 = CARTESIAN_POINT('',(39.,-11.00024189084,0.));
#4453 = CIRCLE('',#4454,2.);
#4454 = AXIS2_PLACEMENT_3D('',#4455,#4456,#4457);
#4455 = CARTESIAN_POINT('',(37.,-11.00024189084,0.));
#4456 = DIRECTION('',(0.,0.,1.));
#4457 = DIRECTION('',(1.,0.,0.));
#4458 = FACE_BOUND('',#4459,.T.);
#4459 = EDGE_LOOP('',(#4460));
#4460 = ORIENTED_EDGE('',*,*,#4461,.T.);
#4461 = EDGE_CURVE('',#4462,#4462,#4464,.T.);
#4462 = VERTEX_POINT('',#4463);
#4463 = CARTESIAN_POINT('',(55.,10.999758109525,0.));
#4464 = CIRCLE('',#4465,2.);
#4465 = AXIS2_PLACEMENT_3D('',#4466,#4467,#4468);
#4466 = CARTESIAN_POINT('',(53.,10.999758109525,0.));
#4467 = DIRECTION('',(0.,0.,1.));
#4468 = DIRECTION('',(1.,0.,0.));
#4469 = FACE_BOUND('',#4470,.T.);
#4470 = EDGE_LOOP('',(#4471));
#4471 = ORIENTED_EDGE('',*,*,#4472,.T.);
#4472 = EDGE_CURVE('',#4473,#4473,#4475,.T.);
#4473 = VERTEX_POINT('',#4474);
#4474 = CARTESIAN_POINT('',(39.,10.999758109525,0.));
#4475 = CIRCLE('',#4476,2.);
#4476 = AXIS2_PLACEMENT_3D('',#4477,#4478,#4479);
#4477 = CARTESIAN_POINT('',(37.,10.999758109525,0.));
#4478 = DIRECTION('',(0.,0.,1.));
#4479 = DIRECTION('',(1.,0.,0.));
#4480 = FACE_BOUND('',#4481,.T.);
#4481 = EDGE_LOOP('',(#4482));
#4482 = ORIENTED_EDGE('',*,*,#4011,.T.);
#4483 = PLANE('',#4484);
#4484 = AXIS2_PLACEMENT_3D('',#4485,#4486,#4487);
#4485 = CARTESIAN_POINT('',(78.573181537774,-8.876340277413E-05,
    2.186732413218E-14));
#4486 = DIRECTION('',(6.211105163466E-16,0.,-1.));
#4487 = DIRECTION('',(-1.,0.,-6.211105163466E-16));
#4488 = ADVANCED_FACE('',(#4489),#4508,.T.);
#4489 = FACE_BOUND('',#4490,.F.);
#4490 = EDGE_LOOP('',(#4491,#4492,#4500,#4507));
#4491 = ORIENTED_EDGE('',*,*,#4369,.T.);
#4492 = ORIENTED_EDGE('',*,*,#4493,.T.);
#4493 = EDGE_CURVE('',#4370,#4494,#4496,.T.);
#4494 = VERTEX_POINT('',#4495);
#4495 = CARTESIAN_POINT('',(40.000030236309,40.099969763599,10.));
#4496 = LINE('',#4497,#4498);
#4497 = CARTESIAN_POINT('',(40.000030236309,40.099969763599,0.));
#4498 = VECTOR('',#4499,1.);
#4499 = DIRECTION('',(0.,0.,1.));
#4500 = ORIENTED_EDGE('',*,*,#4501,.F.);
#4501 = EDGE_CURVE('',#3859,#4494,#4502,.T.);
#4502 = CIRCLE('',#4503,10.);
#4503 = AXIS2_PLACEMENT_3D('',#4504,#4505,#4506);
#4504 = CARTESIAN_POINT('',(40.,30.099969763645,10.));
#4505 = DIRECTION('',(-0.,-0.,-1.));
#4506 = DIRECTION('',(0.,-1.,0.));
#4507 = ORIENTED_EDGE('',*,*,#3866,.F.);
#4508 = CYLINDRICAL_SURFACE('',#4509,10.);
#4509 = AXIS2_PLACEMENT_3D('',#4510,#4511,#4512);
#4510 = CARTESIAN_POINT('',(40.,30.099969763645,0.));
#4511 = DIRECTION('',(0.,0.,1.));
#4512 = DIRECTION('',(-1.,0.,0.));
#4513 = ADVANCED_FACE('',(#4514),#4527,.F.);
#4514 = FACE_BOUND('',#4515,.F.);
#4515 = EDGE_LOOP('',(#4516,#4517,#4518,#4524,#4525,#4526));
#4516 = ORIENTED_EDGE('',*,*,#3858,.T.);
#4517 = ORIENTED_EDGE('',*,*,#4501,.T.);
#4518 = ORIENTED_EDGE('',*,*,#4519,.T.);
#4519 = EDGE_CURVE('',#4494,#4168,#4520,.T.);
#4520 = LINE('',#4521,#4522);
#4521 = CARTESIAN_POINT('',(30.,40.1,10.));
#4522 = VECTOR('',#4523,1.);
#4523 = DIRECTION('',(0.999999999995,-3.023630936902E-06,0.));
#4524 = ORIENTED_EDGE('',*,*,#4175,.T.);
#4525 = ORIENTED_EDGE('',*,*,#3988,.T.);
#4526 = ORIENTED_EDGE('',*,*,#3920,.F.);
#4527 = PLANE('',#4528);
#4528 = AXIS2_PLACEMENT_3D('',#4529,#4530,#4531);
#4529 = CARTESIAN_POINT('',(70.,-4.813624147402E-05,10.));
#4530 = DIRECTION('',(0.,0.,1.));
#4531 = DIRECTION('',(1.,0.,0.));
#4532 = ADVANCED_FACE('',(#4533),#4545,.T.);
#4533 = FACE_BOUND('',#4534,.T.);
#4534 = EDGE_LOOP('',(#4535,#4536,#4537,#4538,#4544));
#4535 = ORIENTED_EDGE('',*,*,#4193,.T.);
#4536 = ORIENTED_EDGE('',*,*,#4135,.T.);
#4537 = ORIENTED_EDGE('',*,*,#4058,.T.);
#4538 = ORIENTED_EDGE('',*,*,#4539,.F.);
#4539 = EDGE_CURVE('',#4387,#4051,#4540,.T.);
#4540 = LINE('',#4541,#4542);
#4541 = CARTESIAN_POINT('',(60.,-20.10009070899,0.));
#4542 = VECTOR('',#4543,1.);
#4543 = DIRECTION('',(0.,0.,1.));
#4544 = ORIENTED_EDGE('',*,*,#4386,.F.);
#4545 = PLANE('',#4546);
#4546 = AXIS2_PLACEMENT_3D('',#4547,#4548,#4549);
#4547 = CARTESIAN_POINT('',(60.,20.099909291002,0.));
#4548 = DIRECTION('',(1.,0.,0.));
#4549 = DIRECTION('',(0.,-1.,0.));
#4550 = ADVANCED_FACE('',(#4551),#4562,.T.);
#4551 = FACE_BOUND('',#4552,.T.);
#4552 = EDGE_LOOP('',(#4553,#4554,#4555,#4561));
#4553 = ORIENTED_EDGE('',*,*,#4539,.T.);
#4554 = ORIENTED_EDGE('',*,*,#4050,.T.);
#4555 = ORIENTED_EDGE('',*,*,#4556,.F.);
#4556 = EDGE_CURVE('',#4395,#4043,#4557,.T.);
#4557 = LINE('',#4558,#4559);
#4558 = CARTESIAN_POINT('',(110.,-20.10024189084,0.));
#4559 = VECTOR('',#4560,1.);
#4560 = DIRECTION('',(0.,0.,1.));
#4561 = ORIENTED_EDGE('',*,*,#4394,.F.);
#4562 = PLANE('',#4563);
#4563 = AXIS2_PLACEMENT_3D('',#4564,#4565,#4566);
#4564 = CARTESIAN_POINT('',(60.,-20.10009070899,0.));
#4565 = DIRECTION('',(3.023636973069E-06,0.999999999995,0.));
#4566 = DIRECTION('',(0.999999999995,-3.023636973069E-06,0.));
#4567 = ADVANCED_FACE('',(#4568),#4596,.T.);
#4568 = FACE_BOUND('',#4569,.T.);
#4569 = EDGE_LOOP('',(#4570,#4571,#4579,#4587,#4593,#4594,#4595));
#4570 = ORIENTED_EDGE('',*,*,#4215,.T.);
#4571 = ORIENTED_EDGE('',*,*,#4572,.T.);
#4572 = EDGE_CURVE('',#4218,#4573,#4575,.T.);
#4573 = VERTEX_POINT('',#4574);
#4574 = CARTESIAN_POINT('',(125.,-20.10024189084,-30.));
#4575 = LINE('',#4576,#4577);
#4576 = CARTESIAN_POINT('',(125.,-20.10024189084,20.));
#4577 = VECTOR('',#4578,1.);
#4578 = DIRECTION('',(0.,0.,-1.));
#4579 = ORIENTED_EDGE('',*,*,#4580,.F.);
#4580 = EDGE_CURVE('',#4581,#4573,#4583,.T.);
#4581 = VERTEX_POINT('',#4582);
#4582 = CARTESIAN_POINT('',(110.,-20.10024189084,-30.));
#4583 = LINE('',#4584,#4585);
#4584 = CARTESIAN_POINT('',(110.,-20.10024189084,-30.));
#4585 = VECTOR('',#4586,1.);
#4586 = DIRECTION('',(1.,0.,0.));
#4587 = ORIENTED_EDGE('',*,*,#4588,.F.);
#4588 = EDGE_CURVE('',#4395,#4581,#4589,.T.);
#4589 = LINE('',#4590,#4591);
#4590 = CARTESIAN_POINT('',(110.,-20.10024189084,-2.693530522374E-14));
#4591 = VECTOR('',#4592,1.);
#4592 = DIRECTION('',(0.,0.,-1.));
#4593 = ORIENTED_EDGE('',*,*,#4556,.T.);
#4594 = ORIENTED_EDGE('',*,*,#4042,.T.);
#4595 = ORIENTED_EDGE('',*,*,#4310,.T.);
#4596 = PLANE('',#4597);
#4597 = AXIS2_PLACEMENT_3D('',#4598,#4599,#4600);
#4598 = CARTESIAN_POINT('',(90.666666666667,-20.10024189084,
    5.666666666667));
#4599 = DIRECTION('',(0.,1.,0.));
#4600 = DIRECTION('',(0.,0.,1.));
#4601 = ADVANCED_FACE('',(#4602),#4613,.F.);
#4602 = FACE_BOUND('',#4603,.F.);
#4603 = EDGE_LOOP('',(#4604,#4610,#4611,#4612));
#4604 = ORIENTED_EDGE('',*,*,#4605,.T.);
#4605 = EDGE_CURVE('',#4067,#4451,#4606,.T.);
#4606 = LINE('',#4607,#4608);
#4607 = CARTESIAN_POINT('',(39.,-11.00024189084,10.));
#4608 = VECTOR('',#4609,1.);
#4609 = DIRECTION('',(-0.,-0.,-1.));
#4610 = ORIENTED_EDGE('',*,*,#4450,.T.);
#4611 = ORIENTED_EDGE('',*,*,#4605,.F.);
#4612 = ORIENTED_EDGE('',*,*,#4066,.F.);
#4613 = CYLINDRICAL_SURFACE('',#4614,2.);
#4614 = AXIS2_PLACEMENT_3D('',#4615,#4616,#4617);
#4615 = CARTESIAN_POINT('',(37.,-11.00024189084,10.));
#4616 = DIRECTION('',(0.,0.,1.));
#4617 = DIRECTION('',(1.,0.,0.));
#4618 = ADVANCED_FACE('',(#4619),#4630,.F.);
#4619 = FACE_BOUND('',#4620,.F.);
#4620 = EDGE_LOOP('',(#4621,#4627,#4628,#4629));
#4621 = ORIENTED_EDGE('',*,*,#4622,.T.);
#4622 = EDGE_CURVE('',#4078,#4429,#4623,.T.);
#4623 = LINE('',#4624,#4625);
#4624 = CARTESIAN_POINT('',(55.,-11.00024189084,10.));
#4625 = VECTOR('',#4626,1.);
#4626 = DIRECTION('',(-0.,-0.,-1.));
#4627 = ORIENTED_EDGE('',*,*,#4428,.T.);
#4628 = ORIENTED_EDGE('',*,*,#4622,.F.);
#4629 = ORIENTED_EDGE('',*,*,#4077,.F.);
#4630 = CYLINDRICAL_SURFACE('',#4631,2.);
#4631 = AXIS2_PLACEMENT_3D('',#4632,#4633,#4634);
#4632 = CARTESIAN_POINT('',(53.,-11.00024189084,10.));
#4633 = DIRECTION('',(0.,0.,1.));
#4634 = DIRECTION('',(1.,0.,0.));
#4635 = ADVANCED_FACE('',(#4636),#4647,.F.);
#4636 = FACE_BOUND('',#4637,.F.);
#4637 = EDGE_LOOP('',(#4638,#4644,#4645,#4646));
#4638 = ORIENTED_EDGE('',*,*,#4639,.T.);
#4639 = EDGE_CURVE('',#4089,#4473,#4640,.T.);
#4640 = LINE('',#4641,#4642);
#4641 = CARTESIAN_POINT('',(39.,10.999758109525,10.));
#4642 = VECTOR('',#4643,1.);
#4643 = DIRECTION('',(-0.,-0.,-1.));
#4644 = ORIENTED_EDGE('',*,*,#4472,.T.);
#4645 = ORIENTED_EDGE('',*,*,#4639,.F.);
#4646 = ORIENTED_EDGE('',*,*,#4088,.F.);
#4647 = CYLINDRICAL_SURFACE('',#4648,2.);
#4648 = AXIS2_PLACEMENT_3D('',#4649,#4650,#4651);
#4649 = CARTESIAN_POINT('',(37.,10.999758109525,10.));
#4650 = DIRECTION('',(0.,0.,1.));
#4651 = DIRECTION('',(1.,0.,0.));
#4652 = ADVANCED_FACE('',(#4653),#4664,.F.);
#4653 = FACE_BOUND('',#4654,.F.);
#4654 = EDGE_LOOP('',(#4655,#4661,#4662,#4663));
#4655 = ORIENTED_EDGE('',*,*,#4656,.T.);
#4656 = EDGE_CURVE('',#4100,#4462,#4657,.T.);
#4657 = LINE('',#4658,#4659);
#4658 = CARTESIAN_POINT('',(55.,10.999758109525,10.));
#4659 = VECTOR('',#4660,1.);
#4660 = DIRECTION('',(-0.,-0.,-1.));
#4661 = ORIENTED_EDGE('',*,*,#4461,.T.);
#4662 = ORIENTED_EDGE('',*,*,#4656,.F.);
#4663 = ORIENTED_EDGE('',*,*,#4099,.F.);
#4664 = CYLINDRICAL_SURFACE('',#4665,2.);
#4665 = AXIS2_PLACEMENT_3D('',#4666,#4667,#4668);
#4666 = CARTESIAN_POINT('',(53.,10.999758109525,10.));
#4667 = DIRECTION('',(0.,0.,1.));
#4668 = DIRECTION('',(1.,0.,0.));
#4669 = ADVANCED_FACE('',(#4670),#4676,.T.);
#4670 = FACE_BOUND('',#4671,.T.);
#4671 = EDGE_LOOP('',(#4672,#4673,#4674,#4675));
#4672 = ORIENTED_EDGE('',*,*,#4378,.F.);
#4673 = ORIENTED_EDGE('',*,*,#4493,.T.);
#4674 = ORIENTED_EDGE('',*,*,#4519,.T.);
#4675 = ORIENTED_EDGE('',*,*,#4167,.F.);
#4676 = PLANE('',#4677);
#4677 = AXIS2_PLACEMENT_3D('',#4678,#4679,#4680);
#4678 = CARTESIAN_POINT('',(30.,40.1,0.));
#4679 = DIRECTION('',(3.023630936902E-06,0.999999999995,0.));
#4680 = DIRECTION('',(0.999999999995,-3.023630936902E-06,0.));
#4681 = ADVANCED_FACE('',(#4682),#4701,.T.);
#4682 = FACE_BOUND('',#4683,.F.);
#4683 = EDGE_LOOP('',(#4684,#4685,#4686,#4695));
#4684 = ORIENTED_EDGE('',*,*,#4283,.T.);
#4685 = ORIENTED_EDGE('',*,*,#4572,.T.);
#4686 = ORIENTED_EDGE('',*,*,#4687,.F.);
#4687 = EDGE_CURVE('',#4688,#4573,#4690,.T.);
#4688 = VERTEX_POINT('',#4689);
#4689 = CARTESIAN_POINT('',(130.,-25.10024189084,-30.));
#4690 = CIRCLE('',#4691,5.);
#4691 = AXIS2_PLACEMENT_3D('',#4692,#4693,#4694);
#4692 = CARTESIAN_POINT('',(125.,-25.10024189084,-30.));
#4693 = DIRECTION('',(0.,-0.,1.));
#4694 = DIRECTION('',(0.,1.,0.));
#4695 = ORIENTED_EDGE('',*,*,#4696,.F.);
#4696 = EDGE_CURVE('',#4276,#4688,#4697,.T.);
#4697 = LINE('',#4698,#4699);
#4698 = CARTESIAN_POINT('',(130.,-25.10024189084,20.));
#4699 = VECTOR('',#4700,1.);
#4700 = DIRECTION('',(0.,0.,-1.));
#4701 = CYLINDRICAL_SURFACE('',#4702,5.);
#4702 = AXIS2_PLACEMENT_3D('',#4703,#4704,#4705);
#4703 = CARTESIAN_POINT('',(125.,-25.10024189084,20.));
#4704 = DIRECTION('',(0.,0.,-1.));
#4705 = DIRECTION('',(1.,0.,0.));
#4706 = ADVANCED_FACE('',(#4707),#4725,.T.);
#4707 = FACE_BOUND('',#4708,.T.);
#4708 = EDGE_LOOP('',(#4709,#4710,#4718,#4724));
#4709 = ORIENTED_EDGE('',*,*,#4275,.T.);
#4710 = ORIENTED_EDGE('',*,*,#4711,.T.);
#4711 = EDGE_CURVE('',#4267,#4712,#4714,.T.);
#4712 = VERTEX_POINT('',#4713);
#4713 = CARTESIAN_POINT('',(130.,-30.10024189084,-30.));
#4714 = LINE('',#4715,#4716);
#4715 = CARTESIAN_POINT('',(130.,-30.10024189084,20.));
#4716 = VECTOR('',#4717,1.);
#4717 = DIRECTION('',(0.,0.,-1.));
#4718 = ORIENTED_EDGE('',*,*,#4719,.F.);
#4719 = EDGE_CURVE('',#4688,#4712,#4720,.T.);
#4720 = LINE('',#4721,#4722);
#4721 = CARTESIAN_POINT('',(130.,-20.10024189084,-30.));
#4722 = VECTOR('',#4723,1.);
#4723 = DIRECTION('',(0.,-1.,0.));
#4724 = ORIENTED_EDGE('',*,*,#4696,.F.);
#4725 = PLANE('',#4726);
#4726 = AXIS2_PLACEMENT_3D('',#4727,#4728,#4729);
#4727 = CARTESIAN_POINT('',(130.,-30.10024189084,-5.));
#4728 = DIRECTION('',(1.,0.,-5.437196586686E-16));
#4729 = DIRECTION('',(5.437196586686E-16,0.,1.));
#4730 = ADVANCED_FACE('',(#4731),#4750,.T.);
#4731 = FACE_BOUND('',#4732,.F.);
#4732 = EDGE_LOOP('',(#4733,#4734,#4735,#4744));
#4733 = ORIENTED_EDGE('',*,*,#4266,.T.);
#4734 = ORIENTED_EDGE('',*,*,#4711,.T.);
#4735 = ORIENTED_EDGE('',*,*,#4736,.F.);
#4736 = EDGE_CURVE('',#4737,#4712,#4739,.T.);
#4737 = VERTEX_POINT('',#4738);
#4738 = CARTESIAN_POINT('',(120.,-40.10024189084,-30.));
#4739 = CIRCLE('',#4740,10.);
#4740 = AXIS2_PLACEMENT_3D('',#4741,#4742,#4743);
#4741 = CARTESIAN_POINT('',(120.,-30.10024189084,-30.));
#4742 = DIRECTION('',(0.,-0.,1.));
#4743 = DIRECTION('',(0.,1.,0.));
#4744 = ORIENTED_EDGE('',*,*,#4745,.F.);
#4745 = EDGE_CURVE('',#4259,#4737,#4746,.T.);
#4746 = LINE('',#4747,#4748);
#4747 = CARTESIAN_POINT('',(120.,-40.10024189084,20.));
#4748 = VECTOR('',#4749,1.);
#4749 = DIRECTION('',(0.,0.,-1.));
#4750 = CYLINDRICAL_SURFACE('',#4751,10.);
#4751 = AXIS2_PLACEMENT_3D('',#4752,#4753,#4754);
#4752 = CARTESIAN_POINT('',(120.,-30.10024189084,20.));
#4753 = DIRECTION('',(0.,0.,-1.));
#4754 = DIRECTION('',(0.,-1.,0.));
#4755 = ADVANCED_FACE('',(#4756),#4774,.F.);
#4756 = FACE_BOUND('',#4757,.F.);
#4757 = EDGE_LOOP('',(#4758,#4766,#4767,#4768));
#4758 = ORIENTED_EDGE('',*,*,#4759,.F.);
#4759 = EDGE_CURVE('',#4344,#4760,#4762,.T.);
#4760 = VERTEX_POINT('',#4761);
#4761 = CARTESIAN_POINT('',(110.,-40.1,10.));
#4762 = LINE('',#4763,#4764);
#4763 = CARTESIAN_POINT('',(30.,-40.1,10.));
#4764 = VECTOR('',#4765,1.);
#4765 = DIRECTION('',(1.,0.,0.));
#4766 = ORIENTED_EDGE('',*,*,#4352,.T.);
#4767 = ORIENTED_EDGE('',*,*,#4242,.T.);
#4768 = ORIENTED_EDGE('',*,*,#4769,.F.);
#4769 = EDGE_CURVE('',#4760,#4243,#4770,.T.);
#4770 = LINE('',#4771,#4772);
#4771 = CARTESIAN_POINT('',(110.,-40.1,10.));
#4772 = VECTOR('',#4773,1.);
#4773 = DIRECTION('',(0.,0.,1.));
#4774 = PLANE('',#4775);
#4775 = AXIS2_PLACEMENT_3D('',#4776,#4777,#4778);
#4776 = CARTESIAN_POINT('',(30.,-40.1,10.));
#4777 = DIRECTION('',(0.,1.,0.));
#4778 = DIRECTION('',(1.,0.,0.));
#4779 = ADVANCED_FACE('',(#4780),#4812,.T.);
#4780 = FACE_BOUND('',#4781,.T.);
#4781 = EDGE_LOOP('',(#4782,#4783,#4791,#4797,#4805,#4811));
#4782 = ORIENTED_EDGE('',*,*,#4258,.F.);
#4783 = ORIENTED_EDGE('',*,*,#4784,.T.);
#4784 = EDGE_CURVE('',#4251,#4785,#4787,.T.);
#4785 = VERTEX_POINT('',#4786);
#4786 = CARTESIAN_POINT('',(110.,-40.10024189084,10.));
#4787 = LINE('',#4788,#4789);
#4788 = CARTESIAN_POINT('',(110.,-40.10024189084,20.));
#4789 = VECTOR('',#4790,1.);
#4790 = DIRECTION('',(0.,0.,-1.));
#4791 = ORIENTED_EDGE('',*,*,#4792,.F.);
#4792 = EDGE_CURVE('',#4403,#4785,#4793,.T.);
#4793 = LINE('',#4794,#4795);
#4794 = CARTESIAN_POINT('',(110.,-40.10024189084,0.));
#4795 = VECTOR('',#4796,1.);
#4796 = DIRECTION('',(0.,0.,1.));
#4797 = ORIENTED_EDGE('',*,*,#4798,.T.);
#4798 = EDGE_CURVE('',#4403,#4799,#4801,.T.);
#4799 = VERTEX_POINT('',#4800);
#4800 = CARTESIAN_POINT('',(110.,-40.10024189084,-30.));
#4801 = LINE('',#4802,#4803);
#4802 = CARTESIAN_POINT('',(110.,-40.10024189084,-2.693530522374E-14));
#4803 = VECTOR('',#4804,1.);
#4804 = DIRECTION('',(0.,0.,-1.));
#4805 = ORIENTED_EDGE('',*,*,#4806,.F.);
#4806 = EDGE_CURVE('',#4737,#4799,#4807,.T.);
#4807 = LINE('',#4808,#4809);
#4808 = CARTESIAN_POINT('',(130.,-40.10024189084,-30.));
#4809 = VECTOR('',#4810,1.);
#4810 = DIRECTION('',(-1.,0.,0.));
#4811 = ORIENTED_EDGE('',*,*,#4745,.F.);
#4812 = PLANE('',#4813);
#4813 = AXIS2_PLACEMENT_3D('',#4814,#4815,#4816);
#4814 = CARTESIAN_POINT('',(120.,-40.10024189084,-5.));
#4815 = DIRECTION('',(-0.,-1.,-0.));
#4816 = DIRECTION('',(0.,0.,-1.));
#4817 = ADVANCED_FACE('',(#4818),#4829,.F.);
#4818 = FACE_BOUND('',#4819,.F.);
#4819 = EDGE_LOOP('',(#4820,#4821,#4822,#4823));
#4820 = ORIENTED_EDGE('',*,*,#4769,.T.);
#4821 = ORIENTED_EDGE('',*,*,#4250,.T.);
#4822 = ORIENTED_EDGE('',*,*,#4784,.T.);
#4823 = ORIENTED_EDGE('',*,*,#4824,.F.);
#4824 = EDGE_CURVE('',#4760,#4785,#4825,.T.);
#4825 = LINE('',#4826,#4827);
#4826 = CARTESIAN_POINT('',(110.,-20.10024189084,10.));
#4827 = VECTOR('',#4828,1.);
#4828 = DIRECTION('',(0.,-1.,0.));
#4829 = PLANE('',#4830);
#4830 = AXIS2_PLACEMENT_3D('',#4831,#4832,#4833);
#4831 = CARTESIAN_POINT('',(110.,-9.040684308129E-05,10.));
#4832 = DIRECTION('',(1.,0.,0.));
#4833 = DIRECTION('',(0.,0.,1.));
#4834 = ADVANCED_FACE('',(#4835),#4846,.F.);
#4835 = FACE_BOUND('',#4836,.F.);
#4836 = EDGE_LOOP('',(#4837,#4843,#4844,#4845));
#4837 = ORIENTED_EDGE('',*,*,#4838,.T.);
#4838 = EDGE_CURVE('',#4293,#4440,#4839,.T.);
#4839 = LINE('',#4840,#4841);
#4840 = CARTESIAN_POINT('',(39.,-30.1,20.));
#4841 = VECTOR('',#4842,1.);
#4842 = DIRECTION('',(-0.,-0.,-1.));
#4843 = ORIENTED_EDGE('',*,*,#4439,.T.);
#4844 = ORIENTED_EDGE('',*,*,#4838,.F.);
#4845 = ORIENTED_EDGE('',*,*,#4292,.F.);
#4846 = CYLINDRICAL_SURFACE('',#4847,2.);
#4847 = AXIS2_PLACEMENT_3D('',#4848,#4849,#4850);
#4848 = CARTESIAN_POINT('',(37.,-30.1,20.));
#4849 = DIRECTION('',(0.,0.,1.));
#4850 = DIRECTION('',(1.,0.,-0.));
#4851 = ADVANCED_FACE('',(#4852),#4871,.T.);
#4852 = FACE_BOUND('',#4853,.T.);
#4853 = EDGE_LOOP('',(#4854,#4855,#4863,#4870));
#4854 = ORIENTED_EDGE('',*,*,#4418,.T.);
#4855 = ORIENTED_EDGE('',*,*,#4856,.T.);
#4856 = EDGE_CURVE('',#4411,#4857,#4859,.T.);
#4857 = VERTEX_POINT('',#4858);
#4858 = CARTESIAN_POINT('',(39.999969763644,-40.10003023626,10.));
#4859 = LINE('',#4860,#4861);
#4860 = CARTESIAN_POINT('',(39.999969763644,-40.10003023626,0.));
#4861 = VECTOR('',#4862,1.);
#4862 = DIRECTION('',(0.,0.,1.));
#4863 = ORIENTED_EDGE('',*,*,#4864,.F.);
#4864 = EDGE_CURVE('',#4336,#4857,#4865,.T.);
#4865 = CIRCLE('',#4866,10.);
#4866 = AXIS2_PLACEMENT_3D('',#4867,#4868,#4869);
#4867 = CARTESIAN_POINT('',(40.,-30.10003023631,10.));
#4868 = DIRECTION('',(-0.,0.,1.));
#4869 = DIRECTION('',(0.,-1.,0.));
#4870 = ORIENTED_EDGE('',*,*,#4335,.F.);
#4871 = CYLINDRICAL_SURFACE('',#4872,10.);
#4872 = AXIS2_PLACEMENT_3D('',#4873,#4874,#4875);
#4873 = CARTESIAN_POINT('',(40.,-30.10003023631,0.));
#4874 = DIRECTION('',(0.,0.,1.));
#4875 = DIRECTION('',(-1.,0.,0.));
#4876 = ADVANCED_FACE('',(#4877),#4889,.T.);
#4877 = FACE_BOUND('',#4878,.T.);
#4878 = EDGE_LOOP('',(#4879,#4880,#4886,#4887,#4888));
#4879 = ORIENTED_EDGE('',*,*,#4864,.T.);
#4880 = ORIENTED_EDGE('',*,*,#4881,.T.);
#4881 = EDGE_CURVE('',#4857,#4785,#4882,.T.);
#4882 = LINE('',#4883,#4884);
#4883 = CARTESIAN_POINT('',(30.,-40.1,10.));
#4884 = VECTOR('',#4885,1.);
#4885 = DIRECTION('',(0.999999999995,-3.023635580121E-06,0.));
#4886 = ORIENTED_EDGE('',*,*,#4824,.F.);
#4887 = ORIENTED_EDGE('',*,*,#4759,.F.);
#4888 = ORIENTED_EDGE('',*,*,#4343,.F.);
#4889 = PLANE('',#4890);
#4890 = AXIS2_PLACEMENT_3D('',#4891,#4892,#4893);
#4891 = CARTESIAN_POINT('',(68.786869647974,-1.172772690616E-04,10.));
#4892 = DIRECTION('',(0.,0.,1.));
#4893 = DIRECTION('',(1.,0.,0.));
#4894 = ADVANCED_FACE('',(#4895),#4901,.F.);
#4895 = FACE_BOUND('',#4896,.F.);
#4896 = EDGE_LOOP('',(#4897,#4898,#4899,#4900));
#4897 = ORIENTED_EDGE('',*,*,#4410,.F.);
#4898 = ORIENTED_EDGE('',*,*,#4856,.T.);
#4899 = ORIENTED_EDGE('',*,*,#4881,.T.);
#4900 = ORIENTED_EDGE('',*,*,#4792,.F.);
#4901 = PLANE('',#4902);
#4902 = AXIS2_PLACEMENT_3D('',#4903,#4904,#4905);
#4903 = CARTESIAN_POINT('',(30.,-40.1,0.));
#4904 = DIRECTION('',(3.023635580121E-06,0.999999999995,0.));
#4905 = DIRECTION('',(0.999999999995,-3.023635580121E-06,0.));
#4906 = ADVANCED_FACE('',(#4907),#4918,.F.);
#4907 = FACE_BOUND('',#4908,.F.);
#4908 = EDGE_LOOP('',(#4909,#4910,#4916,#4917));
#4909 = ORIENTED_EDGE('',*,*,#4798,.T.);
#4910 = ORIENTED_EDGE('',*,*,#4911,.T.);
#4911 = EDGE_CURVE('',#4799,#4581,#4912,.T.);
#4912 = LINE('',#4913,#4914);
#4913 = CARTESIAN_POINT('',(110.,-40.10024189084,-30.));
#4914 = VECTOR('',#4915,1.);
#4915 = DIRECTION('',(0.,1.,0.));
#4916 = ORIENTED_EDGE('',*,*,#4588,.F.);
#4917 = ORIENTED_EDGE('',*,*,#4402,.F.);
#4918 = PLANE('',#4919);
#4919 = AXIS2_PLACEMENT_3D('',#4920,#4921,#4922);
#4920 = CARTESIAN_POINT('',(110.,-40.10024189084,-2.693530522374E-14));
#4921 = DIRECTION('',(1.,0.,0.));
#4922 = DIRECTION('',(0.,1.,0.));
#4923 = ADVANCED_FACE('',(#4924),#4932,.F.);
#4924 = FACE_BOUND('',#4925,.F.);
#4925 = EDGE_LOOP('',(#4926,#4927,#4928,#4929,#4930,#4931));
#4926 = ORIENTED_EDGE('',*,*,#4719,.F.);
#4927 = ORIENTED_EDGE('',*,*,#4687,.T.);
#4928 = ORIENTED_EDGE('',*,*,#4580,.F.);
#4929 = ORIENTED_EDGE('',*,*,#4911,.F.);
#4930 = ORIENTED_EDGE('',*,*,#4806,.F.);
#4931 = ORIENTED_EDGE('',*,*,#4736,.T.);
#4932 = PLANE('',#4933);
#4933 = AXIS2_PLACEMENT_3D('',#4934,#4935,#4936);
#4934 = CARTESIAN_POINT('',(120.,-9.040684307951E-05,-30.));
#4935 = DIRECTION('',(0.,0.,1.));
#4936 = DIRECTION('',(1.,0.,0.));
#4937 = ( GEOMETRIC_REPRESENTATION_CONTEXT(3) 
GLOBAL_UNCERTAINTY_ASSIGNED_CONTEXT((#4941)) 
GLOBAL_UNIT_ASSIGNED_CONTEXT((#4938,#4939,#4940)) REPRESENTATION_CONTEXT
('Context #1','3D Context with UNIT and UNCERTAINTY') );
#4938 = ( LENGTH_UNIT() NAMED_UNIT(*) SI_UNIT(.MILLI.,.METRE.) );
#4939 = ( NAMED_UNIT(*) PLANE_ANGLE_UNIT() SI_UNIT($,.RADIAN.) );
#4940 = ( NAMED_UNIT(*) SI_UNIT($,.STERADIAN.) SOLID_ANGLE_UNIT() );
#4941 = UNCERTAINTY_MEASURE_WITH_UNIT(LENGTH_MEASURE(5.E-06),#4938,
  'distance_accuracy_value','confusion accuracy');
#4942 = CONTEXT_DEPENDENT_SHAPE_REPRESENTATION(#4943,#4945);
#4943 = ( REPRESENTATION_RELATIONSHIP('','',#3601,#3578) 
REPRESENTATION_RELATIONSHIP_WITH_TRANSFORMATION(#4944) 
SHAPE_REPRESENTATION_RELATIONSHIP() );
#4944 = ITEM_DEFINED_TRANSFORMATION('','',#11,#3579);
#4945 = PRODUCT_DEFINITION_SHAPE('Placement','Placement of an item',
  #4946);
#4946 = NEXT_ASSEMBLY_USAGE_OCCURRENCE('9','Body003','',#3573,#3596,$);
#4947 = PRODUCT_RELATED_PRODUCT_CATEGORY('part',$,(#3598));
#4948 = SHAPE_DEFINITION_REPRESENTATION(#4949,#4955);
#4949 = PRODUCT_DEFINITION_SHAPE('','',#4950);
#4950 = PRODUCT_DEFINITION('design','',#4951,#4954);
#4951 = PRODUCT_DEFINITION_FORMATION('','',#4952);
#4952 = PRODUCT('claw2','claw2','',(#4953));
#4953 = PRODUCT_CONTEXT('',#2,'mechanical');
#4954 = PRODUCT_DEFINITION_CONTEXT('part definition',#2,'design');
#4955 = SHAPE_REPRESENTATION('',(#11,#4956),#4960);
#4956 = AXIS2_PLACEMENT_3D('',#4957,#4958,#4959);
#4957 = CARTESIAN_POINT('',(0.,0.,0.));
#4958 = DIRECTION('',(0.,0.,1.));
#4959 = DIRECTION('',(1.,0.,0.));
#4960 = ( GEOMETRIC_REPRESENTATION_CONTEXT(3) 
GLOBAL_UNCERTAINTY_ASSIGNED_CONTEXT((#4964)) 
GLOBAL_UNIT_ASSIGNED_CONTEXT((#4961,#4962,#4963)) REPRESENTATION_CONTEXT
('Context #1','3D Context with UNIT and UNCERTAINTY') );
#4961 = ( LENGTH_UNIT() NAMED_UNIT(*) SI_UNIT(.MILLI.,.METRE.) );
#4962 = ( NAMED_UNIT(*) PLANE_ANGLE_UNIT() SI_UNIT($,.RADIAN.) );
#4963 = ( NAMED_UNIT(*) SI_UNIT($,.STERADIAN.) SOLID_ANGLE_UNIT() );
#4964 = UNCERTAINTY_MEASURE_WITH_UNIT(LENGTH_MEASURE(5.E-06),#4961,
  'distance_accuracy_value','confusion accuracy');
#4965 = CONTEXT_DEPENDENT_SHAPE_REPRESENTATION(#4966,#4968);
#4966 = ( REPRESENTATION_RELATIONSHIP('','',#4955,#10) 
REPRESENTATION_RELATIONSHIP_WITH_TRANSFORMATION(#4967) 
SHAPE_REPRESENTATION_RELATIONSHIP() );
#4967 = ITEM_DEFINED_TRANSFORMATION('','',#11,#35);
#4968 = PRODUCT_DEFINITION_SHAPE('Placement','Placement of an item',
  #4969);
#4969 = NEXT_ASSEMBLY_USAGE_OCCURRENCE('12','claw2','',#5,#4950,$);
#4970 = PRODUCT_RELATED_PRODUCT_CATEGORY('part',$,(#4952));
#4971 = SHAPE_DEFINITION_REPRESENTATION(#4972,#4978);
#4972 = PRODUCT_DEFINITION_SHAPE('','',#4973);
#4973 = PRODUCT_DEFINITION('design','',#4974,#4977);
#4974 = PRODUCT_DEFINITION_FORMATION('','',#4975);
#4975 = PRODUCT('Body004','Body004','',(#4976));
#4976 = PRODUCT_CONTEXT('',#2,'mechanical');
#4977 = PRODUCT_DEFINITION_CONTEXT('part definition',#2,'design');
#4978 = ADVANCED_BREP_SHAPE_REPRESENTATION('',(#11,#4979),#6314);
#4979 = MANIFOLD_SOLID_BREP('',#4980);
#4980 = CLOSED_SHELL('',(#4981,#5068,#5131,#5156,#5181,#5269,#5293,#5318
    ,#5343,#5376,#5401,#5489,#5508,#5531,#5564,#5588,#5682,#5699,#5741,
    #5865,#5890,#5909,#5927,#5944,#5978,#5995,#6012,#6029,#6046,#6058,
    #6083,#6107,#6132,#6156,#6194,#6211,#6228,#6253,#6271,#6283,#6300));
#4981 = ADVANCED_FACE('',(#4982,#5052),#5063,.T.);
#4982 = FACE_BOUND('',#4983,.T.);
#4983 = EDGE_LOOP('',(#4984,#4994,#5003,#5011,#5020,#5028,#5037,#5045));
#4984 = ORIENTED_EDGE('',*,*,#4985,.T.);
#4985 = EDGE_CURVE('',#4986,#4988,#4990,.T.);
#4986 = VERTEX_POINT('',#4987);
#4987 = CARTESIAN_POINT('',(32.,20.099758109525,20.));
#4988 = VERTEX_POINT('',#4989);
#4989 = CARTESIAN_POINT('',(125.,20.099758109525,20.));
#4990 = LINE('',#4991,#4992);
#4991 = CARTESIAN_POINT('',(30.,20.099758109525,20.));
#4992 = VECTOR('',#4993,1.);
#4993 = DIRECTION('',(1.,0.,0.));
#4994 = ORIENTED_EDGE('',*,*,#4995,.F.);
#4995 = EDGE_CURVE('',#4996,#4988,#4998,.T.);
#4996 = VERTEX_POINT('',#4997);
#4997 = CARTESIAN_POINT('',(130.,25.099758109525,20.));
#4998 = CIRCLE('',#4999,5.);
#4999 = AXIS2_PLACEMENT_3D('',#5000,#5001,#5002);
#5000 = CARTESIAN_POINT('',(125.,25.099758109525,20.));
#5001 = DIRECTION('',(1.203775755766E-15,0.,-1.));
#5002 = DIRECTION('',(1.,0.,1.203775755766E-15));
#5003 = ORIENTED_EDGE('',*,*,#5004,.F.);
#5004 = EDGE_CURVE('',#5005,#4996,#5007,.T.);
#5005 = VERTEX_POINT('',#5006);
#5006 = CARTESIAN_POINT('',(130.,30.1,20.));
#5007 = LINE('',#5008,#5009);
#5008 = CARTESIAN_POINT('',(130.,40.1,20.));
#5009 = VECTOR('',#5010,1.);
#5010 = DIRECTION('',(0.,-1.,0.));
#5011 = ORIENTED_EDGE('',*,*,#5012,.F.);
#5012 = EDGE_CURVE('',#5013,#5005,#5015,.T.);
#5013 = VERTEX_POINT('',#5014);
#5014 = CARTESIAN_POINT('',(120.,40.1,20.));
#5015 = CIRCLE('',#5016,10.);
#5016 = AXIS2_PLACEMENT_3D('',#5017,#5018,#5019);
#5017 = CARTESIAN_POINT('',(120.,30.1,20.));
#5018 = DIRECTION('',(1.203775755766E-15,0.,-1.));
#5019 = DIRECTION('',(1.,0.,1.203775755766E-15));
#5020 = ORIENTED_EDGE('',*,*,#5021,.F.);
#5021 = EDGE_CURVE('',#5022,#5013,#5024,.T.);
#5022 = VERTEX_POINT('',#5023);
#5023 = CARTESIAN_POINT('',(40.,40.1,20.));
#5024 = LINE('',#5025,#5026);
#5025 = CARTESIAN_POINT('',(110.,40.1,20.));
#5026 = VECTOR('',#5027,1.);
#5027 = DIRECTION('',(1.,0.,1.33226762955E-15));
#5028 = ORIENTED_EDGE('',*,*,#5029,.F.);
#5029 = EDGE_CURVE('',#5030,#5022,#5032,.T.);
#5030 = VERTEX_POINT('',#5031);
#5031 = CARTESIAN_POINT('',(30.,30.1,20.));
#5032 = CIRCLE('',#5033,10.);
#5033 = AXIS2_PLACEMENT_3D('',#5034,#5035,#5036);
#5034 = CARTESIAN_POINT('',(40.,30.1,20.));
#5035 = DIRECTION('',(-0.,-0.,-1.));
#5036 = DIRECTION('',(0.,-1.,0.));
#5037 = ORIENTED_EDGE('',*,*,#5038,.T.);
#5038 = EDGE_CURVE('',#5030,#5039,#5041,.T.);
#5039 = VERTEX_POINT('',#5040);
#5040 = CARTESIAN_POINT('',(30.,22.099758109525,20.));
#5041 = LINE('',#5042,#5043);
#5042 = CARTESIAN_POINT('',(30.,40.1,20.));
#5043 = VECTOR('',#5044,1.);
#5044 = DIRECTION('',(0.,-1.,0.));
#5045 = ORIENTED_EDGE('',*,*,#5046,.F.);
#5046 = EDGE_CURVE('',#4986,#5039,#5047,.T.);
#5047 = CIRCLE('',#5048,2.);
#5048 = AXIS2_PLACEMENT_3D('',#5049,#5050,#5051);
#5049 = CARTESIAN_POINT('',(32.,22.099758109525,20.));
#5050 = DIRECTION('',(-0.,-0.,-1.));
#5051 = DIRECTION('',(0.,-1.,0.));
#5052 = FACE_BOUND('',#5053,.T.);
#5053 = EDGE_LOOP('',(#5054));
#5054 = ORIENTED_EDGE('',*,*,#5055,.F.);
#5055 = EDGE_CURVE('',#5056,#5056,#5058,.T.);
#5056 = VERTEX_POINT('',#5057);
#5057 = CARTESIAN_POINT('',(39.,30.1,20.));
#5058 = CIRCLE('',#5059,2.);
#5059 = AXIS2_PLACEMENT_3D('',#5060,#5061,#5062);
#5060 = CARTESIAN_POINT('',(37.,30.1,20.));
#5061 = DIRECTION('',(-1.044822378592E-15,0.,1.));
#5062 = DIRECTION('',(1.,0.,1.044822378592E-15));
#5063 = PLANE('',#5064);
#5064 = AXIS2_PLACEMENT_3D('',#5065,#5066,#5067);
#5065 = CARTESIAN_POINT('',(80.,30.099879054763,20.));
#5066 = DIRECTION('',(-1.044822904001E-15,0.,1.));
#5067 = DIRECTION('',(1.,0.,1.044822904001E-15));
#5068 = ADVANCED_FACE('',(#5069),#5126,.T.);
#5069 = FACE_BOUND('',#5070,.T.);
#5070 = EDGE_LOOP('',(#5071,#5072,#5080,#5088,#5096,#5104,#5112,#5120));
#5071 = ORIENTED_EDGE('',*,*,#4985,.F.);
#5072 = ORIENTED_EDGE('',*,*,#5073,.F.);
#5073 = EDGE_CURVE('',#5074,#4986,#5076,.T.);
#5074 = VERTEX_POINT('',#5075);
#5075 = CARTESIAN_POINT('',(32.,20.099758109525,10.));
#5076 = LINE('',#5077,#5078);
#5077 = CARTESIAN_POINT('',(32.,20.099758109525,10.));
#5078 = VECTOR('',#5079,1.);
#5079 = DIRECTION('',(0.,0.,1.));
#5080 = ORIENTED_EDGE('',*,*,#5081,.T.);
#5081 = EDGE_CURVE('',#5074,#5082,#5084,.T.);
#5082 = VERTEX_POINT('',#5083);
#5083 = CARTESIAN_POINT('',(60.,20.099758109525,10.));
#5084 = LINE('',#5085,#5086);
#5085 = CARTESIAN_POINT('',(30.,20.099758109525,10.));
#5086 = VECTOR('',#5087,1.);
#5087 = DIRECTION('',(1.,0.,0.));
#5088 = ORIENTED_EDGE('',*,*,#5089,.T.);
#5089 = EDGE_CURVE('',#5082,#5090,#5092,.T.);
#5090 = VERTEX_POINT('',#5091);
#5091 = CARTESIAN_POINT('',(110.,20.099758109525,10.));
#5092 = LINE('',#5093,#5094);
#5093 = CARTESIAN_POINT('',(30.,20.099758109525,10.));
#5094 = VECTOR('',#5095,1.);
#5095 = DIRECTION('',(1.,0.,0.));
#5096 = ORIENTED_EDGE('',*,*,#5097,.F.);
#5097 = EDGE_CURVE('',#5098,#5090,#5100,.T.);
#5098 = VERTEX_POINT('',#5099);
#5099 = CARTESIAN_POINT('',(110.,20.099758109525,7.81597009261E-14));
#5100 = LINE('',#5101,#5102);
#5101 = CARTESIAN_POINT('',(110.,20.099758109525,0.));
#5102 = VECTOR('',#5103,1.);
#5103 = DIRECTION('',(0.,0.,1.));
#5104 = ORIENTED_EDGE('',*,*,#5105,.T.);
#5105 = EDGE_CURVE('',#5098,#5106,#5108,.T.);
#5106 = VERTEX_POINT('',#5107);
#5107 = CARTESIAN_POINT('',(110.,20.099758109525,-30.));
#5108 = LINE('',#5109,#5110);
#5109 = CARTESIAN_POINT('',(110.,20.099758109525,7.957748144211E-14));
#5110 = VECTOR('',#5111,1.);
#5111 = DIRECTION('',(1.203775755766E-15,0.,-1.));
#5112 = ORIENTED_EDGE('',*,*,#5113,.F.);
#5113 = EDGE_CURVE('',#5114,#5106,#5116,.T.);
#5114 = VERTEX_POINT('',#5115);
#5115 = CARTESIAN_POINT('',(125.,20.099758109525,-30.));
#5116 = LINE('',#5117,#5118);
#5117 = CARTESIAN_POINT('',(130.,20.099758109525,-30.));
#5118 = VECTOR('',#5119,1.);
#5119 = DIRECTION('',(-1.,0.,-1.203775755766E-15));
#5120 = ORIENTED_EDGE('',*,*,#5121,.F.);
#5121 = EDGE_CURVE('',#4988,#5114,#5122,.T.);
#5122 = LINE('',#5123,#5124);
#5123 = CARTESIAN_POINT('',(125.,20.099758109525,20.));
#5124 = VECTOR('',#5125,1.);
#5125 = DIRECTION('',(1.203775755766E-15,0.,-1.));
#5126 = PLANE('',#5127);
#5127 = AXIS2_PLACEMENT_3D('',#5128,#5129,#5130);
#5128 = CARTESIAN_POINT('',(90.666666666667,20.099758109525,
    5.666666666667));
#5129 = DIRECTION('',(-0.,-1.,-0.));
#5130 = DIRECTION('',(0.,0.,-1.));
#5131 = ADVANCED_FACE('',(#5132),#5151,.T.);
#5132 = FACE_BOUND('',#5133,.F.);
#5133 = EDGE_LOOP('',(#5134,#5143,#5149,#5150));
#5134 = ORIENTED_EDGE('',*,*,#5135,.T.);
#5135 = EDGE_CURVE('',#5074,#5136,#5138,.T.);
#5136 = VERTEX_POINT('',#5137);
#5137 = CARTESIAN_POINT('',(30.,22.099758109525,10.));
#5138 = CIRCLE('',#5139,2.);
#5139 = AXIS2_PLACEMENT_3D('',#5140,#5141,#5142);
#5140 = CARTESIAN_POINT('',(32.,22.099758109525,10.));
#5141 = DIRECTION('',(-0.,-0.,-1.));
#5142 = DIRECTION('',(0.,-1.,0.));
#5143 = ORIENTED_EDGE('',*,*,#5144,.T.);
#5144 = EDGE_CURVE('',#5136,#5039,#5145,.T.);
#5145 = LINE('',#5146,#5147);
#5146 = CARTESIAN_POINT('',(30.,22.099758109525,10.));
#5147 = VECTOR('',#5148,1.);
#5148 = DIRECTION('',(0.,0.,1.));
#5149 = ORIENTED_EDGE('',*,*,#5046,.F.);
#5150 = ORIENTED_EDGE('',*,*,#5073,.F.);
#5151 = CYLINDRICAL_SURFACE('',#5152,2.);
#5152 = AXIS2_PLACEMENT_3D('',#5153,#5154,#5155);
#5153 = CARTESIAN_POINT('',(32.,22.099758109525,10.));
#5154 = DIRECTION('',(0.,0.,1.));
#5155 = DIRECTION('',(0.,-1.,0.));
#5156 = ADVANCED_FACE('',(#5157),#5176,.T.);
#5157 = FACE_BOUND('',#5158,.T.);
#5158 = EDGE_LOOP('',(#5159,#5160,#5161,#5170));
#5159 = ORIENTED_EDGE('',*,*,#4995,.T.);
#5160 = ORIENTED_EDGE('',*,*,#5121,.T.);
#5161 = ORIENTED_EDGE('',*,*,#5162,.F.);
#5162 = EDGE_CURVE('',#5163,#5114,#5165,.T.);
#5163 = VERTEX_POINT('',#5164);
#5164 = CARTESIAN_POINT('',(130.,25.099758109525,-30.));
#5165 = CIRCLE('',#5166,5.);
#5166 = AXIS2_PLACEMENT_3D('',#5167,#5168,#5169);
#5167 = CARTESIAN_POINT('',(125.,25.099758109525,-30.));
#5168 = DIRECTION('',(1.203775755766E-15,0.,-1.));
#5169 = DIRECTION('',(1.,0.,1.203775755766E-15));
#5170 = ORIENTED_EDGE('',*,*,#5171,.F.);
#5171 = EDGE_CURVE('',#4996,#5163,#5172,.T.);
#5172 = LINE('',#5173,#5174);
#5173 = CARTESIAN_POINT('',(130.,25.099758109525,20.));
#5174 = VECTOR('',#5175,1.);
#5175 = DIRECTION('',(1.203775755766E-15,0.,-1.));
#5176 = CYLINDRICAL_SURFACE('',#5177,5.);
#5177 = AXIS2_PLACEMENT_3D('',#5178,#5179,#5180);
#5178 = CARTESIAN_POINT('',(125.,25.099758109525,20.));
#5179 = DIRECTION('',(1.203775755766E-15,0.,-1.));
#5180 = DIRECTION('',(1.,0.,1.203775755766E-15));
#5181 = ADVANCED_FACE('',(#5182),#5264,.T.);
#5182 = FACE_BOUND('',#5183,.T.);
#5183 = EDGE_LOOP('',(#5184,#5194,#5202,#5210,#5218,#5224,#5225,#5226,
    #5234,#5242,#5250,#5258));
#5184 = ORIENTED_EDGE('',*,*,#5185,.F.);
#5185 = EDGE_CURVE('',#5186,#5188,#5190,.T.);
#5186 = VERTEX_POINT('',#5187);
#5187 = CARTESIAN_POINT('',(30.,-22.10024189084,20.));
#5188 = VERTEX_POINT('',#5189);
#5189 = CARTESIAN_POINT('',(30.,-30.1,20.));
#5190 = LINE('',#5191,#5192);
#5191 = CARTESIAN_POINT('',(30.,-20.10024189084,20.));
#5192 = VECTOR('',#5193,1.);
#5193 = DIRECTION('',(0.,-1.,0.));
#5194 = ORIENTED_EDGE('',*,*,#5195,.F.);
#5195 = EDGE_CURVE('',#5196,#5186,#5198,.T.);
#5196 = VERTEX_POINT('',#5197);
#5197 = CARTESIAN_POINT('',(30.,-22.10024189084,10.));
#5198 = LINE('',#5199,#5200);
#5199 = CARTESIAN_POINT('',(30.,-22.10024189084,10.));
#5200 = VECTOR('',#5201,1.);
#5201 = DIRECTION('',(0.,0.,1.));
#5202 = ORIENTED_EDGE('',*,*,#5203,.F.);
#5203 = EDGE_CURVE('',#5204,#5196,#5206,.T.);
#5204 = VERTEX_POINT('',#5205);
#5205 = CARTESIAN_POINT('',(30.,-20.10024189084,10.));
#5206 = LINE('',#5207,#5208);
#5207 = CARTESIAN_POINT('',(30.,-6.9613709879E-05,10.));
#5208 = VECTOR('',#5209,1.);
#5209 = DIRECTION('',(-0.,-1.,-0.));
#5210 = ORIENTED_EDGE('',*,*,#5211,.F.);
#5211 = EDGE_CURVE('',#5212,#5204,#5214,.T.);
#5212 = VERTEX_POINT('',#5213);
#5213 = CARTESIAN_POINT('',(30.,20.099758109525,10.));
#5214 = LINE('',#5215,#5216);
#5215 = CARTESIAN_POINT('',(30.,40.1,10.));
#5216 = VECTOR('',#5217,1.);
#5217 = DIRECTION('',(0.,-1.,0.));
#5218 = ORIENTED_EDGE('',*,*,#5219,.T.);
#5219 = EDGE_CURVE('',#5212,#5136,#5220,.T.);
#5220 = LINE('',#5221,#5222);
#5221 = CARTESIAN_POINT('',(30.,-6.9613709879E-05,10.));
#5222 = VECTOR('',#5223,1.);
#5223 = DIRECTION('',(0.,1.,0.));
#5224 = ORIENTED_EDGE('',*,*,#5144,.T.);
#5225 = ORIENTED_EDGE('',*,*,#5038,.F.);
#5226 = ORIENTED_EDGE('',*,*,#5227,.F.);
#5227 = EDGE_CURVE('',#5228,#5030,#5230,.T.);
#5228 = VERTEX_POINT('',#5229);
#5229 = CARTESIAN_POINT('',(30.,30.1,10.));
#5230 = LINE('',#5231,#5232);
#5231 = CARTESIAN_POINT('',(30.,30.1,10.));
#5232 = VECTOR('',#5233,1.);
#5233 = DIRECTION('',(0.,0.,1.));
#5234 = ORIENTED_EDGE('',*,*,#5235,.T.);
#5235 = EDGE_CURVE('',#5228,#5236,#5238,.T.);
#5236 = VERTEX_POINT('',#5237);
#5237 = CARTESIAN_POINT('',(30.,30.099969763645,10.));
#5238 = LINE('',#5239,#5240);
#5239 = CARTESIAN_POINT('',(30.,-3.504319608522E-05,10.));
#5240 = VECTOR('',#5241,1.);
#5241 = DIRECTION('',(-0.,-1.,-0.));
#5242 = ORIENTED_EDGE('',*,*,#5243,.F.);
#5243 = EDGE_CURVE('',#5244,#5236,#5246,.T.);
#5244 = VERTEX_POINT('',#5245);
#5245 = CARTESIAN_POINT('',(30.,30.099969763645,0.));
#5246 = LINE('',#5247,#5248);
#5247 = CARTESIAN_POINT('',(30.,30.099969763645,0.));
#5248 = VECTOR('',#5249,1.);
#5249 = DIRECTION('',(0.,0.,1.));
#5250 = ORIENTED_EDGE('',*,*,#5251,.T.);
#5251 = EDGE_CURVE('',#5244,#5252,#5254,.T.);
#5252 = VERTEX_POINT('',#5253);
#5253 = CARTESIAN_POINT('',(30.,-30.1,0.));
#5254 = LINE('',#5255,#5256);
#5255 = CARTESIAN_POINT('',(30.,40.1,0.));
#5256 = VECTOR('',#5257,1.);
#5257 = DIRECTION('',(0.,-1.,0.));
#5258 = ORIENTED_EDGE('',*,*,#5259,.T.);
#5259 = EDGE_CURVE('',#5252,#5188,#5260,.T.);
#5260 = LINE('',#5261,#5262);
#5261 = CARTESIAN_POINT('',(30.,-30.1,10.));
#5262 = VECTOR('',#5263,1.);
#5263 = DIRECTION('',(0.,0.,1.));
#5264 = PLANE('',#5265);
#5265 = AXIS2_PLACEMENT_3D('',#5266,#5267,#5268);
#5266 = CARTESIAN_POINT('',(30.,-2.195015069642E-05,8.629764065319));
#5267 = DIRECTION('',(-1.,-0.,-0.));
#5268 = DIRECTION('',(0.,0.,-1.));
#5269 = ADVANCED_FACE('',(#5270),#5288,.T.);
#5270 = FACE_BOUND('',#5271,.T.);
#5271 = EDGE_LOOP('',(#5272,#5273,#5274,#5282));
#5272 = ORIENTED_EDGE('',*,*,#5004,.T.);
#5273 = ORIENTED_EDGE('',*,*,#5171,.T.);
#5274 = ORIENTED_EDGE('',*,*,#5275,.F.);
#5275 = EDGE_CURVE('',#5276,#5163,#5278,.T.);
#5276 = VERTEX_POINT('',#5277);
#5277 = CARTESIAN_POINT('',(130.,30.1,-30.));
#5278 = LINE('',#5279,#5280);
#5279 = CARTESIAN_POINT('',(130.,40.1,-30.));
#5280 = VECTOR('',#5281,1.);
#5281 = DIRECTION('',(0.,-1.,0.));
#5282 = ORIENTED_EDGE('',*,*,#5283,.F.);
#5283 = EDGE_CURVE('',#5005,#5276,#5284,.T.);
#5284 = LINE('',#5285,#5286);
#5285 = CARTESIAN_POINT('',(130.,30.1,20.));
#5286 = VECTOR('',#5287,1.);
#5287 = DIRECTION('',(1.203775755766E-15,0.,-1.));
#5288 = PLANE('',#5289);
#5289 = AXIS2_PLACEMENT_3D('',#5290,#5291,#5292);
#5290 = CARTESIAN_POINT('',(130.,30.099879054763,-5.));
#5291 = DIRECTION('',(1.,0.,5.684341886081E-16));
#5292 = DIRECTION('',(-5.684341886081E-16,0.,1.));
#5293 = ADVANCED_FACE('',(#5294),#5313,.T.);
#5294 = FACE_BOUND('',#5295,.F.);
#5295 = EDGE_LOOP('',(#5296,#5305,#5311,#5312));
#5296 = ORIENTED_EDGE('',*,*,#5297,.T.);
#5297 = EDGE_CURVE('',#5228,#5298,#5300,.T.);
#5298 = VERTEX_POINT('',#5299);
#5299 = CARTESIAN_POINT('',(40.,40.1,10.));
#5300 = CIRCLE('',#5301,10.);
#5301 = AXIS2_PLACEMENT_3D('',#5302,#5303,#5304);
#5302 = CARTESIAN_POINT('',(40.,30.1,10.));
#5303 = DIRECTION('',(-0.,-0.,-1.));
#5304 = DIRECTION('',(0.,-1.,0.));
#5305 = ORIENTED_EDGE('',*,*,#5306,.T.);
#5306 = EDGE_CURVE('',#5298,#5022,#5307,.T.);
#5307 = LINE('',#5308,#5309);
#5308 = CARTESIAN_POINT('',(40.,40.1,10.));
#5309 = VECTOR('',#5310,1.);
#5310 = DIRECTION('',(0.,0.,1.));
#5311 = ORIENTED_EDGE('',*,*,#5029,.F.);
#5312 = ORIENTED_EDGE('',*,*,#5227,.F.);
#5313 = CYLINDRICAL_SURFACE('',#5314,10.);
#5314 = AXIS2_PLACEMENT_3D('',#5315,#5316,#5317);
#5315 = CARTESIAN_POINT('',(40.,30.1,10.));
#5316 = DIRECTION('',(0.,0.,1.));
#5317 = DIRECTION('',(-1.,0.,0.));
#5318 = ADVANCED_FACE('',(#5319),#5338,.T.);
#5319 = FACE_BOUND('',#5320,.T.);
#5320 = EDGE_LOOP('',(#5321,#5322,#5323,#5332));
#5321 = ORIENTED_EDGE('',*,*,#5012,.T.);
#5322 = ORIENTED_EDGE('',*,*,#5283,.T.);
#5323 = ORIENTED_EDGE('',*,*,#5324,.F.);
#5324 = EDGE_CURVE('',#5325,#5276,#5327,.T.);
#5325 = VERTEX_POINT('',#5326);
#5326 = CARTESIAN_POINT('',(120.,40.1,-30.));
#5327 = CIRCLE('',#5328,10.);
#5328 = AXIS2_PLACEMENT_3D('',#5329,#5330,#5331);
#5329 = CARTESIAN_POINT('',(120.,30.1,-30.));
#5330 = DIRECTION('',(1.203775755766E-15,0.,-1.));
#5331 = DIRECTION('',(1.,0.,1.203775755766E-15));
#5332 = ORIENTED_EDGE('',*,*,#5333,.F.);
#5333 = EDGE_CURVE('',#5013,#5325,#5334,.T.);
#5334 = LINE('',#5335,#5336);
#5335 = CARTESIAN_POINT('',(120.,40.1,20.));
#5336 = VECTOR('',#5337,1.);
#5337 = DIRECTION('',(1.203775755766E-15,0.,-1.));
#5338 = CYLINDRICAL_SURFACE('',#5339,10.);
#5339 = AXIS2_PLACEMENT_3D('',#5340,#5341,#5342);
#5340 = CARTESIAN_POINT('',(120.,30.1,20.));
#5341 = DIRECTION('',(1.203775755766E-15,0.,-1.));
#5342 = DIRECTION('',(0.,1.,0.));
#5343 = ADVANCED_FACE('',(#5344),#5371,.T.);
#5344 = FACE_BOUND('',#5345,.T.);
#5345 = EDGE_LOOP('',(#5346,#5347,#5348,#5356,#5364,#5370));
#5346 = ORIENTED_EDGE('',*,*,#5021,.T.);
#5347 = ORIENTED_EDGE('',*,*,#5333,.T.);
#5348 = ORIENTED_EDGE('',*,*,#5349,.F.);
#5349 = EDGE_CURVE('',#5350,#5325,#5352,.T.);
#5350 = VERTEX_POINT('',#5351);
#5351 = CARTESIAN_POINT('',(110.,40.1,-30.));
#5352 = LINE('',#5353,#5354);
#5353 = CARTESIAN_POINT('',(110.,40.1,-30.));
#5354 = VECTOR('',#5355,1.);
#5355 = DIRECTION('',(1.,0.,1.203775755766E-15));
#5356 = ORIENTED_EDGE('',*,*,#5357,.T.);
#5357 = EDGE_CURVE('',#5350,#5358,#5360,.T.);
#5358 = VERTEX_POINT('',#5359);
#5359 = CARTESIAN_POINT('',(110.,40.1,10.));
#5360 = LINE('',#5361,#5362);
#5361 = CARTESIAN_POINT('',(110.,40.1,1.56319401861E-13));
#5362 = VECTOR('',#5363,1.);
#5363 = DIRECTION('',(-1.33226762955E-15,0.,1.));
#5364 = ORIENTED_EDGE('',*,*,#5365,.T.);
#5365 = EDGE_CURVE('',#5358,#5298,#5366,.T.);
#5366 = LINE('',#5367,#5368);
#5367 = CARTESIAN_POINT('',(110.,40.1,10.));
#5368 = VECTOR('',#5369,1.);
#5369 = DIRECTION('',(-1.,0.,0.));
#5370 = ORIENTED_EDGE('',*,*,#5306,.T.);
#5371 = PLANE('',#5372);
#5372 = AXIS2_PLACEMENT_3D('',#5373,#5374,#5375);
#5373 = CARTESIAN_POINT('',(90.666666666667,40.1,5.666666666667));
#5374 = DIRECTION('',(0.,1.,0.));
#5375 = DIRECTION('',(0.,0.,1.));
#5376 = ADVANCED_FACE('',(#5377),#5396,.F.);
#5377 = FACE_BOUND('',#5378,.F.);
#5378 = EDGE_LOOP('',(#5379,#5387,#5394,#5395));
#5379 = ORIENTED_EDGE('',*,*,#5380,.T.);
#5380 = EDGE_CURVE('',#5056,#5381,#5383,.T.);
#5381 = VERTEX_POINT('',#5382);
#5382 = CARTESIAN_POINT('',(39.,30.1,1.668222298275E-15));
#5383 = LINE('',#5384,#5385);
#5384 = CARTESIAN_POINT('',(39.,30.1,20.));
#5385 = VECTOR('',#5386,1.);
#5386 = DIRECTION('',(1.044822378592E-15,0.,-1.));
#5387 = ORIENTED_EDGE('',*,*,#5388,.T.);
#5388 = EDGE_CURVE('',#5381,#5381,#5389,.T.);
#5389 = CIRCLE('',#5390,2.);
#5390 = AXIS2_PLACEMENT_3D('',#5391,#5392,#5393);
#5391 = CARTESIAN_POINT('',(37.,30.1,-4.214224589089E-16));
#5392 = DIRECTION('',(-1.044822378592E-15,0.,1.));
#5393 = DIRECTION('',(1.,0.,1.044822378592E-15));
#5394 = ORIENTED_EDGE('',*,*,#5380,.F.);
#5395 = ORIENTED_EDGE('',*,*,#5055,.F.);
#5396 = CYLINDRICAL_SURFACE('',#5397,2.);
#5397 = AXIS2_PLACEMENT_3D('',#5398,#5399,#5400);
#5398 = CARTESIAN_POINT('',(37.,30.1,20.));
#5399 = DIRECTION('',(-1.044822378592E-15,0.,1.));
#5400 = DIRECTION('',(1.,0.,1.044822378592E-15));
#5401 = ADVANCED_FACE('',(#5402,#5440,#5451,#5462,#5473),#5484,.T.);
#5402 = FACE_BOUND('',#5403,.T.);
#5403 = EDGE_LOOP('',(#5404,#5405,#5406,#5407,#5408,#5409,#5418,#5426,
    #5434));
#5404 = ORIENTED_EDGE('',*,*,#5081,.F.);
#5405 = ORIENTED_EDGE('',*,*,#5135,.T.);
#5406 = ORIENTED_EDGE('',*,*,#5219,.F.);
#5407 = ORIENTED_EDGE('',*,*,#5211,.T.);
#5408 = ORIENTED_EDGE('',*,*,#5203,.T.);
#5409 = ORIENTED_EDGE('',*,*,#5410,.T.);
#5410 = EDGE_CURVE('',#5196,#5411,#5413,.T.);
#5411 = VERTEX_POINT('',#5412);
#5412 = CARTESIAN_POINT('',(32.,-20.10024189084,10.));
#5413 = CIRCLE('',#5414,2.);
#5414 = AXIS2_PLACEMENT_3D('',#5415,#5416,#5417);
#5415 = CARTESIAN_POINT('',(32.,-22.10024189084,10.));
#5416 = DIRECTION('',(-0.,-0.,-1.));
#5417 = DIRECTION('',(0.,-1.,0.));
#5418 = ORIENTED_EDGE('',*,*,#5419,.F.);
#5419 = EDGE_CURVE('',#5420,#5411,#5422,.T.);
#5420 = VERTEX_POINT('',#5421);
#5421 = CARTESIAN_POINT('',(110.,-20.10024189084,10.));
#5422 = LINE('',#5423,#5424);
#5423 = CARTESIAN_POINT('',(110.,-20.10024189084,10.));
#5424 = VECTOR('',#5425,1.);
#5425 = DIRECTION('',(-1.,0.,0.));
#5426 = ORIENTED_EDGE('',*,*,#5427,.F.);
#5427 = EDGE_CURVE('',#5428,#5420,#5430,.T.);
#5428 = VERTEX_POINT('',#5429);
#5429 = CARTESIAN_POINT('',(60.,-20.10009070899,10.));
#5430 = LINE('',#5431,#5432);
#5431 = CARTESIAN_POINT('',(60.,-20.10009070899,10.));
#5432 = VECTOR('',#5433,1.);
#5433 = DIRECTION('',(0.999999999995,-3.023636973069E-06,0.));
#5434 = ORIENTED_EDGE('',*,*,#5435,.F.);
#5435 = EDGE_CURVE('',#5082,#5428,#5436,.T.);
#5436 = LINE('',#5437,#5438);
#5437 = CARTESIAN_POINT('',(60.,20.099909291002,10.));
#5438 = VECTOR('',#5439,1.);
#5439 = DIRECTION('',(0.,-1.,0.));
#5440 = FACE_BOUND('',#5441,.T.);
#5441 = EDGE_LOOP('',(#5442));
#5442 = ORIENTED_EDGE('',*,*,#5443,.F.);
#5443 = EDGE_CURVE('',#5444,#5444,#5446,.T.);
#5444 = VERTEX_POINT('',#5445);
#5445 = CARTESIAN_POINT('',(39.,-11.00024189084,10.));
#5446 = CIRCLE('',#5447,2.);
#5447 = AXIS2_PLACEMENT_3D('',#5448,#5449,#5450);
#5448 = CARTESIAN_POINT('',(37.,-11.00024189084,10.));
#5449 = DIRECTION('',(0.,0.,1.));
#5450 = DIRECTION('',(1.,0.,0.));
#5451 = FACE_BOUND('',#5452,.T.);
#5452 = EDGE_LOOP('',(#5453));
#5453 = ORIENTED_EDGE('',*,*,#5454,.F.);
#5454 = EDGE_CURVE('',#5455,#5455,#5457,.T.);
#5455 = VERTEX_POINT('',#5456);
#5456 = CARTESIAN_POINT('',(55.,-11.00024189084,10.));
#5457 = CIRCLE('',#5458,2.);
#5458 = AXIS2_PLACEMENT_3D('',#5459,#5460,#5461);
#5459 = CARTESIAN_POINT('',(53.,-11.00024189084,10.));
#5460 = DIRECTION('',(0.,0.,1.));
#5461 = DIRECTION('',(1.,0.,0.));
#5462 = FACE_BOUND('',#5463,.T.);
#5463 = EDGE_LOOP('',(#5464));
#5464 = ORIENTED_EDGE('',*,*,#5465,.F.);
#5465 = EDGE_CURVE('',#5466,#5466,#5468,.T.);
#5466 = VERTEX_POINT('',#5467);
#5467 = CARTESIAN_POINT('',(39.,10.999758109525,10.));
#5468 = CIRCLE('',#5469,2.);
#5469 = AXIS2_PLACEMENT_3D('',#5470,#5471,#5472);
#5470 = CARTESIAN_POINT('',(37.,10.999758109525,10.));
#5471 = DIRECTION('',(0.,0.,1.));
#5472 = DIRECTION('',(1.,0.,0.));
#5473 = FACE_BOUND('',#5474,.T.);
#5474 = EDGE_LOOP('',(#5475));
#5475 = ORIENTED_EDGE('',*,*,#5476,.F.);
#5476 = EDGE_CURVE('',#5477,#5477,#5479,.T.);
#5477 = VERTEX_POINT('',#5478);
#5478 = CARTESIAN_POINT('',(55.,10.999758109525,10.));
#5479 = CIRCLE('',#5480,2.);
#5480 = AXIS2_PLACEMENT_3D('',#5481,#5482,#5483);
#5481 = CARTESIAN_POINT('',(53.,10.999758109525,10.));
#5482 = DIRECTION('',(0.,0.,1.));
#5483 = DIRECTION('',(1.,0.,0.));
#5484 = PLANE('',#5485);
#5485 = AXIS2_PLACEMENT_3D('',#5486,#5487,#5488);
#5486 = CARTESIAN_POINT('',(68.786869647974,-1.172772690616E-04,10.));
#5487 = DIRECTION('',(0.,0.,1.));
#5488 = DIRECTION('',(1.,0.,0.));
#5489 = ADVANCED_FACE('',(#5490),#5503,.F.);
#5490 = FACE_BOUND('',#5491,.F.);
#5491 = EDGE_LOOP('',(#5492,#5493,#5494,#5495,#5501,#5502));
#5492 = ORIENTED_EDGE('',*,*,#5275,.F.);
#5493 = ORIENTED_EDGE('',*,*,#5324,.F.);
#5494 = ORIENTED_EDGE('',*,*,#5349,.F.);
#5495 = ORIENTED_EDGE('',*,*,#5496,.F.);
#5496 = EDGE_CURVE('',#5106,#5350,#5497,.T.);
#5497 = LINE('',#5498,#5499);
#5498 = CARTESIAN_POINT('',(110.,20.099758109525,-30.));
#5499 = VECTOR('',#5500,1.);
#5500 = DIRECTION('',(0.,1.,0.));
#5501 = ORIENTED_EDGE('',*,*,#5113,.F.);
#5502 = ORIENTED_EDGE('',*,*,#5162,.F.);
#5503 = PLANE('',#5504);
#5504 = AXIS2_PLACEMENT_3D('',#5505,#5506,#5507);
#5505 = CARTESIAN_POINT('',(120.,-9.040684307951E-05,-30.));
#5506 = DIRECTION('',(-1.203775755766E-15,0.,1.));
#5507 = DIRECTION('',(1.,0.,1.203775755766E-15));
#5508 = ADVANCED_FACE('',(#5509),#5526,.F.);
#5509 = FACE_BOUND('',#5510,.F.);
#5510 = EDGE_LOOP('',(#5511,#5519,#5520));
#5511 = ORIENTED_EDGE('',*,*,#5512,.T.);
#5512 = EDGE_CURVE('',#5513,#5082,#5515,.T.);
#5513 = VERTEX_POINT('',#5514);
#5514 = CARTESIAN_POINT('',(60.,20.099909291002,10.));
#5515 = LINE('',#5516,#5517);
#5516 = CARTESIAN_POINT('',(60.,20.099909291002,10.));
#5517 = VECTOR('',#5518,1.);
#5518 = DIRECTION('',(0.,-1.,0.));
#5519 = ORIENTED_EDGE('',*,*,#5089,.T.);
#5520 = ORIENTED_EDGE('',*,*,#5521,.T.);
#5521 = EDGE_CURVE('',#5090,#5513,#5522,.T.);
#5522 = LINE('',#5523,#5524);
#5523 = CARTESIAN_POINT('',(110.,20.099758109525,10.));
#5524 = VECTOR('',#5525,1.);
#5525 = DIRECTION('',(-0.999999999995,3.023629543918E-06,0.));
#5526 = PLANE('',#5527);
#5527 = AXIS2_PLACEMENT_3D('',#5528,#5529,#5530);
#5528 = CARTESIAN_POINT('',(70.,-4.813624147402E-05,10.));
#5529 = DIRECTION('',(0.,0.,1.));
#5530 = DIRECTION('',(1.,0.,0.));
#5531 = ADVANCED_FACE('',(#5532),#5559,.T.);
#5532 = FACE_BOUND('',#5533,.T.);
#5533 = EDGE_LOOP('',(#5534,#5535,#5543,#5551,#5557,#5558));
#5534 = ORIENTED_EDGE('',*,*,#5105,.F.);
#5535 = ORIENTED_EDGE('',*,*,#5536,.T.);
#5536 = EDGE_CURVE('',#5098,#5537,#5539,.T.);
#5537 = VERTEX_POINT('',#5538);
#5538 = CARTESIAN_POINT('',(110.,40.099758109525,0.));
#5539 = LINE('',#5540,#5541);
#5540 = CARTESIAN_POINT('',(110.,20.099758109525,7.957748144211E-14));
#5541 = VECTOR('',#5542,1.);
#5542 = DIRECTION('',(0.,1.,0.));
#5543 = ORIENTED_EDGE('',*,*,#5544,.T.);
#5544 = EDGE_CURVE('',#5537,#5545,#5547,.T.);
#5545 = VERTEX_POINT('',#5546);
#5546 = CARTESIAN_POINT('',(110.,40.099758109525,10.));
#5547 = LINE('',#5548,#5549);
#5548 = CARTESIAN_POINT('',(110.,40.099758109525,0.));
#5549 = VECTOR('',#5550,1.);
#5550 = DIRECTION('',(0.,0.,1.));
#5551 = ORIENTED_EDGE('',*,*,#5552,.T.);
#5552 = EDGE_CURVE('',#5545,#5358,#5553,.T.);
#5553 = LINE('',#5554,#5555);
#5554 = CARTESIAN_POINT('',(110.,20.099758109525,10.));
#5555 = VECTOR('',#5556,1.);
#5556 = DIRECTION('',(0.,1.,0.));
#5557 = ORIENTED_EDGE('',*,*,#5357,.F.);
#5558 = ORIENTED_EDGE('',*,*,#5496,.F.);
#5559 = PLANE('',#5560);
#5560 = AXIS2_PLACEMENT_3D('',#5561,#5562,#5563);
#5561 = CARTESIAN_POINT('',(110.,31.766539002276,-11.66665994751));
#5562 = DIRECTION('',(-1.,3.623351524765E-16,-1.090558750344E-15));
#5563 = DIRECTION('',(1.090558750344E-15,0.,-1.));
#5564 = ADVANCED_FACE('',(#5565),#5583,.T.);
#5565 = FACE_BOUND('',#5566,.T.);
#5566 = EDGE_LOOP('',(#5567,#5568,#5569,#5577));
#5567 = ORIENTED_EDGE('',*,*,#5097,.T.);
#5568 = ORIENTED_EDGE('',*,*,#5521,.T.);
#5569 = ORIENTED_EDGE('',*,*,#5570,.F.);
#5570 = EDGE_CURVE('',#5571,#5513,#5573,.T.);
#5571 = VERTEX_POINT('',#5572);
#5572 = CARTESIAN_POINT('',(60.,20.099909291002,0.));
#5573 = LINE('',#5574,#5575);
#5574 = CARTESIAN_POINT('',(60.,20.099909291002,0.));
#5575 = VECTOR('',#5576,1.);
#5576 = DIRECTION('',(0.,0.,1.));
#5577 = ORIENTED_EDGE('',*,*,#5578,.F.);
#5578 = EDGE_CURVE('',#5098,#5571,#5579,.T.);
#5579 = LINE('',#5580,#5581);
#5580 = CARTESIAN_POINT('',(110.,20.099758109525,0.));
#5581 = VECTOR('',#5582,1.);
#5582 = DIRECTION('',(-0.999999999995,3.023629543918E-06,0.));
#5583 = PLANE('',#5584);
#5584 = AXIS2_PLACEMENT_3D('',#5585,#5586,#5587);
#5585 = CARTESIAN_POINT('',(110.,20.099758109525,0.));
#5586 = DIRECTION('',(-3.023629543918E-06,-0.999999999995,0.));
#5587 = DIRECTION('',(-0.999999999995,3.023629543918E-06,0.));
#5588 = ADVANCED_FACE('',(#5589,#5666),#5677,.T.);
#5589 = FACE_BOUND('',#5590,.T.);
#5590 = EDGE_LOOP('',(#5591,#5601,#5608,#5609,#5618,#5626,#5634,#5642,
    #5651,#5659));
#5591 = ORIENTED_EDGE('',*,*,#5592,.F.);
#5592 = EDGE_CURVE('',#5593,#5595,#5597,.T.);
#5593 = VERTEX_POINT('',#5594);
#5594 = CARTESIAN_POINT('',(32.,-20.10024189084,20.));
#5595 = VERTEX_POINT('',#5596);
#5596 = CARTESIAN_POINT('',(125.,-20.10024189084,20.));
#5597 = LINE('',#5598,#5599);
#5598 = CARTESIAN_POINT('',(110.,-20.10024189084,20.));
#5599 = VECTOR('',#5600,1.);
#5600 = DIRECTION('',(1.,0.,1.33226762955E-15));
#5601 = ORIENTED_EDGE('',*,*,#5602,.F.);
#5602 = EDGE_CURVE('',#5186,#5593,#5603,.T.);
#5603 = CIRCLE('',#5604,2.);
#5604 = AXIS2_PLACEMENT_3D('',#5605,#5606,#5607);
#5605 = CARTESIAN_POINT('',(32.,-22.10024189084,20.));
#5606 = DIRECTION('',(-0.,-0.,-1.));
#5607 = DIRECTION('',(0.,-1.,0.));
#5608 = ORIENTED_EDGE('',*,*,#5185,.T.);
#5609 = ORIENTED_EDGE('',*,*,#5610,.T.);
#5610 = EDGE_CURVE('',#5188,#5611,#5613,.T.);
#5611 = VERTEX_POINT('',#5612);
#5612 = CARTESIAN_POINT('',(40.,-40.1,20.));
#5613 = CIRCLE('',#5614,10.);
#5614 = AXIS2_PLACEMENT_3D('',#5615,#5616,#5617);
#5615 = CARTESIAN_POINT('',(40.,-30.1,20.));
#5616 = DIRECTION('',(-0.,0.,1.));
#5617 = DIRECTION('',(0.,-1.,0.));
#5618 = ORIENTED_EDGE('',*,*,#5619,.T.);
#5619 = EDGE_CURVE('',#5611,#5620,#5622,.T.);
#5620 = VERTEX_POINT('',#5621);
#5621 = CARTESIAN_POINT('',(110.,-40.1,20.));
#5622 = LINE('',#5623,#5624);
#5623 = CARTESIAN_POINT('',(30.,-40.1,20.));
#5624 = VECTOR('',#5625,1.);
#5625 = DIRECTION('',(1.,0.,0.));
#5626 = ORIENTED_EDGE('',*,*,#5627,.T.);
#5627 = EDGE_CURVE('',#5620,#5628,#5630,.T.);
#5628 = VERTEX_POINT('',#5629);
#5629 = CARTESIAN_POINT('',(110.,-40.10024189084,20.));
#5630 = LINE('',#5631,#5632);
#5631 = CARTESIAN_POINT('',(110.,-20.10024189084,20.));
#5632 = VECTOR('',#5633,1.);
#5633 = DIRECTION('',(0.,-1.,0.));
#5634 = ORIENTED_EDGE('',*,*,#5635,.T.);
#5635 = EDGE_CURVE('',#5628,#5636,#5638,.T.);
#5636 = VERTEX_POINT('',#5637);
#5637 = CARTESIAN_POINT('',(120.,-40.10024189084,20.));
#5638 = LINE('',#5639,#5640);
#5639 = CARTESIAN_POINT('',(110.,-40.10024189084,20.));
#5640 = VECTOR('',#5641,1.);
#5641 = DIRECTION('',(1.,0.,1.33226762955E-15));
#5642 = ORIENTED_EDGE('',*,*,#5643,.T.);
#5643 = EDGE_CURVE('',#5636,#5644,#5646,.T.);
#5644 = VERTEX_POINT('',#5645);
#5645 = CARTESIAN_POINT('',(130.,-30.10024189084,20.));
#5646 = CIRCLE('',#5647,10.);
#5647 = AXIS2_PLACEMENT_3D('',#5648,#5649,#5650);
#5648 = CARTESIAN_POINT('',(120.,-30.10024189084,20.));
#5649 = DIRECTION('',(-1.33226762955E-15,0.,1.));
#5650 = DIRECTION('',(1.,0.,1.33226762955E-15));
#5651 = ORIENTED_EDGE('',*,*,#5652,.F.);
#5652 = EDGE_CURVE('',#5653,#5644,#5655,.T.);
#5653 = VERTEX_POINT('',#5654);
#5654 = CARTESIAN_POINT('',(130.,-25.10024189084,20.));
#5655 = LINE('',#5656,#5657);
#5656 = CARTESIAN_POINT('',(130.,-20.10024189084,20.));
#5657 = VECTOR('',#5658,1.);
#5658 = DIRECTION('',(0.,-1.,0.));
#5659 = ORIENTED_EDGE('',*,*,#5660,.T.);
#5660 = EDGE_CURVE('',#5653,#5595,#5661,.T.);
#5661 = CIRCLE('',#5662,5.);
#5662 = AXIS2_PLACEMENT_3D('',#5663,#5664,#5665);
#5663 = CARTESIAN_POINT('',(125.,-25.10024189084,20.));
#5664 = DIRECTION('',(-1.203775755766E-15,0.,1.));
#5665 = DIRECTION('',(1.,0.,1.203775755766E-15));
#5666 = FACE_BOUND('',#5667,.T.);
#5667 = EDGE_LOOP('',(#5668));
#5668 = ORIENTED_EDGE('',*,*,#5669,.F.);
#5669 = EDGE_CURVE('',#5670,#5670,#5672,.T.);
#5670 = VERTEX_POINT('',#5671);
#5671 = CARTESIAN_POINT('',(39.,-30.1,20.));
#5672 = CIRCLE('',#5673,2.);
#5673 = AXIS2_PLACEMENT_3D('',#5674,#5675,#5676);
#5674 = CARTESIAN_POINT('',(37.,-30.1,20.));
#5675 = DIRECTION('',(-1.044822378592E-15,0.,1.));
#5676 = DIRECTION('',(1.,0.,1.044822378592E-15));
#5677 = PLANE('',#5678);
#5678 = AXIS2_PLACEMENT_3D('',#5679,#5680,#5681);
#5679 = CARTESIAN_POINT('',(80.000080630282,-30.10016126056,20.));
#5680 = DIRECTION('',(-1.044822378592E-15,0.,1.));
#5681 = DIRECTION('',(1.,0.,1.044822378592E-15));
#5682 = ADVANCED_FACE('',(#5683),#5694,.T.);
#5683 = FACE_BOUND('',#5684,.F.);
#5684 = EDGE_LOOP('',(#5685,#5686,#5692,#5693));
#5685 = ORIENTED_EDGE('',*,*,#5410,.T.);
#5686 = ORIENTED_EDGE('',*,*,#5687,.T.);
#5687 = EDGE_CURVE('',#5411,#5593,#5688,.T.);
#5688 = LINE('',#5689,#5690);
#5689 = CARTESIAN_POINT('',(32.,-20.10024189084,10.));
#5690 = VECTOR('',#5691,1.);
#5691 = DIRECTION('',(0.,0.,1.));
#5692 = ORIENTED_EDGE('',*,*,#5602,.F.);
#5693 = ORIENTED_EDGE('',*,*,#5195,.F.);
#5694 = CYLINDRICAL_SURFACE('',#5695,2.);
#5695 = AXIS2_PLACEMENT_3D('',#5696,#5697,#5698);
#5696 = CARTESIAN_POINT('',(32.,-22.10024189084,10.));
#5697 = DIRECTION('',(0.,0.,1.));
#5698 = DIRECTION('',(-1.,0.,0.));
#5699 = ADVANCED_FACE('',(#5700),#5736,.T.);
#5700 = FACE_BOUND('',#5701,.T.);
#5701 = EDGE_LOOP('',(#5702,#5711,#5719,#5728,#5734,#5735));
#5702 = ORIENTED_EDGE('',*,*,#5703,.T.);
#5703 = EDGE_CURVE('',#5252,#5704,#5706,.T.);
#5704 = VERTEX_POINT('',#5705);
#5705 = CARTESIAN_POINT('',(30.000000000011,-30.10001512133,
    -5.329070518201E-15));
#5706 = CIRCLE('',#5707,10.);
#5707 = AXIS2_PLACEMENT_3D('',#5708,#5709,#5710);
#5708 = CARTESIAN_POINT('',(40.,-30.1,-5.329070518201E-15));
#5709 = DIRECTION('',(-0.,0.,1.));
#5710 = DIRECTION('',(0.,-1.,0.));
#5711 = ORIENTED_EDGE('',*,*,#5712,.T.);
#5712 = EDGE_CURVE('',#5704,#5713,#5715,.T.);
#5713 = VERTEX_POINT('',#5714);
#5714 = CARTESIAN_POINT('',(30.000000000011,-30.1000151205,10.));
#5715 = LINE('',#5716,#5717);
#5716 = CARTESIAN_POINT('',(30.000000000011,-30.1000151205,10.));
#5717 = VECTOR('',#5718,1.);
#5718 = DIRECTION('',(0.,0.,1.));
#5719 = ORIENTED_EDGE('',*,*,#5720,.T.);
#5720 = EDGE_CURVE('',#5713,#5721,#5723,.T.);
#5721 = VERTEX_POINT('',#5722);
#5722 = CARTESIAN_POINT('',(40.,-40.1,10.));
#5723 = CIRCLE('',#5724,10.);
#5724 = AXIS2_PLACEMENT_3D('',#5725,#5726,#5727);
#5725 = CARTESIAN_POINT('',(40.,-30.1,10.));
#5726 = DIRECTION('',(-0.,0.,1.));
#5727 = DIRECTION('',(0.,-1.,0.));
#5728 = ORIENTED_EDGE('',*,*,#5729,.T.);
#5729 = EDGE_CURVE('',#5721,#5611,#5730,.T.);
#5730 = LINE('',#5731,#5732);
#5731 = CARTESIAN_POINT('',(40.,-40.1,10.));
#5732 = VECTOR('',#5733,1.);
#5733 = DIRECTION('',(0.,0.,1.));
#5734 = ORIENTED_EDGE('',*,*,#5610,.F.);
#5735 = ORIENTED_EDGE('',*,*,#5259,.F.);
#5736 = CYLINDRICAL_SURFACE('',#5737,10.);
#5737 = AXIS2_PLACEMENT_3D('',#5738,#5739,#5740);
#5738 = CARTESIAN_POINT('',(40.,-30.1,10.));
#5739 = DIRECTION('',(0.,0.,1.));
#5740 = DIRECTION('',(-1.,0.,0.));
#5741 = ADVANCED_FACE('',(#5742,#5802,#5813,#5824,#5835,#5846,#5857),
  #5860,.T.);
#5742 = FACE_BOUND('',#5743,.T.);
#5743 = EDGE_LOOP('',(#5744,#5745,#5754,#5760,#5761,#5762,#5770,#5778,
    #5786,#5794,#5801));
#5744 = ORIENTED_EDGE('',*,*,#5251,.F.);
#5745 = ORIENTED_EDGE('',*,*,#5746,.T.);
#5746 = EDGE_CURVE('',#5244,#5747,#5749,.T.);
#5747 = VERTEX_POINT('',#5748);
#5748 = CARTESIAN_POINT('',(40.000030236309,40.099969763599,0.));
#5749 = CIRCLE('',#5750,10.);
#5750 = AXIS2_PLACEMENT_3D('',#5751,#5752,#5753);
#5751 = CARTESIAN_POINT('',(40.,30.099969763645,-4.686821461502E-15));
#5752 = DIRECTION('',(-0.,-0.,-1.));
#5753 = DIRECTION('',(0.,-1.,0.));
#5754 = ORIENTED_EDGE('',*,*,#5755,.T.);
#5755 = EDGE_CURVE('',#5747,#5537,#5756,.T.);
#5756 = LINE('',#5757,#5758);
#5757 = CARTESIAN_POINT('',(30.,40.1,0.));
#5758 = VECTOR('',#5759,1.);
#5759 = DIRECTION('',(0.999999999995,-3.023630936902E-06,0.));
#5760 = ORIENTED_EDGE('',*,*,#5536,.F.);
#5761 = ORIENTED_EDGE('',*,*,#5578,.T.);
#5762 = ORIENTED_EDGE('',*,*,#5763,.T.);
#5763 = EDGE_CURVE('',#5571,#5764,#5766,.T.);
#5764 = VERTEX_POINT('',#5765);
#5765 = CARTESIAN_POINT('',(60.,-20.10009070899,0.));
#5766 = LINE('',#5767,#5768);
#5767 = CARTESIAN_POINT('',(60.,20.099909291002,0.));
#5768 = VECTOR('',#5769,1.);
#5769 = DIRECTION('',(0.,-1.,0.));
#5770 = ORIENTED_EDGE('',*,*,#5771,.T.);
#5771 = EDGE_CURVE('',#5764,#5772,#5774,.T.);
#5772 = VERTEX_POINT('',#5773);
#5773 = CARTESIAN_POINT('',(110.,-20.10024189084,7.815970092617E-14));
#5774 = LINE('',#5775,#5776);
#5775 = CARTESIAN_POINT('',(60.,-20.10009070899,0.));
#5776 = VECTOR('',#5777,1.);
#5777 = DIRECTION('',(0.999999999995,-3.023636973069E-06,0.));
#5778 = ORIENTED_EDGE('',*,*,#5779,.F.);
#5779 = EDGE_CURVE('',#5780,#5772,#5782,.T.);
#5780 = VERTEX_POINT('',#5781);
#5781 = CARTESIAN_POINT('',(110.,-40.10024189084,7.815970092617E-14));
#5782 = LINE('',#5783,#5784);
#5783 = CARTESIAN_POINT('',(110.,-40.10024189084,7.957748144211E-14));
#5784 = VECTOR('',#5785,1.);
#5785 = DIRECTION('',(0.,1.,0.));
#5786 = ORIENTED_EDGE('',*,*,#5787,.F.);
#5787 = EDGE_CURVE('',#5788,#5780,#5790,.T.);
#5788 = VERTEX_POINT('',#5789);
#5789 = CARTESIAN_POINT('',(39.999969763644,-40.10003023626,0.));
#5790 = LINE('',#5791,#5792);
#5791 = CARTESIAN_POINT('',(30.,-40.1,0.));
#5792 = VECTOR('',#5793,1.);
#5793 = DIRECTION('',(0.999999999995,-3.023635580121E-06,0.));
#5794 = ORIENTED_EDGE('',*,*,#5795,.F.);
#5795 = EDGE_CURVE('',#5704,#5788,#5796,.T.);
#5796 = CIRCLE('',#5797,10.);
#5797 = AXIS2_PLACEMENT_3D('',#5798,#5799,#5800);
#5798 = CARTESIAN_POINT('',(40.,-30.10003023631,-4.686821461502E-15));
#5799 = DIRECTION('',(-0.,0.,1.));
#5800 = DIRECTION('',(0.,-1.,0.));
#5801 = ORIENTED_EDGE('',*,*,#5703,.F.);
#5802 = FACE_BOUND('',#5803,.T.);
#5803 = EDGE_LOOP('',(#5804));
#5804 = ORIENTED_EDGE('',*,*,#5805,.T.);
#5805 = EDGE_CURVE('',#5806,#5806,#5808,.T.);
#5806 = VERTEX_POINT('',#5807);
#5807 = CARTESIAN_POINT('',(55.,-11.00024189084,0.));
#5808 = CIRCLE('',#5809,2.);
#5809 = AXIS2_PLACEMENT_3D('',#5810,#5811,#5812);
#5810 = CARTESIAN_POINT('',(53.,-11.00024189084,0.));
#5811 = DIRECTION('',(0.,0.,1.));
#5812 = DIRECTION('',(1.,0.,0.));
#5813 = FACE_BOUND('',#5814,.T.);
#5814 = EDGE_LOOP('',(#5815));
#5815 = ORIENTED_EDGE('',*,*,#5816,.T.);
#5816 = EDGE_CURVE('',#5817,#5817,#5819,.T.);
#5817 = VERTEX_POINT('',#5818);
#5818 = CARTESIAN_POINT('',(39.,-30.1,1.668222298275E-15));
#5819 = CIRCLE('',#5820,2.);
#5820 = AXIS2_PLACEMENT_3D('',#5821,#5822,#5823);
#5821 = CARTESIAN_POINT('',(37.,-30.1,-4.214224589089E-16));
#5822 = DIRECTION('',(-1.044822378592E-15,0.,1.));
#5823 = DIRECTION('',(1.,0.,1.044822378592E-15));
#5824 = FACE_BOUND('',#5825,.T.);
#5825 = EDGE_LOOP('',(#5826));
#5826 = ORIENTED_EDGE('',*,*,#5827,.T.);
#5827 = EDGE_CURVE('',#5828,#5828,#5830,.T.);
#5828 = VERTEX_POINT('',#5829);
#5829 = CARTESIAN_POINT('',(39.,-11.00024189084,0.));
#5830 = CIRCLE('',#5831,2.);
#5831 = AXIS2_PLACEMENT_3D('',#5832,#5833,#5834);
#5832 = CARTESIAN_POINT('',(37.,-11.00024189084,0.));
#5833 = DIRECTION('',(0.,0.,1.));
#5834 = DIRECTION('',(1.,0.,0.));
#5835 = FACE_BOUND('',#5836,.T.);
#5836 = EDGE_LOOP('',(#5837));
#5837 = ORIENTED_EDGE('',*,*,#5838,.T.);
#5838 = EDGE_CURVE('',#5839,#5839,#5841,.T.);
#5839 = VERTEX_POINT('',#5840);
#5840 = CARTESIAN_POINT('',(55.,10.999758109525,0.));
#5841 = CIRCLE('',#5842,2.);
#5842 = AXIS2_PLACEMENT_3D('',#5843,#5844,#5845);
#5843 = CARTESIAN_POINT('',(53.,10.999758109525,0.));
#5844 = DIRECTION('',(0.,0.,1.));
#5845 = DIRECTION('',(1.,0.,0.));
#5846 = FACE_BOUND('',#5847,.T.);
#5847 = EDGE_LOOP('',(#5848));
#5848 = ORIENTED_EDGE('',*,*,#5849,.T.);
#5849 = EDGE_CURVE('',#5850,#5850,#5852,.T.);
#5850 = VERTEX_POINT('',#5851);
#5851 = CARTESIAN_POINT('',(39.,10.999758109525,0.));
#5852 = CIRCLE('',#5853,2.);
#5853 = AXIS2_PLACEMENT_3D('',#5854,#5855,#5856);
#5854 = CARTESIAN_POINT('',(37.,10.999758109525,0.));
#5855 = DIRECTION('',(0.,0.,1.));
#5856 = DIRECTION('',(1.,0.,0.));
#5857 = FACE_BOUND('',#5858,.T.);
#5858 = EDGE_LOOP('',(#5859));
#5859 = ORIENTED_EDGE('',*,*,#5388,.T.);
#5860 = PLANE('',#5861);
#5861 = AXIS2_PLACEMENT_3D('',#5862,#5863,#5864);
#5862 = CARTESIAN_POINT('',(78.573181537774,-8.876340277231E-05,
    4.174663929643E-14));
#5863 = DIRECTION('',(1.203775755766E-15,0.,-1.));
#5864 = DIRECTION('',(-1.,0.,-1.203775755766E-15));
#5865 = ADVANCED_FACE('',(#5866),#5885,.T.);
#5866 = FACE_BOUND('',#5867,.F.);
#5867 = EDGE_LOOP('',(#5868,#5869,#5877,#5884));
#5868 = ORIENTED_EDGE('',*,*,#5746,.T.);
#5869 = ORIENTED_EDGE('',*,*,#5870,.T.);
#5870 = EDGE_CURVE('',#5747,#5871,#5873,.T.);
#5871 = VERTEX_POINT('',#5872);
#5872 = CARTESIAN_POINT('',(40.000030236309,40.099969763599,10.));
#5873 = LINE('',#5874,#5875);
#5874 = CARTESIAN_POINT('',(40.000030236309,40.099969763599,0.));
#5875 = VECTOR('',#5876,1.);
#5876 = DIRECTION('',(0.,0.,1.));
#5877 = ORIENTED_EDGE('',*,*,#5878,.F.);
#5878 = EDGE_CURVE('',#5236,#5871,#5879,.T.);
#5879 = CIRCLE('',#5880,10.);
#5880 = AXIS2_PLACEMENT_3D('',#5881,#5882,#5883);
#5881 = CARTESIAN_POINT('',(40.,30.099969763645,10.));
#5882 = DIRECTION('',(-0.,-0.,-1.));
#5883 = DIRECTION('',(0.,-1.,0.));
#5884 = ORIENTED_EDGE('',*,*,#5243,.F.);
#5885 = CYLINDRICAL_SURFACE('',#5886,10.);
#5886 = AXIS2_PLACEMENT_3D('',#5887,#5888,#5889);
#5887 = CARTESIAN_POINT('',(40.,30.099969763645,0.));
#5888 = DIRECTION('',(0.,0.,1.));
#5889 = DIRECTION('',(-1.,0.,0.));
#5890 = ADVANCED_FACE('',(#5891),#5904,.F.);
#5891 = FACE_BOUND('',#5892,.F.);
#5892 = EDGE_LOOP('',(#5893,#5894,#5895,#5901,#5902,#5903));
#5893 = ORIENTED_EDGE('',*,*,#5235,.T.);
#5894 = ORIENTED_EDGE('',*,*,#5878,.T.);
#5895 = ORIENTED_EDGE('',*,*,#5896,.T.);
#5896 = EDGE_CURVE('',#5871,#5545,#5897,.T.);
#5897 = LINE('',#5898,#5899);
#5898 = CARTESIAN_POINT('',(30.,40.1,10.));
#5899 = VECTOR('',#5900,1.);
#5900 = DIRECTION('',(0.999999999995,-3.023630936902E-06,0.));
#5901 = ORIENTED_EDGE('',*,*,#5552,.T.);
#5902 = ORIENTED_EDGE('',*,*,#5365,.T.);
#5903 = ORIENTED_EDGE('',*,*,#5297,.F.);
#5904 = PLANE('',#5905);
#5905 = AXIS2_PLACEMENT_3D('',#5906,#5907,#5908);
#5906 = CARTESIAN_POINT('',(70.,-4.813624147402E-05,10.));
#5907 = DIRECTION('',(0.,0.,1.));
#5908 = DIRECTION('',(1.,0.,0.));
#5909 = ADVANCED_FACE('',(#5910),#5922,.T.);
#5910 = FACE_BOUND('',#5911,.T.);
#5911 = EDGE_LOOP('',(#5912,#5913,#5914,#5915,#5921));
#5912 = ORIENTED_EDGE('',*,*,#5570,.T.);
#5913 = ORIENTED_EDGE('',*,*,#5512,.T.);
#5914 = ORIENTED_EDGE('',*,*,#5435,.T.);
#5915 = ORIENTED_EDGE('',*,*,#5916,.F.);
#5916 = EDGE_CURVE('',#5764,#5428,#5917,.T.);
#5917 = LINE('',#5918,#5919);
#5918 = CARTESIAN_POINT('',(60.,-20.10009070899,0.));
#5919 = VECTOR('',#5920,1.);
#5920 = DIRECTION('',(0.,0.,1.));
#5921 = ORIENTED_EDGE('',*,*,#5763,.F.);
#5922 = PLANE('',#5923);
#5923 = AXIS2_PLACEMENT_3D('',#5924,#5925,#5926);
#5924 = CARTESIAN_POINT('',(60.,20.099909291002,0.));
#5925 = DIRECTION('',(1.,0.,0.));
#5926 = DIRECTION('',(0.,-1.,0.));
#5927 = ADVANCED_FACE('',(#5928),#5939,.T.);
#5928 = FACE_BOUND('',#5929,.T.);
#5929 = EDGE_LOOP('',(#5930,#5931,#5932,#5938));
#5930 = ORIENTED_EDGE('',*,*,#5916,.T.);
#5931 = ORIENTED_EDGE('',*,*,#5427,.T.);
#5932 = ORIENTED_EDGE('',*,*,#5933,.F.);
#5933 = EDGE_CURVE('',#5772,#5420,#5934,.T.);
#5934 = LINE('',#5935,#5936);
#5935 = CARTESIAN_POINT('',(110.,-20.10024189084,0.));
#5936 = VECTOR('',#5937,1.);
#5937 = DIRECTION('',(0.,0.,1.));
#5938 = ORIENTED_EDGE('',*,*,#5771,.F.);
#5939 = PLANE('',#5940);
#5940 = AXIS2_PLACEMENT_3D('',#5941,#5942,#5943);
#5941 = CARTESIAN_POINT('',(60.,-20.10009070899,0.));
#5942 = DIRECTION('',(3.023636973069E-06,0.999999999995,0.));
#5943 = DIRECTION('',(0.999999999995,-3.023636973069E-06,0.));
#5944 = ADVANCED_FACE('',(#5945),#5973,.T.);
#5945 = FACE_BOUND('',#5946,.T.);
#5946 = EDGE_LOOP('',(#5947,#5948,#5956,#5964,#5970,#5971,#5972));
#5947 = ORIENTED_EDGE('',*,*,#5592,.T.);
#5948 = ORIENTED_EDGE('',*,*,#5949,.T.);
#5949 = EDGE_CURVE('',#5595,#5950,#5952,.T.);
#5950 = VERTEX_POINT('',#5951);
#5951 = CARTESIAN_POINT('',(125.,-20.10024189084,-30.));
#5952 = LINE('',#5953,#5954);
#5953 = CARTESIAN_POINT('',(125.,-20.10024189084,20.));
#5954 = VECTOR('',#5955,1.);
#5955 = DIRECTION('',(1.203775755766E-15,0.,-1.));
#5956 = ORIENTED_EDGE('',*,*,#5957,.F.);
#5957 = EDGE_CURVE('',#5958,#5950,#5960,.T.);
#5958 = VERTEX_POINT('',#5959);
#5959 = CARTESIAN_POINT('',(110.,-20.10024189084,-30.));
#5960 = LINE('',#5961,#5962);
#5961 = CARTESIAN_POINT('',(110.,-20.10024189084,-30.));
#5962 = VECTOR('',#5963,1.);
#5963 = DIRECTION('',(1.,0.,1.203775755766E-15));
#5964 = ORIENTED_EDGE('',*,*,#5965,.F.);
#5965 = EDGE_CURVE('',#5772,#5958,#5966,.T.);
#5966 = LINE('',#5967,#5968);
#5967 = CARTESIAN_POINT('',(110.,-20.10024189084,7.957748144211E-14));
#5968 = VECTOR('',#5969,1.);
#5969 = DIRECTION('',(1.203775755766E-15,0.,-1.));
#5970 = ORIENTED_EDGE('',*,*,#5933,.T.);
#5971 = ORIENTED_EDGE('',*,*,#5419,.T.);
#5972 = ORIENTED_EDGE('',*,*,#5687,.T.);
#5973 = PLANE('',#5974);
#5974 = AXIS2_PLACEMENT_3D('',#5975,#5976,#5977);
#5975 = CARTESIAN_POINT('',(90.666666666667,-20.10024189084,
    5.666666666667));
#5976 = DIRECTION('',(0.,1.,0.));
#5977 = DIRECTION('',(0.,0.,1.));
#5978 = ADVANCED_FACE('',(#5979),#5990,.F.);
#5979 = FACE_BOUND('',#5980,.F.);
#5980 = EDGE_LOOP('',(#5981,#5987,#5988,#5989));
#5981 = ORIENTED_EDGE('',*,*,#5982,.T.);
#5982 = EDGE_CURVE('',#5444,#5828,#5983,.T.);
#5983 = LINE('',#5984,#5985);
#5984 = CARTESIAN_POINT('',(39.,-11.00024189084,10.));
#5985 = VECTOR('',#5986,1.);
#5986 = DIRECTION('',(-0.,-0.,-1.));
#5987 = ORIENTED_EDGE('',*,*,#5827,.T.);
#5988 = ORIENTED_EDGE('',*,*,#5982,.F.);
#5989 = ORIENTED_EDGE('',*,*,#5443,.F.);
#5990 = CYLINDRICAL_SURFACE('',#5991,2.);
#5991 = AXIS2_PLACEMENT_3D('',#5992,#5993,#5994);
#5992 = CARTESIAN_POINT('',(37.,-11.00024189084,10.));
#5993 = DIRECTION('',(0.,0.,1.));
#5994 = DIRECTION('',(1.,0.,0.));
#5995 = ADVANCED_FACE('',(#5996),#6007,.F.);
#5996 = FACE_BOUND('',#5997,.F.);
#5997 = EDGE_LOOP('',(#5998,#6004,#6005,#6006));
#5998 = ORIENTED_EDGE('',*,*,#5999,.T.);
#5999 = EDGE_CURVE('',#5455,#5806,#6000,.T.);
#6000 = LINE('',#6001,#6002);
#6001 = CARTESIAN_POINT('',(55.,-11.00024189084,10.));
#6002 = VECTOR('',#6003,1.);
#6003 = DIRECTION('',(-0.,-0.,-1.));
#6004 = ORIENTED_EDGE('',*,*,#5805,.T.);
#6005 = ORIENTED_EDGE('',*,*,#5999,.F.);
#6006 = ORIENTED_EDGE('',*,*,#5454,.F.);
#6007 = CYLINDRICAL_SURFACE('',#6008,2.);
#6008 = AXIS2_PLACEMENT_3D('',#6009,#6010,#6011);
#6009 = CARTESIAN_POINT('',(53.,-11.00024189084,10.));
#6010 = DIRECTION('',(0.,0.,1.));
#6011 = DIRECTION('',(1.,0.,0.));
#6012 = ADVANCED_FACE('',(#6013),#6024,.F.);
#6013 = FACE_BOUND('',#6014,.F.);
#6014 = EDGE_LOOP('',(#6015,#6021,#6022,#6023));
#6015 = ORIENTED_EDGE('',*,*,#6016,.T.);
#6016 = EDGE_CURVE('',#5466,#5850,#6017,.T.);
#6017 = LINE('',#6018,#6019);
#6018 = CARTESIAN_POINT('',(39.,10.999758109525,10.));
#6019 = VECTOR('',#6020,1.);
#6020 = DIRECTION('',(-0.,-0.,-1.));
#6021 = ORIENTED_EDGE('',*,*,#5849,.T.);
#6022 = ORIENTED_EDGE('',*,*,#6016,.F.);
#6023 = ORIENTED_EDGE('',*,*,#5465,.F.);
#6024 = CYLINDRICAL_SURFACE('',#6025,2.);
#6025 = AXIS2_PLACEMENT_3D('',#6026,#6027,#6028);
#6026 = CARTESIAN_POINT('',(37.,10.999758109525,10.));
#6027 = DIRECTION('',(0.,0.,1.));
#6028 = DIRECTION('',(1.,0.,0.));
#6029 = ADVANCED_FACE('',(#6030),#6041,.F.);
#6030 = FACE_BOUND('',#6031,.F.);
#6031 = EDGE_LOOP('',(#6032,#6038,#6039,#6040));
#6032 = ORIENTED_EDGE('',*,*,#6033,.T.);
#6033 = EDGE_CURVE('',#5477,#5839,#6034,.T.);
#6034 = LINE('',#6035,#6036);
#6035 = CARTESIAN_POINT('',(55.,10.999758109525,10.));
#6036 = VECTOR('',#6037,1.);
#6037 = DIRECTION('',(-0.,-0.,-1.));
#6038 = ORIENTED_EDGE('',*,*,#5838,.T.);
#6039 = ORIENTED_EDGE('',*,*,#6033,.F.);
#6040 = ORIENTED_EDGE('',*,*,#5476,.F.);
#6041 = CYLINDRICAL_SURFACE('',#6042,2.);
#6042 = AXIS2_PLACEMENT_3D('',#6043,#6044,#6045);
#6043 = CARTESIAN_POINT('',(53.,10.999758109525,10.));
#6044 = DIRECTION('',(0.,0.,1.));
#6045 = DIRECTION('',(1.,0.,0.));
#6046 = ADVANCED_FACE('',(#6047),#6053,.T.);
#6047 = FACE_BOUND('',#6048,.T.);
#6048 = EDGE_LOOP('',(#6049,#6050,#6051,#6052));
#6049 = ORIENTED_EDGE('',*,*,#5755,.F.);
#6050 = ORIENTED_EDGE('',*,*,#5870,.T.);
#6051 = ORIENTED_EDGE('',*,*,#5896,.T.);
#6052 = ORIENTED_EDGE('',*,*,#5544,.F.);
#6053 = PLANE('',#6054);
#6054 = AXIS2_PLACEMENT_3D('',#6055,#6056,#6057);
#6055 = CARTESIAN_POINT('',(30.,40.1,0.));
#6056 = DIRECTION('',(3.023630936902E-06,0.999999999995,0.));
#6057 = DIRECTION('',(0.999999999995,-3.023630936902E-06,0.));
#6058 = ADVANCED_FACE('',(#6059),#6078,.T.);
#6059 = FACE_BOUND('',#6060,.F.);
#6060 = EDGE_LOOP('',(#6061,#6062,#6063,#6072));
#6061 = ORIENTED_EDGE('',*,*,#5660,.T.);
#6062 = ORIENTED_EDGE('',*,*,#5949,.T.);
#6063 = ORIENTED_EDGE('',*,*,#6064,.F.);
#6064 = EDGE_CURVE('',#6065,#5950,#6067,.T.);
#6065 = VERTEX_POINT('',#6066);
#6066 = CARTESIAN_POINT('',(130.,-25.10024189084,-30.));
#6067 = CIRCLE('',#6068,5.);
#6068 = AXIS2_PLACEMENT_3D('',#6069,#6070,#6071);
#6069 = CARTESIAN_POINT('',(125.,-25.10024189084,-30.));
#6070 = DIRECTION('',(-1.203775755766E-15,0.,1.));
#6071 = DIRECTION('',(1.,0.,1.203775755766E-15));
#6072 = ORIENTED_EDGE('',*,*,#6073,.F.);
#6073 = EDGE_CURVE('',#5653,#6065,#6074,.T.);
#6074 = LINE('',#6075,#6076);
#6075 = CARTESIAN_POINT('',(130.,-25.10024189084,20.));
#6076 = VECTOR('',#6077,1.);
#6077 = DIRECTION('',(1.203775755766E-15,0.,-1.));
#6078 = CYLINDRICAL_SURFACE('',#6079,5.);
#6079 = AXIS2_PLACEMENT_3D('',#6080,#6081,#6082);
#6080 = CARTESIAN_POINT('',(125.,-25.10024189084,20.));
#6081 = DIRECTION('',(1.203775755766E-15,0.,-1.));
#6082 = DIRECTION('',(1.,0.,1.203775755766E-15));
#6083 = ADVANCED_FACE('',(#6084),#6102,.T.);
#6084 = FACE_BOUND('',#6085,.T.);
#6085 = EDGE_LOOP('',(#6086,#6087,#6095,#6101));
#6086 = ORIENTED_EDGE('',*,*,#5652,.T.);
#6087 = ORIENTED_EDGE('',*,*,#6088,.T.);
#6088 = EDGE_CURVE('',#5644,#6089,#6091,.T.);
#6089 = VERTEX_POINT('',#6090);
#6090 = CARTESIAN_POINT('',(130.,-30.10024189084,-30.));
#6091 = LINE('',#6092,#6093);
#6092 = CARTESIAN_POINT('',(130.,-30.10024189084,20.));
#6093 = VECTOR('',#6094,1.);
#6094 = DIRECTION('',(1.33226762955E-15,0.,-1.));
#6095 = ORIENTED_EDGE('',*,*,#6096,.F.);
#6096 = EDGE_CURVE('',#6065,#6089,#6097,.T.);
#6097 = LINE('',#6098,#6099);
#6098 = CARTESIAN_POINT('',(130.,-20.10024189084,-30.));
#6099 = VECTOR('',#6100,1.);
#6100 = DIRECTION('',(0.,-1.,0.));
#6101 = ORIENTED_EDGE('',*,*,#6073,.F.);
#6102 = PLANE('',#6103);
#6103 = AXIS2_PLACEMENT_3D('',#6104,#6105,#6106);
#6104 = CARTESIAN_POINT('',(130.,-30.10024189084,-5.));
#6105 = DIRECTION('',(1.,0.,5.684341886081E-16));
#6106 = DIRECTION('',(-5.684341886081E-16,0.,1.));
#6107 = ADVANCED_FACE('',(#6108),#6127,.T.);
#6108 = FACE_BOUND('',#6109,.F.);
#6109 = EDGE_LOOP('',(#6110,#6111,#6112,#6121));
#6110 = ORIENTED_EDGE('',*,*,#5643,.T.);
#6111 = ORIENTED_EDGE('',*,*,#6088,.T.);
#6112 = ORIENTED_EDGE('',*,*,#6113,.F.);
#6113 = EDGE_CURVE('',#6114,#6089,#6116,.T.);
#6114 = VERTEX_POINT('',#6115);
#6115 = CARTESIAN_POINT('',(120.,-40.10024189084,-30.));
#6116 = CIRCLE('',#6117,10.);
#6117 = AXIS2_PLACEMENT_3D('',#6118,#6119,#6120);
#6118 = CARTESIAN_POINT('',(120.,-30.10024189084,-30.));
#6119 = DIRECTION('',(-1.33226762955E-15,0.,1.));
#6120 = DIRECTION('',(1.,0.,1.33226762955E-15));
#6121 = ORIENTED_EDGE('',*,*,#6122,.F.);
#6122 = EDGE_CURVE('',#5636,#6114,#6123,.T.);
#6123 = LINE('',#6124,#6125);
#6124 = CARTESIAN_POINT('',(120.,-40.10024189084,20.));
#6125 = VECTOR('',#6126,1.);
#6126 = DIRECTION('',(1.33226762955E-15,0.,-1.));
#6127 = CYLINDRICAL_SURFACE('',#6128,10.);
#6128 = AXIS2_PLACEMENT_3D('',#6129,#6130,#6131);
#6129 = CARTESIAN_POINT('',(120.,-30.10024189084,20.));
#6130 = DIRECTION('',(1.33226762955E-15,0.,-1.));
#6131 = DIRECTION('',(0.,-1.,0.));
#6132 = ADVANCED_FACE('',(#6133),#6151,.F.);
#6133 = FACE_BOUND('',#6134,.F.);
#6134 = EDGE_LOOP('',(#6135,#6143,#6144,#6145));
#6135 = ORIENTED_EDGE('',*,*,#6136,.F.);
#6136 = EDGE_CURVE('',#5721,#6137,#6139,.T.);
#6137 = VERTEX_POINT('',#6138);
#6138 = CARTESIAN_POINT('',(110.,-40.1,10.));
#6139 = LINE('',#6140,#6141);
#6140 = CARTESIAN_POINT('',(30.,-40.1,10.));
#6141 = VECTOR('',#6142,1.);
#6142 = DIRECTION('',(1.,0.,0.));
#6143 = ORIENTED_EDGE('',*,*,#5729,.T.);
#6144 = ORIENTED_EDGE('',*,*,#5619,.T.);
#6145 = ORIENTED_EDGE('',*,*,#6146,.F.);
#6146 = EDGE_CURVE('',#6137,#5620,#6147,.T.);
#6147 = LINE('',#6148,#6149);
#6148 = CARTESIAN_POINT('',(110.,-40.1,10.));
#6149 = VECTOR('',#6150,1.);
#6150 = DIRECTION('',(0.,0.,1.));
#6151 = PLANE('',#6152);
#6152 = AXIS2_PLACEMENT_3D('',#6153,#6154,#6155);
#6153 = CARTESIAN_POINT('',(30.,-40.1,10.));
#6154 = DIRECTION('',(0.,1.,0.));
#6155 = DIRECTION('',(1.,0.,0.));
#6156 = ADVANCED_FACE('',(#6157),#6189,.T.);
#6157 = FACE_BOUND('',#6158,.T.);
#6158 = EDGE_LOOP('',(#6159,#6160,#6168,#6174,#6182,#6188));
#6159 = ORIENTED_EDGE('',*,*,#5635,.F.);
#6160 = ORIENTED_EDGE('',*,*,#6161,.T.);
#6161 = EDGE_CURVE('',#5628,#6162,#6164,.T.);
#6162 = VERTEX_POINT('',#6163);
#6163 = CARTESIAN_POINT('',(110.,-40.10024189084,10.));
#6164 = LINE('',#6165,#6166);
#6165 = CARTESIAN_POINT('',(110.,-40.10024189084,20.));
#6166 = VECTOR('',#6167,1.);
#6167 = DIRECTION('',(1.33226762955E-15,0.,-1.));
#6168 = ORIENTED_EDGE('',*,*,#6169,.F.);
#6169 = EDGE_CURVE('',#5780,#6162,#6170,.T.);
#6170 = LINE('',#6171,#6172);
#6171 = CARTESIAN_POINT('',(110.,-40.10024189084,0.));
#6172 = VECTOR('',#6173,1.);
#6173 = DIRECTION('',(0.,0.,1.));
#6174 = ORIENTED_EDGE('',*,*,#6175,.T.);
#6175 = EDGE_CURVE('',#5780,#6176,#6178,.T.);
#6176 = VERTEX_POINT('',#6177);
#6177 = CARTESIAN_POINT('',(110.,-40.10024189084,-30.));
#6178 = LINE('',#6179,#6180);
#6179 = CARTESIAN_POINT('',(110.,-40.10024189084,7.957748144211E-14));
#6180 = VECTOR('',#6181,1.);
#6181 = DIRECTION('',(1.203775755766E-15,0.,-1.));
#6182 = ORIENTED_EDGE('',*,*,#6183,.F.);
#6183 = EDGE_CURVE('',#6114,#6176,#6184,.T.);
#6184 = LINE('',#6185,#6186);
#6185 = CARTESIAN_POINT('',(130.,-40.10024189084,-30.));
#6186 = VECTOR('',#6187,1.);
#6187 = DIRECTION('',(-1.,0.,-1.203775755766E-15));
#6188 = ORIENTED_EDGE('',*,*,#6122,.F.);
#6189 = PLANE('',#6190);
#6190 = AXIS2_PLACEMENT_3D('',#6191,#6192,#6193);
#6191 = CARTESIAN_POINT('',(120.,-40.10024189084,-5.));
#6192 = DIRECTION('',(-0.,-1.,-0.));
#6193 = DIRECTION('',(0.,0.,-1.));
#6194 = ADVANCED_FACE('',(#6195),#6206,.F.);
#6195 = FACE_BOUND('',#6196,.F.);
#6196 = EDGE_LOOP('',(#6197,#6198,#6199,#6200));
#6197 = ORIENTED_EDGE('',*,*,#6146,.T.);
#6198 = ORIENTED_EDGE('',*,*,#5627,.T.);
#6199 = ORIENTED_EDGE('',*,*,#6161,.T.);
#6200 = ORIENTED_EDGE('',*,*,#6201,.F.);
#6201 = EDGE_CURVE('',#6137,#6162,#6202,.T.);
#6202 = LINE('',#6203,#6204);
#6203 = CARTESIAN_POINT('',(110.,-20.10024189084,10.));
#6204 = VECTOR('',#6205,1.);
#6205 = DIRECTION('',(0.,-1.,0.));
#6206 = PLANE('',#6207);
#6207 = AXIS2_PLACEMENT_3D('',#6208,#6209,#6210);
#6208 = CARTESIAN_POINT('',(110.,-9.040684308129E-05,10.));
#6209 = DIRECTION('',(1.,0.,1.42108547152E-15));
#6210 = DIRECTION('',(-1.42108547152E-15,0.,1.));
#6211 = ADVANCED_FACE('',(#6212),#6223,.F.);
#6212 = FACE_BOUND('',#6213,.F.);
#6213 = EDGE_LOOP('',(#6214,#6220,#6221,#6222));
#6214 = ORIENTED_EDGE('',*,*,#6215,.T.);
#6215 = EDGE_CURVE('',#5670,#5817,#6216,.T.);
#6216 = LINE('',#6217,#6218);
#6217 = CARTESIAN_POINT('',(39.,-30.1,20.));
#6218 = VECTOR('',#6219,1.);
#6219 = DIRECTION('',(1.044822378592E-15,0.,-1.));
#6220 = ORIENTED_EDGE('',*,*,#5816,.T.);
#6221 = ORIENTED_EDGE('',*,*,#6215,.F.);
#6222 = ORIENTED_EDGE('',*,*,#5669,.F.);
#6223 = CYLINDRICAL_SURFACE('',#6224,2.);
#6224 = AXIS2_PLACEMENT_3D('',#6225,#6226,#6227);
#6225 = CARTESIAN_POINT('',(37.,-30.1,20.));
#6226 = DIRECTION('',(-1.044822378592E-15,0.,1.));
#6227 = DIRECTION('',(1.,0.,1.044822378592E-15));
#6228 = ADVANCED_FACE('',(#6229),#6248,.T.);
#6229 = FACE_BOUND('',#6230,.T.);
#6230 = EDGE_LOOP('',(#6231,#6232,#6240,#6247));
#6231 = ORIENTED_EDGE('',*,*,#5795,.T.);
#6232 = ORIENTED_EDGE('',*,*,#6233,.T.);
#6233 = EDGE_CURVE('',#5788,#6234,#6236,.T.);
#6234 = VERTEX_POINT('',#6235);
#6235 = CARTESIAN_POINT('',(39.999969763644,-40.10003023626,10.));
#6236 = LINE('',#6237,#6238);
#6237 = CARTESIAN_POINT('',(39.999969763644,-40.10003023626,0.));
#6238 = VECTOR('',#6239,1.);
#6239 = DIRECTION('',(0.,0.,1.));
#6240 = ORIENTED_EDGE('',*,*,#6241,.F.);
#6241 = EDGE_CURVE('',#5713,#6234,#6242,.T.);
#6242 = CIRCLE('',#6243,10.);
#6243 = AXIS2_PLACEMENT_3D('',#6244,#6245,#6246);
#6244 = CARTESIAN_POINT('',(40.,-30.10003023631,10.));
#6245 = DIRECTION('',(-0.,0.,1.));
#6246 = DIRECTION('',(0.,-1.,0.));
#6247 = ORIENTED_EDGE('',*,*,#5712,.F.);
#6248 = CYLINDRICAL_SURFACE('',#6249,10.);
#6249 = AXIS2_PLACEMENT_3D('',#6250,#6251,#6252);
#6250 = CARTESIAN_POINT('',(40.,-30.10003023631,0.));
#6251 = DIRECTION('',(0.,0.,1.));
#6252 = DIRECTION('',(-1.,0.,0.));
#6253 = ADVANCED_FACE('',(#6254),#6266,.T.);
#6254 = FACE_BOUND('',#6255,.T.);
#6255 = EDGE_LOOP('',(#6256,#6257,#6263,#6264,#6265));
#6256 = ORIENTED_EDGE('',*,*,#6241,.T.);
#6257 = ORIENTED_EDGE('',*,*,#6258,.T.);
#6258 = EDGE_CURVE('',#6234,#6162,#6259,.T.);
#6259 = LINE('',#6260,#6261);
#6260 = CARTESIAN_POINT('',(30.,-40.1,10.));
#6261 = VECTOR('',#6262,1.);
#6262 = DIRECTION('',(0.999999999995,-3.023635580121E-06,0.));
#6263 = ORIENTED_EDGE('',*,*,#6201,.F.);
#6264 = ORIENTED_EDGE('',*,*,#6136,.F.);
#6265 = ORIENTED_EDGE('',*,*,#5720,.F.);
#6266 = PLANE('',#6267);
#6267 = AXIS2_PLACEMENT_3D('',#6268,#6269,#6270);
#6268 = CARTESIAN_POINT('',(68.786869647974,-1.172772690616E-04,10.));
#6269 = DIRECTION('',(0.,0.,1.));
#6270 = DIRECTION('',(1.,0.,0.));
#6271 = ADVANCED_FACE('',(#6272),#6278,.F.);
#6272 = FACE_BOUND('',#6273,.F.);
#6273 = EDGE_LOOP('',(#6274,#6275,#6276,#6277));
#6274 = ORIENTED_EDGE('',*,*,#5787,.F.);
#6275 = ORIENTED_EDGE('',*,*,#6233,.T.);
#6276 = ORIENTED_EDGE('',*,*,#6258,.T.);
#6277 = ORIENTED_EDGE('',*,*,#6169,.F.);
#6278 = PLANE('',#6279);
#6279 = AXIS2_PLACEMENT_3D('',#6280,#6281,#6282);
#6280 = CARTESIAN_POINT('',(30.,-40.1,0.));
#6281 = DIRECTION('',(3.023635580121E-06,0.999999999995,0.));
#6282 = DIRECTION('',(0.999999999995,-3.023635580121E-06,0.));
#6283 = ADVANCED_FACE('',(#6284),#6295,.F.);
#6284 = FACE_BOUND('',#6285,.F.);
#6285 = EDGE_LOOP('',(#6286,#6287,#6293,#6294));
#6286 = ORIENTED_EDGE('',*,*,#6175,.T.);
#6287 = ORIENTED_EDGE('',*,*,#6288,.T.);
#6288 = EDGE_CURVE('',#6176,#5958,#6289,.T.);
#6289 = LINE('',#6290,#6291);
#6290 = CARTESIAN_POINT('',(110.,-40.10024189084,-30.));
#6291 = VECTOR('',#6292,1.);
#6292 = DIRECTION('',(0.,1.,0.));
#6293 = ORIENTED_EDGE('',*,*,#5965,.F.);
#6294 = ORIENTED_EDGE('',*,*,#5779,.F.);
#6295 = PLANE('',#6296);
#6296 = AXIS2_PLACEMENT_3D('',#6297,#6298,#6299);
#6297 = CARTESIAN_POINT('',(110.,-40.10024189084,7.957748144211E-14));
#6298 = DIRECTION('',(1.,0.,1.203775755766E-15));
#6299 = DIRECTION('',(0.,1.,0.));
#6300 = ADVANCED_FACE('',(#6301),#6309,.F.);
#6301 = FACE_BOUND('',#6302,.F.);
#6302 = EDGE_LOOP('',(#6303,#6304,#6305,#6306,#6307,#6308));
#6303 = ORIENTED_EDGE('',*,*,#6096,.F.);
#6304 = ORIENTED_EDGE('',*,*,#6064,.T.);
#6305 = ORIENTED_EDGE('',*,*,#5957,.F.);
#6306 = ORIENTED_EDGE('',*,*,#6288,.F.);
#6307 = ORIENTED_EDGE('',*,*,#6183,.F.);
#6308 = ORIENTED_EDGE('',*,*,#6113,.T.);
#6309 = PLANE('',#6310);
#6310 = AXIS2_PLACEMENT_3D('',#6311,#6312,#6313);
#6311 = CARTESIAN_POINT('',(120.,-9.040684307951E-05,-30.));
#6312 = DIRECTION('',(-1.203775755766E-15,0.,1.));
#6313 = DIRECTION('',(1.,0.,1.203775755766E-15));
#6314 = ( GEOMETRIC_REPRESENTATION_CONTEXT(3) 
GLOBAL_UNCERTAINTY_ASSIGNED_CONTEXT((#6318)) 
GLOBAL_UNIT_ASSIGNED_CONTEXT((#6315,#6316,#6317)) REPRESENTATION_CONTEXT
('Context #1','3D Context with UNIT and UNCERTAINTY') );
#6315 = ( LENGTH_UNIT() NAMED_UNIT(*) SI_UNIT(.MILLI.,.METRE.) );
#6316 = ( NAMED_UNIT(*) PLANE_ANGLE_UNIT() SI_UNIT($,.RADIAN.) );
#6317 = ( NAMED_UNIT(*) SI_UNIT($,.STERADIAN.) SOLID_ANGLE_UNIT() );
#6318 = UNCERTAINTY_MEASURE_WITH_UNIT(LENGTH_MEASURE(5.E-06),#6315,
  'distance_accuracy_value','confusion accuracy');
#6319 = CONTEXT_DEPENDENT_SHAPE_REPRESENTATION(#6320,#6322);
#6320 = ( REPRESENTATION_RELATIONSHIP('','',#4978,#4955) 
REPRESENTATION_RELATIONSHIP_WITH_TRANSFORMATION(#6321) 
SHAPE_REPRESENTATION_RELATIONSHIP() );
#6321 = ITEM_DEFINED_TRANSFORMATION('','',#11,#4956);
#6322 = PRODUCT_DEFINITION_SHAPE('Placement','Placement of an item',
  #6323);
#6323 = NEXT_ASSEMBLY_USAGE_OCCURRENCE('11','Body004','',#4950,#4973,$);
#6324 = PRODUCT_RELATED_PRODUCT_CATEGORY('part',$,(#4975));
#6325 = MECHANICAL_DESIGN_GEOMETRIC_PRESENTATION_REPRESENTATION('',(
    #6326),#3560);
#6326 = STYLED_ITEM('color',(#6327),#2834);
#6327 = PRESENTATION_STYLE_ASSIGNMENT((#6328,#6334));
#6328 = SURFACE_STYLE_USAGE(.BOTH.,#6329);
#6329 = SURFACE_SIDE_STYLE('',(#6330));
#6330 = SURFACE_STYLE_FILL_AREA(#6331);
#6331 = FILL_AREA_STYLE('',(#6332));
#6332 = FILL_AREA_STYLE_COLOUR('',#6333);
#6333 = COLOUR_RGB('',0.447058818107,0.474509808674,0.501960817233);
#6334 = CURVE_STYLE('',#6335,POSITIVE_LENGTH_MEASURE(0.1),#6336);
#6335 = DRAUGHTING_PRE_DEFINED_CURVE_FONT('continuous');
#6336 = COLOUR_RGB('',9.803921802644E-02,9.803921802644E-02,
  9.803921802644E-02);
#6337 = MECHANICAL_DESIGN_GEOMETRIC_PRESENTATION_REPRESENTATION('',(
    #6338),#4937);
#6338 = STYLED_ITEM('color',(#6339),#3602);
#6339 = PRESENTATION_STYLE_ASSIGNMENT((#6340,#6345));
#6340 = SURFACE_STYLE_USAGE(.BOTH.,#6341);
#6341 = SURFACE_SIDE_STYLE('',(#6342));
#6342 = SURFACE_STYLE_FILL_AREA(#6343);
#6343 = FILL_AREA_STYLE('',(#6344));
#6344 = FILL_AREA_STYLE_COLOUR('',#6333);
#6345 = CURVE_STYLE('',#6346,POSITIVE_LENGTH_MEASURE(0.1),#6336);
#6346 = DRAUGHTING_PRE_DEFINED_CURVE_FONT('continuous');
#6347 = MECHANICAL_DESIGN_GEOMETRIC_PRESENTATION_REPRESENTATION('',(
    #6348),#2792);
#6348 = STYLED_ITEM('color',(#6349),#2066);
#6349 = PRESENTATION_STYLE_ASSIGNMENT((#6350,#6355));
#6350 = SURFACE_STYLE_USAGE(.BOTH.,#6351);
#6351 = SURFACE_SIDE_STYLE('',(#6352));
#6352 = SURFACE_STYLE_FILL_AREA(#6353);
#6353 = FILL_AREA_STYLE('',(#6354));
#6354 = FILL_AREA_STYLE_COLOUR('',#6333);
#6355 = CURVE_STYLE('',#6356,POSITIVE_LENGTH_MEASURE(0.1),#6336);
#6356 = DRAUGHTING_PRE_DEFINED_CURVE_FONT('continuous');
#6357 = MECHANICAL_DESIGN_GEOMETRIC_PRESENTATION_REPRESENTATION('',(
    #6358),#2024);
#6358 = STYLED_ITEM('color',(#6359),#424);
#6359 = PRESENTATION_STYLE_ASSIGNMENT((#6360,#6365));
#6360 = SURFACE_STYLE_USAGE(.BOTH.,#6361);
#6361 = SURFACE_SIDE_STYLE('',(#6362));
#6362 = SURFACE_STYLE_FILL_AREA(#6363);
#6363 = FILL_AREA_STYLE('',(#6364));
#6364 = FILL_AREA_STYLE_COLOUR('',#6333);
#6365 = CURVE_STYLE('',#6366,POSITIVE_LENGTH_MEASURE(0.1),#6336);
#6366 = DRAUGHTING_PRE_DEFINED_CURVE_FONT('continuous');
#6367 = MECHANICAL_DESIGN_GEOMETRIC_PRESENTATION_REPRESENTATION('',(
    #6368),#6314);
#6368 = STYLED_ITEM('color',(#6369),#4979);
#6369 = PRESENTATION_STYLE_ASSIGNMENT((#6370,#6375));
#6370 = SURFACE_STYLE_USAGE(.BOTH.,#6371);
#6371 = SURFACE_SIDE_STYLE('',(#6372));
#6372 = SURFACE_STYLE_FILL_AREA(#6373);
#6373 = FILL_AREA_STYLE('',(#6374));
#6374 = FILL_AREA_STYLE_COLOUR('',#6333);
#6375 = CURVE_STYLE('',#6376,POSITIVE_LENGTH_MEASURE(0.1),#6336);
#6376 = DRAUGHTING_PRE_DEFINED_CURVE_FONT('continuous');
#6377 = MECHANICAL_DESIGN_GEOMETRIC_PRESENTATION_REPRESENTATION('',(
    #6378),#382);
#6378 = STYLED_ITEM('color',(#6379),#76);
#6379 = PRESENTATION_STYLE_ASSIGNMENT((#6380,#6385));
#6380 = SURFACE_STYLE_USAGE(.BOTH.,#6381);
#6381 = SURFACE_SIDE_STYLE('',(#6382));
#6382 = SURFACE_STYLE_FILL_AREA(#6383);
#6383 = FILL_AREA_STYLE('',(#6384));
#6384 = FILL_AREA_STYLE_COLOUR('',#6333);
#6385 = CURVE_STYLE('',#6386,POSITIVE_LENGTH_MEASURE(0.1),#6336);
#6386 = DRAUGHTING_PRE_DEFINED_CURVE_FONT('continuous');
ENDSEC;
END-ISO-10303-21;
